mc	mn	quarterbeats	quarterbeats_all_endings	duration_qb	mc_onset	mn_onset	event	timesig	staff	voice	duration	gracenote	nominal_duration	scalar	chord_id	lyrics_1	dynamics	articulation	staff_text	tempo	qpm	metronome_base	metronome_number	tempo_visible	slur	decrescendo_hairpin	diminuendo_line	crescendo_hairpin
1	1	0	0	0.0	0	0	Tempo	4/4	1	1	0									Grave	45.0			1.0				
1	1	0	0	0.0	0	0	Tempo	4/4	1	1	0									ùÖü=78	78.0	ùÖü	78.0	0.0				
1	1	2	2	2.0	1/2	1/2	Chord	4/4	3	1	1/2		1/2	1	0													
1	1	0	0	3.0	0	0	Chord	4/4	3	2	3/4		1/2	3/2	1										0			
1	1	3	3	1.0	3/4	3/4	Chord	4/4	3	2	1/4		1/4	1	2										0			
1	1	0	0	0.0	0	0	Dynamic	4/4	4	1	0						p											
1	1	2	2	2.0	1/2	1/2	Chord	4/4	4	1	1/2		1/2	1	3										1			
1	1	0	0	0.5	0	0	Chord	4/4	4	2	1/8		1/8	1	4			articStaccatoBelow							2			
1	1	1/2	1/2	0.5	1/8	1/8	Chord	4/4	4	2	1/8		1/8	1	5			articStaccatoBelow							2			
1	1	1	1	0.5	1/4	1/4	Chord	4/4	4	2	1/8		1/8	1	6			articStaccatoBelow							2			
1	1	3/2	3/2	0.5	3/8	3/8	Chord	4/4	4	2	1/8		1/8	1	7			articStaccatoBelow							2			
1	1	2	2	0.5	1/2	1/2	Chord	4/4	4	2	1/8		1/8	1	8			articStaccatoBelow							2			
1	1	5/2	5/2	0.5	5/8	5/8	Chord	4/4	4	2	1/8		1/8	1	9			articStaccatoBelow							2			
1	1	3	3	0.5	3/4	3/4	Chord	4/4	4	2	1/8		1/8	1	10			articStaccatoBelow							2			
1	1	7/2	7/2	0.5	7/8	7/8	Chord	4/4	4	2	1/8		1/8	1	11			articStaccatoBelow										
2	2	4	4	1.0	0	0	Chord	4/4	3	1	1/4		1/4	1	12													
2	2	5	5	1.0	1/4	1/4	Chord	4/4	3	1	1/4		1/4	1	13													
2	2	6	6	2.0	1/2	1/2	Chord	4/4	3	1	1/2		1/2	1	14													
2	2	4	4	3.0	0	0	Chord	4/4	3	2	3/4		1/2	3/2	15										0			
2	2	7	7	1.0	3/4	3/4	Chord	4/4	3	2	1/4		1/4	1	16										0			
2	2	4	4	2.0	0	0	Chord	4/4	4	1	1/2		1/2	1	17										1			
2	2	6	6	2.0	1/2	1/2	Chord	4/4	4	1	1/2		1/2	1	18										1			
2	2	4	4	0.0	0	0	StaffText	4/4	4	2	0								simile									
2	2	4	4	0.5	0	0	Chord	4/4	4	2	1/8		1/8	1	19			articStaccatoBelow										
2	2	9/2	9/2	0.5	1/8	1/8	Chord	4/4	4	2	1/8		1/8	1	20			articStaccatoBelow										
2	2	5	5	0.5	1/4	1/4	Chord	4/4	4	2	1/8		1/8	1	21			articStaccatoBelow										
2	2	11/2	11/2	0.5	3/8	3/8	Chord	4/4	4	2	1/8		1/8	1	22			articStaccatoBelow										
2	2	6	6	0.5	1/2	1/2	Chord	4/4	4	2	1/8		1/8	1	23			articStaccatoBelow										
2	2	13/2	13/2	0.5	5/8	5/8	Chord	4/4	4	2	1/8		1/8	1	24			articStaccatoBelow										
2	2	7	7	0.5	3/4	3/4	Chord	4/4	4	2	1/8		1/8	1	25			articStaccatoBelow										
2	2	15/2	15/2	0.5	7/8	7/8	Chord	4/4	4	2	1/8		1/8	1	26			articStaccatoBelow										
3	3	8	8	1.0	0	0	Chord	4/4	3	1	1/4		1/4	1	27													
3	3	9	9	1.0	1/4	1/4	Chord	4/4	3	1	1/4		1/4	1	28													
3	3	10	10	2.0	1/2	1/2	Chord	4/4	3	1	1/2		1/2	1	29													
3	3	8	8	3.0	0	0	Chord	4/4	3	2	3/4		1/2	3/2	30										0			
3	3	11	11	1.0	3/4	3/4	Chord	4/4	3	2	1/4		1/4	1	31										0			
3	3	8	8	1.0	0	0	Chord	4/4	4	1	1/4		1/4	1	32										1			
3	3	9	9	1.0	1/4	1/4	Chord	4/4	4	1	1/4		1/4	1	33										1			
3	3	10	10	1.0	1/2	1/2	Chord	4/4	4	1	1/4		1/4	1	34										1			
3	3	11	11	1.0	3/4	3/4	Chord	4/4	4	1	1/4		1/4	1	35										1			
3	3	8	8	0.5	0	0	Chord	4/4	4	2	1/8		1/8	1	36			articStaccatoBelow										
3	3	17/2	17/2	0.5	1/8	1/8	Chord	4/4	4	2	1/8		1/8	1	37			articStaccatoBelow										
3	3	9	9	0.5	1/4	1/4	Chord	4/4	4	2	1/8		1/8	1	38			articStaccatoBelow										
3	3	19/2	19/2	0.5	3/8	3/8	Chord	4/4	4	2	1/8		1/8	1	39			articStaccatoBelow										
3	3	10	10	0.5	1/2	1/2	Chord	4/4	4	2	1/8		1/8	1	40			articStaccatoBelow										
3	3	21/2	21/2	0.5	5/8	5/8	Chord	4/4	4	2	1/8		1/8	1	41			articStaccatoBelow										
3	3	11	11	0.5	3/4	3/4	Chord	4/4	4	2	1/8		1/8	1	42			articStaccatoBelow										
3	3	23/2	23/2	0.5	7/8	7/8	Chord	4/4	4	2	1/8		1/8	1	43			articStaccatoBelow										
4	4	12	12	1.0	0	0	Chord	4/4	3	1	1/4		1/4	1	44													
4	4	13	13	0.5	1/4	1/4	Chord	4/4	3	1	1/8		1/8	1	45													
4	4	27/2	27/2	0.5	3/8	3/8	Chord	4/4	3	1	1/8		1/8	1	46													
4	4	14	14	1.0	1/2	1/2	Chord	4/4	3	1	1/4		1/4	1	47													
4	4	15	15	1.0	3/4	3/4	Chord	4/4	3	1	1/4		1/4	1	48													
4	4	12	12	2.0	0	0	Chord	4/4	3	2	1/2		1/2	1	49										0			
4	4	14	14	1.0	1/2	1/2	Chord	4/4	3	2	1/4		1/4	1	50										0			
4	4	15	15	0.5	3/4	3/4	Chord	4/4	3	2	1/8		1/8	1	51										0			
4	4	31/2	31/2	0.5	7/8	7/8	Chord	4/4	3	2	1/8		1/8	1	52										0			
4	4	12	12	1.5	0	0	Chord	4/4	4	1	3/8		1/4	3/2	53										1			
4	4	27/2	27/2	0.5	3/8	3/8	Chord	4/4	4	1	1/8		1/8	1	54										1			
4	4	14	14	1.0	1/2	1/2	Chord	4/4	4	1	1/4		1/4	1	55										1			
4	4	15	15	1.0	3/4	3/4	Chord	4/4	4	1	1/4		1/4	1	56										1			
4	4	12	12	0.5	0	0	Chord	4/4	4	2	1/8		1/8	1	57			articStaccatoBelow										
4	4	25/2	25/2	0.5	1/8	1/8	Chord	4/4	4	2	1/8		1/8	1	58			articStaccatoBelow										
4	4	13	13	0.5	1/4	1/4	Chord	4/4	4	2	1/8		1/8	1	59			articStaccatoBelow										
4	4	27/2	27/2	0.5	3/8	3/8	Chord	4/4	4	2	1/8		1/8	1	60			articStaccatoBelow										
4	4	14	14	0.5	1/2	1/2	Chord	4/4	4	2	1/8		1/8	1	61			articStaccatoBelow										
4	4	29/2	29/2	0.5	5/8	5/8	Chord	4/4	4	2	1/8		1/8	1	62			articStaccatoBelow										
4	4	15	15	0.5	3/4	3/4	Chord	4/4	4	2	1/8		1/8	1	63			articStaccatoBelow										
4	4	31/2	31/2	0.5	7/8	7/8	Chord	4/4	4	2	1/8		1/8	1	64			articStaccatoBelow										
5	5	16	16	1.0	0	0	Chord	4/4	3	1	1/4		1/4	1	65													
5	5	17	17	1.0	1/4	1/4	Chord	4/4	3	1	1/4		1/4	1	66													
5	5	18	18	1.0	1/2	1/2	Chord	4/4	3	1	1/4		1/4	1	67													
5	5	16	16	2.0	0	0	Chord	4/4	3	2	1/2		1/2	1	68										0			
5	5	18	18	0.5	1/2	1/2	Chord	4/4	3	2	1/8		1/8	1	69													
5	5	37/2	37/2	0.5	5/8	5/8	Chord	4/4	3	2	1/8		1/8	1	70			articStaccatoAbove										
5	5	19	19	0.5	3/4	3/4	Chord	4/4	3	2	1/8		1/8	1	71			articStaccatoAbove										
5	5	39/2	39/2	0.5	7/8	7/8	Chord	4/4	3	2	1/8		1/8	1	72			articStaccatoAbove										
5	5	16	16	0.5	0	0	Chord	4/4	4	1	1/8		1/8	1	73										1			
5	5	33/2	33/2	0.5	1/8	1/8	Chord	4/4	4	1	1/8		1/8	1	74										1			
5	5	17	17	0.5	1/4	1/4	Chord	4/4	4	1	1/8		1/8	1	75										1			
5	5	35/2	35/2	0.5	3/8	3/8	Chord	4/4	4	1	1/8		1/8	1	76										1			
5	5	18	18	1.0	1/2	1/2	Chord	4/4	4	1	1/4		1/4	1	77													
5	5	16	16	1.5	0	0	Chord	4/4	4	2	3/8		1/4	3/2	78													
5	5	35/2	35/2	0.5	3/8	3/8	Chord	4/4	4	2	1/8		1/8	1	79													
5	5	18	18	0.0	1/2	1/2	StaffText	4/4	4	2	0								espr.									
5	5	18	18	2.0	1/2	1/2	Chord	4/4	4	2	1/2		1/2	1	80													
6	6	20	20	0.5	0	0	Chord	4/4	3	1	1/8		1/8	1	81			articStaccatoBelow										
6	6	41/2	41/2	0.5	1/8	1/8	Chord	4/4	3	1	1/8		1/8	1	82										3			
6	6	21	21	0.5	1/4	1/4	Chord	4/4	3	1	1/8		1/8	1	83										3			
6	6	43/2	43/2	0.5	3/8	3/8	Chord	4/4	3	1	1/8		1/8	1	84													
6	6	22	22	0.5	1/2	1/2	Chord	4/4	3	1	1/8		1/8	1	85			articStaccatoAbove										
6	6	45/2	45/2	0.5	5/8	5/8	Chord	4/4	3	1	1/8		1/8	1	86			articStaccatoAbove										
6	6	23	23	0.5	3/4	3/4	Chord	4/4	3	1	1/8		1/8	1	87			articStaccatoAbove										
6	6	47/2	47/2	0.5	7/8	7/8	Chord	4/4	3	1	1/8		1/8	1	88			articStaccatoAbove										
6	6	41/2	41/2	0.0	1/8	1/8	Dynamic	4/4	4	1	0						other-dynamics											
6	6	41/2	41/2	0.5	1/8	1/8	Chord	4/4	4	1	1/8		1/8	1	89													
6	6	21	21	0.5	1/4	1/4	Chord	4/4	4	1	1/8		1/8	1	90													
6	6	43/2	43/2	0.5	3/8	3/8	Chord	4/4	4	1	1/8		1/8	1	91													
6	6	22	22	0.0	1/2	1/2	StaffText	4/4	4	1	0								espr.									
6	6	22	22	1.0	1/2	1/2	Chord	4/4	4	1	1/4		1/4	1	92													
6	6	22	22	2.0	1/2	1/2	Chord	4/4	4	2	1/2		1/2	1	93													
7	7	24	24	0.5	0	0	Chord	4/4	3	1	1/8		1/8	1	94			articStaccatoBelow										
7	7	49/2	49/2	0.5	1/8	1/8	Chord	4/4	3	1	1/8		1/8	1	95										4			
7	7	25	25	0.5	1/4	1/4	Chord	4/4	3	1	1/8		1/8	1	96										4			
7	7	51/2	51/2	0.5	3/8	3/8	Chord	4/4	3	1	1/8		1/8	1	97													
7	7	26	26	0.5	1/2	1/2	Chord	4/4	3	1	1/8		1/8	1	98			articStaccatoAbove										
7	7	53/2	53/2	0.5	5/8	5/8	Chord	4/4	3	1	1/8		1/8	1	99			articStaccatoAbove										
7	7	27	27	0.5	3/4	3/4	Chord	4/4	3	1	1/8		1/8	1	100			articStaccatoAbove										
7	7	55/2	55/2	0.5	7/8	7/8	Chord	4/4	3	1	1/8		1/8	1	101			articStaccatoAbove										
7	7	49/2	49/2	0.0	1/8	1/8	Dynamic	4/4	4	1	0						other-dynamics											
7	7	49/2	49/2	0.5	1/8	1/8	Chord	4/4	4	1	1/8		1/8	1	102													
7	7	25	25	0.5	1/4	1/4	Chord	4/4	4	1	1/8		1/8	1	103													
7	7	51/2	51/2	0.5	3/8	3/8	Chord	4/4	4	1	1/8		1/8	1	104													
7	7	26	26	0.5	1/2	1/2	Chord	4/4	4	1	1/8		1/8	1	105													
7	7	53/2	53/2	0.0	5/8	5/8	Dynamic	4/4	4	1	0						f											
7	7	53/2	53/2	0.5	5/8	5/8	Chord	4/4	4	1	1/8		1/8	1	106			articStaccatoAbove										
7	7	27	27	0.5	3/4	3/4	Chord	4/4	4	1	1/8		1/8	1	107			articStaccatoAbove										
7	7	55/2	55/2	0.5	7/8	7/8	Chord	4/4	4	1	1/8		1/8	1	108			articStaccatoAbove										
8	8	28	28	0.0	0	0	Spanner	4/4	3	1	0															0		
8	8	28	28	0.0	0	0	Spanner	4/4	3	1	0															0, 1		
8	8	28	28	1.0	0	0	Chord	4/4	3	1	1/4		1/4	1	109										5	0, 1		
8	8	29	29	1.0	1/4	1/4	Chord	4/4	3	1	1/4		1/4	1	110											0, 1		
8	8	59/2	59/2	0.0	3/8	3/8	Spanner	4/4	3	1	0															1		
8	8	30	30	0.0	1/2	1/2	Spanner	4/4	3	1	0																	
8	8	28	28	0.5	0	0	Chord	4/4	3	2	1/8		1/8	1	111													
8	8	57/2	57/2	0.5	1/8	1/8	Chord	4/4	3	2	1/8		1/8	1	112													
8	8	29	29	0.5	1/4	1/4	Chord	4/4	3	2	1/8		1/8	1	113													
8	8	59/2	59/2	0.5	3/8	3/8	Chord	4/4	3	2	1/8		1/8	1	114													
8	8	30	30	0.0	1/2	1/2	Dynamic	4/4	3	2	0						p											
8	8	61/2	61/2	0.5	5/8	5/8	Chord	4/4	3	2	1/8		1/8	1	115			articStaccatoAbove										
8	8	63/2	63/2	0.5	7/8	7/8	Chord	4/4	3	2	1/8		1/8	1	116			articStaccatoAbove										
8	8	28	28	0.5	0	0	Chord	4/4	4	1	1/8		1/8	1	117													
8	8	57/2	57/2	0.5	1/8	1/8	Chord	4/4	4	1	1/8		1/8	1	118													
8	8	29	29	0.5	1/4	1/4	Chord	4/4	4	1	1/8		1/8	1	119													
8	8	59/2	59/2	0.5	3/8	3/8	Chord	4/4	4	1	1/8		1/8	1	120													
8	8	30	30	0.0	1/2	1/2	Dynamic	4/4	4	1	0						p											
8	8	30	30	0.5	1/2	1/2	Chord	4/4	4	1	1/8		1/8	1	121													
8	8	31	31	0.5	3/4	3/4	Chord	4/4	4	1	1/8		1/8	1	122													
8	8	28	28	0.5	0	0	Chord	4/4	4	2	1/8		1/8	1	123													
8	8	57/2	57/2	1.0	1/8	1/8	Chord	4/4	4	2	1/4		1/4	1	124													
8	8	59/2	59/2	0.5	3/8	3/8	Chord	4/4	4	2	1/8		1/8	1	125													
9	9	65/2	65/2	0.5	1/8	1/8	Chord	4/4	3	1	1/8		1/8	1	126										6			
9	9	33	33	0.5	1/4	1/4	Chord	4/4	3	1	1/8		1/8	1	127										6			
9	9	67/2	67/2	0.5	3/8	3/8	Chord	4/4	3	1	1/8		1/8	1	128													
9	9	65/2	65/2	0.5	1/8	1/8	Chord	4/4	3	2	1/8		1/8	1	129													
9	9	33	33	0.5	1/4	1/4	Chord	4/4	3	2	1/8		1/8	1	130													
9	9	67/2	67/2	0.5	3/8	3/8	Chord	4/4	3	2	1/8		1/8	1	131													
9	9	34	34	0.5	1/2	1/2	Chord	4/4	3	2	1/8		1/8	1	132													
9	9	69/2	69/2	0.5	5/8	5/8	Chord	4/4	3	2	1/8		1/8	1	133			articStaccatoAbove										
9	9	71/2	71/2	0.5	7/8	7/8	Chord	4/4	3	2	1/8		1/8	1	134			articStaccatoAbove										
9	9	32	32	0.5	0	0	Chord	4/4	4	1	1/8		1/8	1	135													
9	9	33	33	0.5	1/4	1/4	Chord	4/4	4	1	1/8		1/8	1	136													
9	9	34	34	0.0	1/2	1/2	Dynamic	4/4	4	1	0						other-dynamics											
9	9	34	34	0.5	1/2	1/2	Chord	4/4	4	1	1/8		1/8	1	137													
9	9	35	35	0.5	3/4	3/4	Chord	4/4	4	1	1/8		1/8	1	138													
10	10	73/2	73/2	0.5	1/8	1/8	Chord	4/4	3	1	1/8		1/8	1	139										7			
10	10	37	37	0.5	1/4	1/4	Chord	4/4	3	1	1/8		1/8	1	140										7			
10	10	75/2	75/2	0.5	3/8	3/8	Chord	4/4	3	1	1/8		1/8	1	141													
10	10	38	38	0.25	1/2	1/2	Chord	4/4	3	1	1/16		1/16	1	142										8			
10	10	153/4	153/4	0.25	9/16	9/16	Chord	4/4	3	1	1/16		1/16	1	143										8			
10	10	77/2	77/2	0.25	5/8	5/8	Chord	4/4	3	1	1/16		1/16	1	144										8			
10	10	155/4	155/4	0.25	11/16	11/16	Chord	4/4	3	1	1/16		1/16	1	145										8			
10	10	39	39	0.25	3/4	3/4	Chord	4/4	3	1	1/16		1/16	1	146										8			
10	10	157/4	157/4	0.25	13/16	13/16	Chord	4/4	3	1	1/16		1/16	1	147										8			
10	10	79/2	79/2	0.25	7/8	7/8	Chord	4/4	3	1	1/16		1/16	1	148										8			
10	10	159/4	159/4	0.25	15/16	15/16	Chord	4/4	3	1	1/16		1/16	1	149													
10	10	73/2	73/2	0.5	1/8	1/8	Chord	4/4	3	2	1/8		1/8	1	150													
10	10	37	37	0.5	1/4	1/4	Chord	4/4	3	2	1/8		1/8	1	151													
10	10	75/2	75/2	0.5	3/8	3/8	Chord	4/4	3	2	1/8		1/8	1	152													
10	10	38	38	0.5	1/2	1/2	Chord	4/4	3	2	1/8		1/8	1	153													
10	10	77/2	77/2	0.5	5/8	5/8	Chord	4/4	3	2	1/8		1/8	1	154													
10	10	39	39	0.5	3/4	3/4	Chord	4/4	3	2	1/8		1/8	1	155													
10	10	79/2	79/2	0.5	7/8	7/8	Chord	4/4	3	2	1/8		1/8	1	156													
10	10	36	36	0.5	0	0	Chord	4/4	4	1	1/8		1/8	1	157													
10	10	37	37	0.5	1/4	1/4	Chord	4/4	4	1	1/8		1/8	1	158													
10	10	38	38	0.0	1/2	1/2	Dynamic	4/4	4	1	0						f											
10	10	38	38	0.5	1/2	1/2	Chord	4/4	4	1	1/8		1/8	1	159										9			
10	10	77/2	77/2	0.5	5/8	5/8	Chord	4/4	4	1	1/8		1/8	1	160										9			
10	10	39	39	0.5	3/4	3/4	Chord	4/4	4	1	1/8		1/8	1	161										9			
10	10	79/2	79/2	0.5	7/8	7/8	Chord	4/4	4	1	1/8		1/8	1	162													
10	10	39	39	0.5	3/4	3/4	Chord	4/4	4	2	1/8		1/8	1	163													
10	10	79/2	79/2	0.25	7/8	7/8	Chord	4/4	4	2	1/16		1/16	1	164													
10	10	159/4	159/4	0.25	15/16	15/16	Chord	4/4	4	2	1/16		1/16	1	165													
11	11	40	40	0.0	0	0	StaffText	4/4	1	1	0								Sopr.									
11	11	40	40	0.0	0	0	StaffText	4/4	2	1	0								Alto									
11	11	40	40	0.5	0	0	Chord	4/4	3	1	1/8		1/8	1	166													
11	11	81/2	81/2	0.5	1/8	1/8	Chord	4/4	3	1	1/8		1/8	1	167													
11	11	41	41	1.0	1/4	1/4	Chord	4/4	3	1	1/4		1/4	1	168			ornamentTrill										
11	11	42	42	0.0	1/2	1/2	Chord	4/4	3	1	0	grace16	1/16	1	169													
11	11	42	42	0.0	1/2	1/2	Chord	4/4	3	1	0	grace16	1/16	1	170													
11	11	42	42	0.5	1/2	1/2	Chord	4/4	3	1	1/8		1/8	1	171			articStaccatoBelow										
11	11	85/2	85/2	0.5	5/8	5/8	Chord	4/4	3	1	1/8		1/8	1	172			articStaccatoBelow										
11	11	43	43	1.0	3/4	3/4	Chord	4/4	3	1	1/4		1/4	1	173													
11	11	40	40	1.0	0	0	Chord	4/4	3	2	1/4		1/4	1	174										10			
11	11	41	41	1.0	1/4	1/4	Chord	4/4	3	2	1/4		1/4	1	175													
11	11	40	40	0.0	0	0	Spanner	4/4	4	1	0																0	
11	11	40	40	0.5	0	0	Chord	4/4	4	1	1/8		1/8	1	176												0	
11	11	81/2	81/2	1.0	1/8	1/8	Chord	4/4	4	1	1/4		1/4	1	177										11		0	
11	11	83/2	83/2	0.5	3/8	3/8	Chord	4/4	4	1	1/8		1/8	1	178												0	
11	11	40	40	0.5	0	0	Chord	4/4	4	2	1/8		1/8	1	179												0	
11	11	81/2	81/2	0.5	1/8	1/8	Chord	4/4	4	2	1/8		1/8	1	180												0	
11	11	41	41	0.5	1/4	1/4	Chord	4/4	4	2	1/8		1/8	1	181												0	
11	11	83/2	83/2	0.5	3/8	3/8	Chord	4/4	4	2	1/8		1/8	1	182												0	
11	11	42	42	1.0	1/2	1/2	Chord	4/4	4	2	1/4		1/4	1	183												0	
12	12	46	46	0.0	1/2	1/2	Dynamic	4/4	1	1	0						p											
12	12	46	46	2.0	1/2	1/2	Chord	4/4	1	1	1/2		1/2	1	184	Sta-												
12	12	44	44	0.0	0	0	Dynamic	4/4	2	1	0						p											
12	12	44	44	3.0	0	0	Chord	4/4	2	1	3/4		1/2	3/2	185	Sta-												
12	12	47	47	1.0	3/4	3/4	Chord	4/4	2	1	1/4		1/4	1	186	-bat												
12	12	46	46	2.0	1/2	1/2	Chord	4/4	3	1	1/2		1/2	1	187													
12	12	44	44	3.0	0	0	Chord	4/4	3	2	3/4		1/2	3/2	188													
12	12	47	47	1.0	3/4	3/4	Chord	4/4	3	2	1/4		1/4	1	189													
12	12	44	44	0.0	0	0	Dynamic	4/4	4	1	0						other-dynamics											
12	12	44	44	0.0	0	0	Spanner	4/4	4	1	0																	
12	12	46	46	2.0	1/2	1/2	Chord	4/4	4	1	1/2		1/2	1	190													
12	12	44	44	0.5	0	0	Chord	4/4	4	2	1/8		1/8	1	191													
12	12	89/2	89/2	0.5	1/8	1/8	Chord	4/4	4	2	1/8		1/8	1	192													
12	12	45	45	0.5	1/4	1/4	Chord	4/4	4	2	1/8		1/8	1	193													
12	12	91/2	91/2	0.5	3/8	3/8	Chord	4/4	4	2	1/8		1/8	1	194													
12	12	46	46	0.5	1/2	1/2	Chord	4/4	4	2	1/8		1/8	1	195													
12	12	93/2	93/2	0.5	5/8	5/8	Chord	4/4	4	2	1/8		1/8	1	196													
12	12	47	47	0.5	3/4	3/4	Chord	4/4	4	2	1/8		1/8	1	197													
12	12	95/2	95/2	0.5	7/8	7/8	Chord	4/4	4	2	1/8		1/8	1	198													
13	13	48	48	1.0	0	0	Chord	4/4	1	1	1/4		1/4	1	199													
13	13	49	49	1.0	1/4	1/4	Chord	4/4	1	1	1/4		1/4	1	200	-bat												
13	13	50	50	2.0	1/2	1/2	Chord	4/4	1	1	1/2		1/2	1	201	ma-												
13	13	48	48	3.0	0	0	Chord	4/4	2	1	3/4		1/2	3/2	202	ma-												
13	13	51	51	1.0	3/4	3/4	Chord	4/4	2	1	1/4		1/4	1	203	-ter												
13	13	48	48	1.0	0	0	Chord	4/4	3	1	1/4		1/4	1	204													
13	13	49	49	1.0	1/4	1/4	Chord	4/4	3	1	1/4		1/4	1	205													
13	13	50	50	2.0	1/2	1/2	Chord	4/4	3	1	1/2		1/2	1	206													
13	13	48	48	3.0	0	0	Chord	4/4	3	2	3/4		1/2	3/2	207													
13	13	51	51	1.0	3/4	3/4	Chord	4/4	3	2	1/4		1/4	1	208													
13	13	48	48	2.0	0	0	Chord	4/4	4	1	1/2		1/2	1	209													
13	13	50	50	2.0	1/2	1/2	Chord	4/4	4	1	1/2		1/2	1	210													
13	13	48	48	0.5	0	0	Chord	4/4	4	2	1/8		1/8	1	211													
13	13	97/2	97/2	0.5	1/8	1/8	Chord	4/4	4	2	1/8		1/8	1	212													
13	13	49	49	0.5	1/4	1/4	Chord	4/4	4	2	1/8		1/8	1	213													
13	13	99/2	99/2	0.5	3/8	3/8	Chord	4/4	4	2	1/8		1/8	1	214													
13	13	50	50	0.5	1/2	1/2	Chord	4/4	4	2	1/8		1/8	1	215													
13	13	101/2	101/2	0.5	5/8	5/8	Chord	4/4	4	2	1/8		1/8	1	216													
13	13	51	51	0.5	3/4	3/4	Chord	4/4	4	2	1/8		1/8	1	217													
13	13	103/2	103/2	0.5	7/8	7/8	Chord	4/4	4	2	1/8		1/8	1	218													
14	14	52	52	1.0	0	0	Chord	4/4	1	1	1/4		1/4	1	219													
14	14	53	53	1.0	1/4	1/4	Chord	4/4	1	1	1/4		1/4	1	220	-ter												
14	14	54	54	2.0	1/2	1/2	Chord	4/4	1	1	1/2		1/2	1	221	do-												
14	14	52	52	3.0	0	0	Chord	4/4	2	1	3/4		1/2	3/2	222	do-												
14	14	55	55	1.0	3/4	3/4	Chord	4/4	2	1	1/4		1/4	1	223	-lo-												
14	14	52	52	1.0	0	0	Chord	4/4	3	1	1/4		1/4	1	224													
14	14	53	53	1.0	1/4	1/4	Chord	4/4	3	1	1/4		1/4	1	225													
14	14	54	54	2.0	1/2	1/2	Chord	4/4	3	1	1/2		1/2	1	226										12			
14	14	52	52	3.0	0	0	Chord	4/4	3	2	3/4		1/2	3/2	227													
14	14	55	55	1.0	3/4	3/4	Chord	4/4	3	2	1/4		1/4	1	228													
14	14	52	52	1.0	0	0	Chord	4/4	4	1	1/4		1/4	1	229													
14	14	53	53	2.0	1/4	1/4	Chord	4/4	4	1	1/2		1/2	1	230													
14	14	52	52	0.5	0	0	Chord	4/4	4	2	1/8		1/8	1	231													
14	14	105/2	105/2	0.5	1/8	1/8	Chord	4/4	4	2	1/8		1/8	1	232													
14	14	53	53	0.5	1/4	1/4	Chord	4/4	4	2	1/8		1/8	1	233													
14	14	107/2	107/2	0.5	3/8	3/8	Chord	4/4	4	2	1/8		1/8	1	234													
14	14	54	54	0.5	1/2	1/2	Chord	4/4	4	2	1/8		1/8	1	235													
14	14	109/2	109/2	0.5	5/8	5/8	Chord	4/4	4	2	1/8		1/8	1	236													
14	14	55	55	0.5	3/4	3/4	Chord	4/4	4	2	1/8		1/8	1	237													
14	14	111/2	111/2	0.5	7/8	7/8	Chord	4/4	4	2	1/8		1/8	1	238													
15	15	56	56	1.0	0	0	Chord	4/4	1	1	1/4		1/4	1	239													
15	15	57	57	0.5	1/4	1/4	Chord	4/4	1	1	1/8		1/8	1	240	-lo-									13			
15	15	115/2	115/2	0.5	3/8	3/8	Chord	4/4	1	1	1/8		1/8	1	241													
15	15	58	58	2.0	1/2	1/2	Chord	4/4	1	1	1/2		1/2	1	242	-ro-									14			
15	15	56	56	2.0	0	0	Chord	4/4	2	1	1/2		1/2	1	243	-ro-									15			
15	15	58	58	1.0	1/2	1/2	Chord	4/4	2	1	1/4		1/4	1	244										15			
15	15	59	59	0.5	3/4	3/4	Chord	4/4	2	1	1/8		1/8	1	245										15			
15	15	119/2	119/2	0.5	7/8	7/8	Chord	4/4	2	1	1/8		1/8	1	246										15			
15	15	56	56	2.0	0	0	Chord	4/4	3	1	1/2		1/2	1	247													
15	15	58	58	2.0	1/2	1/2	Chord	4/4	3	1	1/2		1/2	1	248													
15	15	56	56	1.0	0	0	Chord	4/4	3	2	1/4		1/4	1	249													
15	15	57	57	0.5	1/4	1/4	Chord	4/4	3	2	1/8		1/8	1	250													
15	15	115/2	115/2	0.5	3/8	3/8	Chord	4/4	3	2	1/8		1/8	1	251													
15	15	58	58	1.0	1/2	1/2	Chord	4/4	3	2	1/4		1/4	1	252			articStaccatoAbove										
15	15	59	59	0.5	3/4	3/4	Chord	4/4	3	2	1/8		1/8	1	253													
15	15	119/2	119/2	0.5	7/8	7/8	Chord	4/4	3	2	1/8		1/8	1	254													
15	15	58	58	2.0	1/2	1/2	Chord	4/4	4	1	1/2		1/2	1	255													
15	15	56	56	0.5	0	0	Chord	4/4	4	2	1/8		1/8	1	256													
15	15	113/2	113/2	0.5	1/8	1/8	Chord	4/4	4	2	1/8		1/8	1	257													
15	15	57	57	0.5	1/4	1/4	Chord	4/4	4	2	1/8		1/8	1	258													
15	15	115/2	115/2	0.5	3/8	3/8	Chord	4/4	4	2	1/8		1/8	1	259													
15	15	58	58	0.5	1/2	1/2	Chord	4/4	4	2	1/8		1/8	1	260													
15	15	117/2	117/2	0.5	5/8	5/8	Chord	4/4	4	2	1/8		1/8	1	261													
15	15	59	59	0.5	3/4	3/4	Chord	4/4	4	2	1/8		1/8	1	262													
15	15	119/2	119/2	0.5	7/8	7/8	Chord	4/4	4	2	1/8		1/8	1	263													
16	16	60	60	1.0	0	0	Chord	4/4	1	1	1/4		1/4	1	264										14			
16	16	61	61	2.0	1/4	1/4	Chord	4/4	1	1	1/2		1/2	1	265										14			
16	16	63	63	0.5	3/4	3/4	Chord	4/4	1	1	1/8		1/8	1	266										14			
16	16	127/2	127/2	0.5	7/8	7/8	Chord	4/4	1	1	1/8		1/8	1	267										14			
16	16	60	60	1.5	0	0	Chord	4/4	2	1	3/8		1/4	3/2	268										15			
16	16	123/2	123/2	0.5	3/8	3/8	Chord	4/4	2	1	1/8		1/8	1	269										15			
16	16	62	62	2.0	1/2	1/2	Chord	4/4	2	1	1/2		1/2	1	270										15			
16	16	60	60	1.0	0	0	Chord	4/4	3	1	1/4		1/4	1	271													
16	16	61	61	2.0	1/4	1/4	Chord	4/4	3	1	1/2		1/2	1	272													
16	16	63	63	0.5	3/4	3/4	Chord	4/4	3	1	1/8		1/8	1	273													
16	16	127/2	127/2	0.5	7/8	7/8	Chord	4/4	3	1	1/8		1/8	1	274													
16	16	60	60	1.5	0	0	Chord	4/4	3	2	3/8		1/4	3/2	275													
16	16	123/2	123/2	0.5	3/8	3/8	Chord	4/4	3	2	1/8		1/8	1	276													
16	16	62	62	1.0	1/2	1/2	Chord	4/4	3	2	1/4		1/4	1	277													
16	16	60	60	1.0	0	0	Chord	4/4	3	3	1/4		1/4	1	278													
16	16	123/2	123/2	0.5	3/8	3/8	Chord	4/4	4	1	1/8		1/8	1	279													
16	16	62	62	1.0	1/2	1/2	Chord	4/4	4	1	1/4		1/4	1	280													
16	16	60	60	0.5	0	0	Chord	4/4	4	2	1/8		1/8	1	281													
16	16	121/2	121/2	0.5	1/8	1/8	Chord	4/4	4	2	1/8		1/8	1	282													
16	16	61	61	0.5	1/4	1/4	Chord	4/4	4	2	1/8		1/8	1	283													
16	16	123/2	123/2	0.5	3/8	3/8	Chord	4/4	4	2	1/8		1/8	1	284													
16	16	62	62	0.5	1/2	1/2	Chord	4/4	4	2	1/8		1/8	1	285													
16	16	125/2	125/2	0.5	5/8	5/8	Chord	4/4	4	2	1/8		1/8	1	286													
16	16	63	63	0.5	3/4	3/4	Chord	4/4	4	2	1/8		1/8	1	287													
16	16	127/2	127/2	0.5	7/8	7/8	Chord	4/4	4	2	1/8		1/8	1	288													
17	17	64	64	0.0	0	0	Spanner	4/4	1	1	0															2		
17	17	64	64	2.0	0	0	Chord	4/4	1	1	1/2		1/2	1	289			ornamentTrill								2		
17	17	66	66	0.0	1/2	1/2	Spanner	4/4	1	1	0																	
17	17	66	66	1.0	1/2	1/2	Chord	4/4	1	1	1/4		1/4	1	290	-sa												
17	17	64	64	0.0	0	0	Spanner	4/4	2	1	0															3		
17	17	64	64	2.0	0	0	Chord	4/4	2	1	1/2		1/2	1	291			ornamentTrill								3		
17	17	66	66	0.0	1/2	1/2	Spanner	4/4	2	1	0																	
17	17	66	66	1.0	1/2	1/2	Chord	4/4	2	1	1/4		1/4	1	292	-sa												
17	17	64	64	0.5	0	0	Chord	4/4	3	1	1/8		1/8	1	293													
17	17	129/2	129/2	0.5	1/8	1/8	Chord	4/4	3	1	1/8		1/8	1	294													
17	17	65	65	0.5	1/4	1/4	Chord	4/4	3	1	1/8		1/8	1	295													
17	17	131/2	131/2	0.5	3/8	3/8	Chord	4/4	3	1	1/8		1/8	1	296													
17	17	66	66	1.0	1/2	1/2	Chord	4/4	3	1	1/4		1/4	1	297													
17	17	64	64	0.0	0	0	Spanner	4/4	4	1	0															4		
17	17	64	64	0.5	0	0	Chord	4/4	4	1	1/8		1/8	1	298											4		
17	17	129/2	129/2	0.5	1/8	1/8	Chord	4/4	4	1	1/8		1/8	1	299											4		
17	17	65	65	0.5	1/4	1/4	Chord	4/4	4	1	1/8		1/8	1	300											4		
17	17	131/2	131/2	0.5	3/8	3/8	Chord	4/4	4	1	1/8		1/8	1	301											4		
17	17	66	66	0.0	1/2	1/2	Spanner	4/4	4	1	0																	
17	17	66	66	0.5	1/2	1/2	Chord	4/4	4	1	1/8		1/8	1	302													
17	17	133/2	133/2	0.5	5/8	5/8	Chord	4/4	4	1	1/8		1/8	1	303													
17	17	67	67	0.5	3/4	3/4	Chord	4/4	4	1	1/8		1/8	1	304													
17	17	135/2	135/2	0.5	7/8	7/8	Chord	4/4	4	1	1/8		1/8	1	305													
18	18	68	68	0.0	0	0	Dynamic	4/4	1	1	0						p											
18	18	68	68	1.0	0	0	Chord	4/4	1	1	1/4		1/4	1	306	jux-												
18	18	69	69	1.0	1/4	1/4	Chord	4/4	1	1	1/4		1/4	1	307	-ta												
18	18	70	70	0.5	1/2	1/2	Chord	4/4	1	1	1/8		1/8	1	308	cru-									16			
18	18	141/2	141/2	0.5	5/8	5/8	Chord	4/4	1	1	1/8		1/8	1	309													
18	18	71	71	1.0	3/4	3/4	Chord	4/4	1	1	1/4		1/4	1	310	-cem												
18	18	68	68	1.0	0	0	Chord	4/4	3	1	1/4		1/4	1	311										17			
18	18	69	69	1.0	1/4	1/4	Chord	4/4	3	1	1/4		1/4	1	312										17			
18	18	70	70	0.5	1/2	1/2	Chord	4/4	3	1	1/8		1/8	1	313										17			
18	18	141/2	141/2	0.5	5/8	5/8	Chord	4/4	3	1	1/8		1/8	1	314										17			
18	18	71	71	1.0	3/4	3/4	Chord	4/4	3	1	1/4		1/4	1	315													
18	18	68	68	2.0	0	0	Chord	4/4	3	2	1/2		1/2	1	316													
18	18	70	70	0.5	1/2	1/2	Chord	4/4	3	2	1/8		1/8	1	317													
18	18	141/2	141/2	0.5	5/8	5/8	Chord	4/4	3	2	1/8		1/8	1	318										18			
18	18	71	71	0.5	3/4	3/4	Chord	4/4	3	2	1/8		1/8	1	319										18			
18	18	143/2	143/2	0.5	7/8	7/8	Chord	4/4	3	2	1/8		1/8	1	320													
18	18	69	69	1.5	1/4	1/4	Chord	4/4	3	3	3/8		1/4	3/2	321													
18	18	68	68	0.0	0	0	Dynamic	4/4	4	1	0						p											
18	18	68	68	4.0	0	0	Chord	4/4	4	1	1		1	1	322													
18	18	68	68	0.5	0	0	Chord	4/4	4	2	1/8		1/8	1	323													
18	18	137/2	137/2	0.5	1/8	1/8	Chord	4/4	4	2	1/8		1/8	1	324													
18	18	69	69	0.5	1/4	1/4	Chord	4/4	4	2	1/8		1/8	1	325													
18	18	139/2	139/2	0.5	3/8	3/8	Chord	4/4	4	2	1/8		1/8	1	326													
18	18	70	70	0.5	1/2	1/2	Chord	4/4	4	2	1/8		1/8	1	327													
18	18	141/2	141/2	0.5	5/8	5/8	Chord	4/4	4	2	1/8		1/8	1	328													
18	18	71	71	0.5	3/4	3/4	Chord	4/4	4	2	1/8		1/8	1	329													
18	18	143/2	143/2	0.5	7/8	7/8	Chord	4/4	4	2	1/8		1/8	1	330													
19	19	72	72	0.5	0	0	Chord	4/4	1	1	1/8		1/8	1	331													
19	19	145/2	145/2	0.5	1/8	1/8	Chord	4/4	1	1	1/8		1/8	1	332	la-									19			
19	19	73	73	0.5	1/4	1/4	Chord	4/4	1	1	1/8		1/8	1	333													
19	19	147/2	147/2	0.5	3/8	3/8	Chord	4/4	1	1	1/8		1/8	1	334	-cri-												
19	19	74	74	0.0	1/2	1/2	Chord	4/4	1	1	0	appoggiatura	1/8	2/3	335													
19	19	74	74	0.16666666666666666	1/2	1/2	Chord	4/4	1	1	1/24		1/16	2/3	336	-mo-									20			
19	19	445/6	445/6	0.16666666666666666	13/24	13/24	Chord	4/4	1	1	1/24		1/16	2/3	337										20			
19	19	223/3	223/3	0.16666666666666666	7/12	7/12	Chord	4/4	1	1	1/24		1/16	2/3	338													
19	19	149/2	149/2	1.0	5/8	5/8	Chord	4/4	1	1	1/4		1/4	1	339	-sa,									21			
19	19	151/2	151/2	0.5	7/8	7/8	Chord	4/4	1	1	1/8		1/8	1	340													
19	19	72	72	0.5	0	0	Chord	4/4	3	1	1/8		1/8	1	341													
19	19	145/2	145/2	0.5	1/8	1/8	Chord	4/4	3	1	1/8		1/8	1	342										22			
19	19	73	73	0.5	1/4	1/4	Chord	4/4	3	1	1/8		1/8	1	343													
19	19	147/2	147/2	0.5	3/8	3/8	Chord	4/4	3	1	1/8		1/8	1	344										23			
19	19	74	74	0.5	1/2	1/2	Chord	4/4	3	1	1/8		1/8	1	345										23			
19	19	149/2	149/2	0.25	5/8	5/8	Chord	4/4	3	1	1/16		1/16	1	346													
19	19	299/4	299/4	0.25	11/16	11/16	Chord	4/4	3	1	1/16		1/16	1	347													
19	19	75	75	0.5	3/4	3/4	Chord	4/4	3	1	1/8		1/8	1	348													
19	19	151/2	151/2	0.5	7/8	7/8	Chord	4/4	3	1	1/8		1/8	1	349													
19	19	72	72	0.5	0	0	Chord	4/4	3	2	1/8		1/8	1	350													
19	19	145/2	145/2	1.0	1/8	1/8	Chord	4/4	3	2	1/4		1/4	1	351													
19	19	147/2	147/2	0.5	3/8	3/8	Chord	4/4	3	2	1/8		1/8	1	352													
19	19	74	74	2.0	1/2	1/2	Chord	4/4	3	2	1/2		1/2	1	353													
19	19	72	72	0.5	0	0	Chord	4/4	4	1	1/8		1/8	1	354													
19	19	145/2	145/2	0.5	1/8	1/8	Chord	4/4	4	1	1/8		1/8	1	355													
19	19	73	73	1.0	1/4	1/4	Chord	4/4	4	1	1/4		1/4	1	356													
19	19	74	74	1.0	1/2	1/2	Chord	4/4	4	1	1/4		1/4	1	357													
19	19	75	75	1.0	3/4	3/4	Chord	4/4	4	1	1/4		1/4	1	358													
19	19	72	72	0.5	0	0	Chord	4/4	4	2	1/8		1/8	1	359													
19	19	145/2	145/2	0.5	1/8	1/8	Chord	4/4	4	2	1/8		1/8	1	360													
19	19	73	73	0.5	1/4	1/4	Chord	4/4	4	2	1/8		1/8	1	361													
19	19	147/2	147/2	0.5	3/8	3/8	Chord	4/4	4	2	1/8		1/8	1	362													
19	19	74	74	0.5	1/2	1/2	Chord	4/4	4	2	1/8		1/8	1	363													
19	19	149/2	149/2	0.0	5/8	5/8	Spanner	4/4	4	2	0															5		
19	19	149/2	149/2	0.5	5/8	5/8	Chord	4/4	4	2	1/8		1/8	1	364											5		
19	19	75	75	0.5	3/4	3/4	Chord	4/4	4	2	1/8		1/8	1	365											5		
19	19	151/2	151/2	0.5	7/8	7/8	Chord	4/4	4	2	1/8		1/8	1	366											5		
20	20	76	76	0.0	0	0	Dynamic	4/4	2	1	0						p											
20	20	76	76	1.0	0	0	Chord	4/4	2	1	1/4		1/4	1	367	jux-												
20	20	77	77	1.0	1/4	1/4	Chord	4/4	2	1	1/4		1/4	1	368	-ta												
20	20	78	78	0.5	1/2	1/2	Chord	4/4	2	1	1/8		1/8	1	369	cru-									24			
20	20	157/2	157/2	0.5	5/8	5/8	Chord	4/4	2	1	1/8		1/8	1	370													
20	20	79	79	1.0	3/4	3/4	Chord	4/4	2	1	1/4		1/4	1	371	-cem												
20	20	76	76	1.0	0	0	Chord	4/4	3	1	1/4		1/4	1	372													
20	20	77	77	1.0	1/4	1/4	Chord	4/4	3	1	1/4		1/4	1	373													
20	20	78	78	0.5	1/2	1/2	Chord	4/4	3	1	1/8		1/8	1	374													
20	20	157/2	157/2	0.5	5/8	5/8	Chord	4/4	3	1	1/8		1/8	1	375													
20	20	79	79	1.0	3/4	3/4	Chord	4/4	3	1	1/4		1/4	1	376													
20	20	77	77	1.5	1/4	1/4	Chord	4/4	3	2	3/8		1/4	3/2	377													
20	20	157/2	157/2	0.5	5/8	5/8	Chord	4/4	3	2	1/8		1/8	1	378													
20	20	79	79	0.5	3/4	3/4	Chord	4/4	3	2	1/8		1/8	1	379													
20	20	159/2	159/2	0.5	7/8	7/8	Chord	4/4	3	2	1/8		1/8	1	380													
20	20	76	76	0.0	0	0	Dynamic	4/4	4	1	0						p											
20	20	76	76	1.0	0	0	Chord	4/4	4	1	1/4		1/4	1	381													
20	20	77	77	1.0	1/4	1/4	Chord	4/4	4	1	1/4		1/4	1	382													
20	20	78	78	0.5	1/2	1/2	Chord	4/4	4	1	1/8		1/8	1	383													
20	20	157/2	157/2	0.5	5/8	5/8	Chord	4/4	4	1	1/8		1/8	1	384													
20	20	79	79	0.5	3/4	3/4	Chord	4/4	4	1	1/8		1/8	1	385													
20	20	159/2	159/2	0.5	7/8	7/8	Chord	4/4	4	1	1/8		1/8	1	386													
20	20	76	76	0.0	0	0	Spanner	4/4	4	2	0																	
20	20	76	76	0.5	0	0	Chord	4/4	4	2	1/8		1/8	1	387													
20	20	153/2	153/2	0.5	1/8	1/8	Chord	4/4	4	2	1/8		1/8	1	388													
20	20	77	77	0.5	1/4	1/4	Chord	4/4	4	2	1/8		1/8	1	389													
20	20	155/2	155/2	0.5	3/8	3/8	Chord	4/4	4	2	1/8		1/8	1	390													
21	21	80	80	0.5	0	0	Chord	4/4	2	1	1/8		1/8	1	391													
21	21	161/2	161/2	0.5	1/8	1/8	Chord	4/4	2	1	1/8		1/8	1	392	la-									25			
21	21	81	81	0.5	1/4	1/4	Chord	4/4	2	1	1/8		1/8	1	393													
21	21	163/2	163/2	0.5	3/8	3/8	Chord	4/4	2	1	1/8		1/8	1	394	-cri-												
21	21	82	82	0.16666666666666666	1/2	1/2	Chord	4/4	2	1	1/24		1/16	2/3	395	-mo-									26			
21	21	493/6	493/6	0.16666666666666666	13/24	13/24	Chord	4/4	2	1	1/24		1/16	2/3	396										26			
21	21	247/3	247/3	0.16666666666666666	7/12	7/12	Chord	4/4	2	1	1/24		1/16	2/3	397													
21	21	165/2	165/2	1.0	5/8	5/8	Chord	4/4	2	1	1/4		1/4	1	398	-sa,									27			
21	21	167/2	167/2	0.5	7/8	7/8	Chord	4/4	2	1	1/8		1/8	1	399													
21	21	80	80	0.5	0	0	Chord	4/4	3	1	1/8		1/8	1	400													
21	21	161/2	161/2	0.5	1/8	1/8	Chord	4/4	3	1	1/8		1/8	1	401										28			
21	21	81	81	0.5	1/4	1/4	Chord	4/4	3	1	1/8		1/8	1	402													
21	21	163/2	163/2	0.5	3/8	3/8	Chord	4/4	3	1	1/8		1/8	1	403										29			
21	21	82	82	0.5	1/2	1/2	Chord	4/4	3	1	1/8		1/8	1	404										29			
21	21	165/2	165/2	0.25	5/8	5/8	Chord	4/4	3	1	1/16		1/16	1	405										29			
21	21	331/4	331/4	0.25	11/16	11/16	Chord	4/4	3	1	1/16		1/16	1	406										29			
21	21	83	83	0.5	3/4	3/4	Chord	4/4	3	1	1/8		1/8	1	407													
21	21	167/2	167/2	0.5	7/8	7/8	Chord	4/4	3	1	1/8		1/8	1	408			articStaccatoBelow										
21	21	80	80	0.5	0	0	Chord	4/4	3	2	1/8		1/8	1	409													
21	21	161/2	161/2	1.0	1/8	1/8	Chord	4/4	3	2	1/4		1/4	1	410													
21	21	163/2	163/2	0.5	3/8	3/8	Chord	4/4	3	2	1/8		1/8	1	411													
21	21	82	82	1.5	1/2	1/2	Chord	4/4	3	2	3/8		1/4	3/2	412													
21	21	167/2	167/2	0.5	7/8	7/8	Chord	4/4	4	1	1/8		1/8	1	413													
21	21	80	80	0.5	0	0	Chord	4/4	4	2	1/8		1/8	1	414													
21	21	161/2	161/2	0.5	1/8	1/8	Chord	4/4	4	2	1/8		1/8	1	415										30			
21	21	81	81	0.5	1/4	1/4	Chord	4/4	4	2	1/8		1/8	1	416													
21	21	163/2	163/2	0.5	3/8	3/8	Chord	4/4	4	2	1/8		1/8	1	417			articStaccatoAbove										
21	21	82	82	0.5	1/2	1/2	Chord	4/4	4	2	1/8		1/8	1	418			articStaccatoAbove										
21	21	165/2	165/2	0.0	5/8	5/8	Spanner	4/4	4	2	0															6		
21	21	165/2	165/2	0.5	5/8	5/8	Chord	4/4	4	2	1/8		1/8	1	419										31	6		
21	21	83	83	0.5	3/4	3/4	Chord	4/4	4	2	1/8		1/8	1	420											6		
21	21	167/2	167/2	0.5	7/8	7/8	Chord	4/4	4	2	1/8		1/8	1	421											6		
22	22	84	84	0.0	0	0	StaffText	4/4	1	1	0								dol.									
22	22	84	84	0.0	0	0	Dynamic	4/4	1	1	0						pp											
22	22	84	84	1.5	0	0	Chord	4/4	1	1	3/8		1/4	3/2	422	dum												
22	22	171/2	171/2	0.5	3/8	3/8	Chord	4/4	1	1	1/8		1/8	1	423	pen-												
22	22	86	86	1.0	1/2	1/2	Chord	4/4	1	1	1/4		1/4	1	424	-de-		articAccentAbove							32			
22	22	87	87	0.5	3/4	3/4	Chord	4/4	1	1	1/8		1/8	1	425													
22	22	175/2	175/2	0.5	7/8	7/8	Chord	4/4	1	1	1/8		1/8	1	426	-bat												
22	22	84	84	0.0	0	0	StaffText	4/4	2	1	0								dol.									
22	22	84	84	0.0	0	0	Dynamic	4/4	2	1	0						pp											
22	22	84	84	1.5	0	0	Chord	4/4	2	1	3/8		1/4	3/2	427	dum												
22	22	171/2	171/2	0.5	3/8	3/8	Chord	4/4	2	1	1/8		1/8	1	428	pen-												
22	22	86	86	1.0	1/2	1/2	Chord	4/4	2	1	1/4		1/4	1	429	-de-												
22	22	87	87	0.5	3/4	3/4	Chord	4/4	2	1	1/8		1/8	1	430													
22	22	175/2	175/2	0.5	7/8	7/8	Chord	4/4	2	1	1/8		1/8	1	431	-bat												
22	22	84	84	1.5	0	0	Chord	4/4	3	1	3/8		1/4	3/2	432													
22	22	171/2	171/2	0.5	3/8	3/8	Chord	4/4	3	1	1/8		1/8	1	433													
22	22	86	86	1.0	1/2	1/2	Chord	4/4	3	1	1/4		1/4	1	434			articAccentAbove							33			
22	22	87	87	0.5	3/4	3/4	Chord	4/4	3	1	1/8		1/8	1	435													
22	22	175/2	175/2	0.5	7/8	7/8	Chord	4/4	3	1	1/8		1/8	1	436													
22	22	84	84	0.0	0	0	StaffText	4/4	4	1	0								dol.									
22	22	84	84	0.0	0	0	Dynamic	4/4	4	1	0						pp											
22	22	84	84	0.5	0	0	Chord	4/4	4	1	1/8		1/8	1	437													
22	22	169/2	169/2	0.5	1/8	1/8	Chord	4/4	4	1	1/8		1/8	1	438													
22	22	85	85	1.0	1/4	1/4	Chord	4/4	4	1	1/4		1/4	1	439													
22	22	86	86	1.0	1/2	1/2	Chord	4/4	4	1	1/4		1/4	1	440										34			
22	22	87	87	1.0	3/4	3/4	Chord	4/4	4	1	1/4		1/4	1	441													
22	22	84	84	0.0	0	0	Spanner	4/4	4	2	0																	
22	22	173/2	173/2	0.5	5/8	5/8	Chord	4/4	4	2	1/8		1/8	1	442													
22	22	87	87	1.0	3/4	3/4	Chord	4/4	4	2	1/4		1/4	1	443													
23	23	88	88	1.0	0	0	Chord	4/4	1	1	1/4		1/4	1	444	fi-		articAccentAbove							35			
23	23	89	89	0.25	1/4	1/4	Chord	4/4	1	1	1/16		1/16	1	445										35			
23	23	357/4	357/4	0.25	5/16	5/16	Chord	4/4	1	1	1/16		1/16	1	446													
23	23	179/2	179/2	0.5	3/8	3/8	Chord	4/4	1	1	1/8		1/8	1	447	-li-												
23	23	90	90	1.0	1/2	1/2	Chord	4/4	1	1	1/4		1/4	1	448	-us,												
23	23	88	88	1.0	0	0	Chord	4/4	2	1	1/4		1/4	1	449	fi-		articAccentAbove							36			
23	23	89	89	0.25	1/4	1/4	Chord	4/4	2	1	1/16		1/16	1	450										36			
23	23	357/4	357/4	0.25	5/16	5/16	Chord	4/4	2	1	1/16		1/16	1	451													
23	23	179/2	179/2	0.5	3/8	3/8	Chord	4/4	2	1	1/8		1/8	1	452	-li-												
23	23	90	90	1.0	1/2	1/2	Chord	4/4	2	1	1/4		1/4	1	453	-us,												
23	23	88	88	1.0	0	0	Chord	4/4	3	1	1/4		1/4	1	454													
23	23	89	89	1.0	1/4	1/4	Chord	4/4	3	1	1/4		1/4	1	455													
23	23	90	90	1.0	1/2	1/2	Chord	4/4	3	1	1/4		1/4	1	456													
23	23	88	88	1.0	0	0	Chord	4/4	3	2	1/4		1/4	1	457										37			
23	23	89	89	1.0	1/4	1/4	Chord	4/4	3	2	1/4		1/4	1	458										37			
23	23	90	90	1.0	1/2	1/2	Chord	4/4	3	2	1/4		1/4	1	459													
23	23	88	88	0.0	0	0	Spanner	4/4	4	1	0															7		
23	23	177/2	177/2	0.5	1/8	1/8	Chord	4/4	4	1	1/8		1/8	1	460											7		
23	23	89	89	0.5	1/4	1/4	Chord	4/4	4	1	1/8		1/8	1	461											7		
23	23	179/2	179/2	0.5	3/8	3/8	Chord	4/4	4	1	1/8		1/8	1	462											7		
23	23	90	90	0.0	1/2	1/2	Spanner	4/4	4	1	0																	
23	23	90	90	1.0	1/2	1/2	Chord	4/4	4	1	1/4		1/4	1	463													
24	24	92	92	0.0	0	0	Dynamic	4/4	1	1	0						p											
24	24	92	92	0.0	0	0	Spanner	4/4	1	1	0																	0
24	24	92	92	3.0	0	0	Chord	4/4	1	1	3/4		1/2	3/2	464	dum												0
24	24	95	95	1.0	3/4	3/4	Chord	4/4	1	1	1/4		1/4	1	465	pen												0
24	24	94	94	0.0	1/2	1/2	Dynamic	4/4	2	1	0						p											
24	24	94	94	0.0	1/2	1/2	Spanner	4/4	2	1	0																	1
24	24	94	94	2.0	1/2	1/2	Chord	4/4	2	1	1/2		1/2	1	466	dum												1
24	24	92	92	4.0	0	0	Chord	4/4	3	1	1		1	1	467										38			
24	24	92	92	0.5	0	0	Chord	4/4	3	2	1/8		1/8	1	468													
24	24	185/2	185/2	0.5	1/8	1/8	Chord	4/4	3	2	1/8		1/8	1	469													
24	24	93	93	0.5	1/4	1/4	Chord	4/4	3	2	1/8		1/8	1	470													
24	24	187/2	187/2	0.5	3/8	3/8	Chord	4/4	3	2	1/8		1/8	1	471													
24	24	94	94	0.5	1/2	1/2	Chord	4/4	3	2	1/8		1/8	1	472													
24	24	189/2	189/2	0.5	5/8	5/8	Chord	4/4	3	2	1/8		1/8	1	473													
24	24	95	95	0.5	3/4	3/4	Chord	4/4	3	2	1/8		1/8	1	474													
24	24	191/2	191/2	0.5	7/8	7/8	Chord	4/4	3	2	1/8		1/8	1	475													
24	24	94	94	2.0	1/2	1/2	Chord	4/4	3	3	1/2		1/2	1	476													
24	24	92	92	0.0	0	0	StaffText	4/4	4	1	0								sotto voce									
24	24	92	92	0.0	0	0	Dynamic	4/4	4	1	0						pp											
24	24	92	92	0.5	0	0	Chord	4/4	4	1	1/8		1/8	1	477													
24	24	185/2	185/2	0.5	1/8	1/8	Chord	4/4	4	1	1/8		1/8	1	478													
24	24	93	93	0.5	1/4	1/4	Chord	4/4	4	1	1/8		1/8	1	479													
24	24	187/2	187/2	0.5	3/8	3/8	Chord	4/4	4	1	1/8		1/8	1	480													
24	24	94	94	0.5	1/2	1/2	Chord	4/4	4	1	1/8		1/8	1	481													
24	24	189/2	189/2	0.5	5/8	5/8	Chord	4/4	4	1	1/8		1/8	1	482													
24	24	95	95	0.5	3/4	3/4	Chord	4/4	4	1	1/8		1/8	1	483													
24	24	191/2	191/2	0.5	7/8	7/8	Chord	4/4	4	1	1/8		1/8	1	484													
25	25	96	96	0.0	0	0	Spanner	4/4	1	1	0																	
25	25	96	96	2.0	0	0	Chord	4/4	1	1	1/2		1/2	1	485	de-									39			
25	25	98	98	1.0	1/2	1/2	Chord	4/4	1	1	1/4		1/4	1	486													
25	25	99	99	1.0	3/4	3/4	Chord	4/4	1	1	1/4		1/4	1	487	-bat												
25	25	96	96	0.0	0	0	Spanner	4/4	2	1	0																	
25	25	96	96	1.0	0	0	Chord	4/4	2	1	1/4		1/4	1	488													
25	25	97	97	1.0	1/4	1/4	Chord	4/4	2	1	1/4		1/4	1	489	pen-												
25	25	98	98	1.0	1/2	1/2	Chord	4/4	2	1	1/4		1/4	1	490	-de-												
25	25	99	99	1.0	3/4	3/4	Chord	4/4	2	1	1/4		1/4	1	491	-bat												
25	25	96	96	2.0	0	0	Chord	4/4	3	1	1/2		1/2	1	492													
25	25	98	98	1.0	1/2	1/2	Chord	4/4	3	1	1/4		1/4	1	493													
25	25	99	99	1.0	3/4	3/4	Chord	4/4	3	1	1/4		1/4	1	494													
25	25	98	98	2.0	1/2	1/2	Chord	4/4	3	2	1/2		1/2	1	495													
25	25	96	96	3.0	0	0	Chord	4/4	3	3	3/4		1/2	3/2	496													
25	25	96	96	0.5	0	0	Chord	4/4	4	1	1/8		1/8	1	497													
25	25	193/2	193/2	0.5	1/8	1/8	Chord	4/4	4	1	1/8		1/8	1	498													
25	25	97	97	0.5	1/4	1/4	Chord	4/4	4	1	1/8		1/8	1	499													
25	25	195/2	195/2	0.5	3/8	3/8	Chord	4/4	4	1	1/8		1/8	1	500													
25	25	98	98	0.0	1/2	1/2	Spanner	4/4	4	1	0															8		
25	25	98	98	0.5	1/2	1/2	Chord	4/4	4	1	1/8		1/8	1	501											8		
25	25	197/2	197/2	0.5	5/8	5/8	Chord	4/4	4	1	1/8		1/8	1	502											8		
25	25	99	99	0.5	3/4	3/4	Chord	4/4	4	1	1/8		1/8	1	503											8		
25	25	199/2	199/2	0.5	7/8	7/8	Chord	4/4	4	1	1/8		1/8	1	504											8		
26	26	100	100	0.0	0	0	Spanner	4/4	1	1	0															9		
26	26	100	100	1.0	0	0	Chord	4/4	1	1	1/4		1/4	1	505	fi-									40	9		
26	26	101	101	0.75	1/4	1/4	Chord	4/4	1	1	3/16		1/8	3/2	506											9		
26	26	407/4	407/4	0.25	7/16	7/16	Chord	4/4	1	1	1/16		1/16	1	507	-li-										9		
26	26	102	102	0.0	1/2	1/2	Spanner	4/4	1	1	0																	
26	26	102	102	1.0	1/2	1/2	Chord	4/4	1	1	1/4		1/4	1	508	-us,												
26	26	100	100	0.0	0	0	Spanner	4/4	2	1	0															10		
26	26	100	100	1.5	0	0	Chord	4/4	2	1	3/8		1/4	3/2	509	fi-										10		
26	26	203/2	203/2	0.5	3/8	3/8	Chord	4/4	2	1	1/8		1/8	1	510	-li-										10		
26	26	102	102	0.0	1/2	1/2	Spanner	4/4	2	1	0																	
26	26	102	102	1.0	1/2	1/2	Chord	4/4	2	1	1/4		1/4	1	511	-us												
26	26	100	100	1.0	0	0	Chord	4/4	3	1	1/4		1/4	1	512													
26	26	101	101	1.0	1/4	1/4	Chord	4/4	3	1	1/4		1/4	1	513													
26	26	102	102	0.5	1/2	1/2	Chord	4/4	3	1	1/8		1/8	1	514			articStaccatoAbove										
26	26	205/2	205/2	0.5	5/8	5/8	Chord	4/4	3	1	1/8		1/8	1	515			articStaccatoAbove										
26	26	207/2	207/2	0.5	7/8	7/8	Chord	4/4	3	1	1/8		1/8	1	516			articStaccatoAbove										
26	26	100	100	2.0	0	0	Chord	4/4	3	2	1/2		1/2	1	517													
26	26	100	100	0.5	0	0	Chord	4/4	4	1	1/8		1/8	1	518											8		
26	26	201/2	201/2	0.5	1/8	1/8	Chord	4/4	4	1	1/8		1/8	1	519											8		
26	26	101	101	0.5	1/4	1/4	Chord	4/4	4	1	1/8		1/8	1	520											8		
26	26	203/2	203/2	0.0	3/8	3/8	Spanner	4/4	4	1	0																	
26	26	203/2	203/2	0.5	3/8	3/8	Chord	4/4	4	1	1/8		1/8	1	521													
26	26	102	102	0.5	1/2	1/2	Chord	4/4	4	1	1/8		1/8	1	522													
26	26	205/2	205/2	0.0	5/8	5/8	Dynamic	4/4	4	1	0						p											
26	26	103	103	0.5	3/4	3/4	Chord	4/4	4	1	1/8		1/8	1	523													
27	27	209/2	209/2	0.5	1/8	1/8	Chord	4/4	3	1	1/8		1/8	1	524										41			
27	27	105	105	0.5	1/4	1/4	Chord	4/4	3	1	1/8		1/8	1	525										41			
27	27	211/2	211/2	0.5	3/8	3/8	Chord	4/4	3	1	1/8		1/8	1	526													
27	27	106	106	0.5	1/2	1/2	Chord	4/4	3	1	1/8		1/8	1	527			articStaccatoBelow										
27	27	213/2	213/2	0.5	5/8	5/8	Chord	4/4	3	1	1/8		1/8	1	528			articStaccatoBelow										
27	27	215/2	215/2	0.5	7/8	7/8	Chord	4/4	3	1	1/8		1/8	1	529			articStaccatoBelow										
27	27	209/2	209/2	1.0	1/8	1/8	Chord	4/4	3	2	1/4		1/4	1	530													
27	27	211/2	211/2	0.5	3/8	3/8	Chord	4/4	3	2	1/8		1/8	1	531													
27	27	104	104	0.5	0	0	Chord	4/4	4	1	1/8		1/8	1	532													
27	27	105	105	0.5	1/4	1/4	Chord	4/4	4	1	1/8		1/8	1	533													
27	27	106	106	0.5	1/2	1/2	Chord	4/4	4	1	1/8		1/8	1	534													
27	27	107	107	0.5	3/4	3/4	Chord	4/4	4	1	1/8		1/8	1	535													
28	28	110	110	0.0	1/2	1/2	Dynamic	4/4	1	1	0						p											
28	28	110	110	0.0	1/2	1/2	Spanner	4/4	1	1	0																	2
28	28	110	110	2.0	1/2	1/2	Chord	4/4	1	1	1/2		1/2	1	536	Sta-												2
28	28	217/2	217/2	0.5	1/8	1/8	Chord	4/4	3	1	1/8		1/8	1	537										42			
28	28	109	109	0.5	1/4	1/4	Chord	4/4	3	1	1/8		1/8	1	538													
28	28	219/2	219/2	0.5	3/8	3/8	Chord	4/4	3	1	1/8		1/8	1	539			articStaccatoAbove										
28	28	110	110	1.0	1/2	1/2	Chord	4/4	3	1	1/4		1/4	1	540													
28	28	111	111	1.0	3/4	3/4	Chord	4/4	3	1	1/4		1/4	1	541													
28	28	217/2	217/2	1.0	1/8	1/8	Chord	4/4	3	2	1/4		1/4	1	542													
28	28	219/2	219/2	0.5	3/8	3/8	Chord	4/4	3	2	1/8		1/8	1	543													
28	28	108	108	0.0	0	0	Dynamic	4/4	4	1	0						pp											
28	28	108	108	0.5	0	0	Chord	4/4	4	1	1/8		1/8	1	544													
28	28	109	109	0.5	1/4	1/4	Chord	4/4	4	1	1/8		1/8	1	545													
28	28	110	110	0.0	1/2	1/2	Spanner	4/4	4	1	0																	3
28	28	110	110	0.5	1/2	1/2	Chord	4/4	4	1	1/8		1/8	1	546													3
28	28	221/2	221/2	0.5	5/8	5/8	Chord	4/4	4	1	1/8		1/8	1	547													3
28	28	111	111	0.5	3/4	3/4	Chord	4/4	4	1	1/8		1/8	1	548													3
28	28	223/2	223/2	0.5	7/8	7/8	Chord	4/4	4	1	1/8		1/8	1	549													3
29	29	112	112	1.0	0	0	Chord	4/4	1	1	1/4		1/4	1	550													2
29	29	113	113	1.0	1/4	1/4	Chord	4/4	1	1	1/4		1/4	1	551	-bat												2
29	29	114	114	0.0	1/2	1/2	Spanner	4/4	1	1	0																	
29	29	114	114	2.0	1/2	1/2	Chord	4/4	1	1	1/2		1/2	1	552	ma-												
29	29	112	112	0.0	0	0	Dynamic	4/4	2	1	0						p											
29	29	112	112	0.0	0	0	Spanner	4/4	2	1	0																	4
29	29	112	112	3.0	0	0	Chord	4/4	2	1	3/4		1/2	3/2	553	Sta-												4
29	29	115	115	1.0	3/4	3/4	Chord	4/4	2	1	1/4		1/4	1	554	-bat												4
29	29	112	112	3.0	0	0	Chord	4/4	3	1	3/4		1/2	3/2	555										43			
29	29	115	115	1.0	3/4	3/4	Chord	4/4	3	1	1/4		1/4	1	556										43			
29	29	114	114	2.0	1/2	1/2	Chord	4/4	3	2	1/2		1/2	1	557													
29	29	112	112	1.0	0	0	Chord	4/4	3	3	1/4		1/4	1	558													
29	29	113	113	1.0	1/4	1/4	Chord	4/4	3	3	1/4		1/4	1	559													
29	29	112	112	4.0	0	0	Chord	4/4	4	1	1		1	1	560													3
29	29	225/2	225/2	0.0	1/8	1/8	Spanner	4/4	4	1	0																	
29	29	112	112	0.5	0	0	Chord	4/4	4	2	1/8		1/8	1	561													
29	29	225/2	225/2	0.5	1/8	1/8	Chord	4/4	4	2	1/8		1/8	1	562													
29	29	113	113	0.5	1/4	1/4	Chord	4/4	4	2	1/8		1/8	1	563													
29	29	227/2	227/2	0.5	3/8	3/8	Chord	4/4	4	2	1/8		1/8	1	564													
29	29	114	114	0.5	1/2	1/2	Chord	4/4	4	2	1/8		1/8	1	565													
29	29	229/2	229/2	0.5	5/8	5/8	Chord	4/4	4	2	1/8		1/8	1	566													
29	29	115	115	0.5	3/4	3/4	Chord	4/4	4	2	1/8		1/8	1	567													
29	29	231/2	231/2	0.5	7/8	7/8	Chord	4/4	4	2	1/8		1/8	1	568													
30	30	116	116	1.0	0	0	Chord	4/4	1	1	1/4		1/4	1	569													
30	30	117	117	1.0	1/4	1/4	Chord	4/4	1	1	1/4		1/4	1	570	-ter												
30	30	118	118	2.0	1/2	1/2	Chord	4/4	1	1	1/2		1/2	1	571	do-												
30	30	116	116	0.0	0	0	Spanner	4/4	2	1	0																	
30	30	116	116	3.0	0	0	Chord	4/4	2	1	3/4		1/2	3/2	572	ma-												
30	30	119	119	1.0	3/4	3/4	Chord	4/4	2	1	1/4		1/4	1	573	-ter												
30	30	116	116	3.0	0	0	Chord	4/4	3	1	3/4		1/2	3/2	574										43			
30	30	119	119	1.0	3/4	3/4	Chord	4/4	3	1	1/4		1/4	1	575										43			
30	30	116	116	1.0	0	0	Chord	4/4	3	2	1/4		1/4	1	576													
30	30	117	117	1.0	1/4	1/4	Chord	4/4	3	2	1/4		1/4	1	577													
30	30	118	118	2.0	1/2	1/2	Chord	4/4	3	2	1/2		1/2	1	578													
30	30	116	116	3.0	0	0	Chord	4/4	4	1	3/4		1/2	3/2	579													
30	30	119	119	1.0	3/4	3/4	Chord	4/4	4	1	1/4		1/4	1	580													
30	30	116	116	0.5	0	0	Chord	4/4	4	2	1/8		1/8	1	581													
30	30	233/2	233/2	0.5	1/8	1/8	Chord	4/4	4	2	1/8		1/8	1	582													
30	30	117	117	0.5	1/4	1/4	Chord	4/4	4	2	1/8		1/8	1	583													
30	30	235/2	235/2	0.5	3/8	3/8	Chord	4/4	4	2	1/8		1/8	1	584													
30	30	118	118	0.5	1/2	1/2	Chord	4/4	4	2	1/8		1/8	1	585													
30	30	237/2	237/2	0.5	5/8	5/8	Chord	4/4	4	2	1/8		1/8	1	586													
30	30	119	119	0.5	3/4	3/4	Chord	4/4	4	2	1/8		1/8	1	587													
30	30	239/2	239/2	0.5	7/8	7/8	Chord	4/4	4	2	1/8		1/8	1	588													
31	31	120	120	1.0	0	0	Chord	4/4	1	1	1/4		1/4	1	589													
31	31	121	121	1.0	1/4	1/4	Chord	4/4	1	1	1/4		1/4	1	590	-lo-												
31	31	122	122	2.0	1/2	1/2	Chord	4/4	1	1	1/2		1/2	1	591	-ro-									44			
31	31	120	120	3.0	0	0	Chord	4/4	2	1	3/4		1/2	3/2	592	do-												
31	31	123	123	0.5	3/4	3/4	Chord	4/4	2	1	1/8		1/8	1	593	-lo-									45			
31	31	247/2	247/2	0.5	7/8	7/8	Chord	4/4	2	1	1/8		1/8	1	594													
31	31	120	120	3.0	0	0	Chord	4/4	3	1	3/4		1/2	3/2	595										43			
31	31	123	123	0.5	3/4	3/4	Chord	4/4	3	1	1/8		1/8	1	596										43			
31	31	247/2	247/2	0.5	7/8	7/8	Chord	4/4	3	1	1/8		1/8	1	597													
31	31	120	120	1.0	0	0	Chord	4/4	3	2	1/4		1/4	1	598													
31	31	121	121	1.0	1/4	1/4	Chord	4/4	3	2	1/4		1/4	1	599													
31	31	122	122	2.0	1/2	1/2	Chord	4/4	3	2	1/2		1/2	1	600													
31	31	120	120	1.0	0	0	Chord	4/4	4	1	1/4		1/4	1	601													
31	31	121	121	2.0	1/4	1/4	Chord	4/4	4	1	1/2		1/2	1	602													
31	31	123	123	1.0	3/4	3/4	Chord	4/4	4	1	1/4		1/4	1	603													
31	31	120	120	0.5	0	0	Chord	4/4	4	2	1/8		1/8	1	604													
31	31	241/2	241/2	0.5	1/8	1/8	Chord	4/4	4	2	1/8		1/8	1	605													
31	31	121	121	0.5	1/4	1/4	Chord	4/4	4	2	1/8		1/8	1	606													
31	31	243/2	243/2	0.5	3/8	3/8	Chord	4/4	4	2	1/8		1/8	1	607													
31	31	122	122	0.5	1/2	1/2	Chord	4/4	4	2	1/8		1/8	1	608													
31	31	245/2	245/2	0.5	5/8	5/8	Chord	4/4	4	2	1/8		1/8	1	609													
31	31	123	123	0.5	3/4	3/4	Chord	4/4	4	2	1/8		1/8	1	610													
31	31	247/2	247/2	0.5	7/8	7/8	Chord	4/4	4	2	1/8		1/8	1	611													
32	32	124	124	2.0	0	0	Chord	4/4	1	1	1/2		1/2	1	612													
32	32	126	126	1.0	1/2	1/2	Chord	4/4	1	1	1/4		1/4	1	613	-sa												
32	32	124	124	2.0	0	0	Chord	4/4	2	1	1/2		1/2	1	614	-ro-												
32	32	126	126	1.0	1/2	1/2	Chord	4/4	2	1	1/4		1/4	1	615	-sa												
32	32	124	124	0.5	0	0	Chord	4/4	3	1	1/8		1/8	1	616													
32	32	249/2	249/2	0.5	1/8	1/8	Chord	4/4	3	1	1/8		1/8	1	617													
32	32	125	125	0.5	1/4	1/4	Chord	4/4	3	1	1/8		1/8	1	618													
32	32	251/2	251/2	0.5	3/8	3/8	Chord	4/4	3	1	1/8		1/8	1	619													
32	32	126	126	1.0	1/2	1/2	Chord	4/4	3	1	1/4		1/4	1	620													
32	32	127	127	1.0	3/4	3/4	Chord	4/4	3	1	1/4		1/4	1	621													
32	32	124	124	0.0	0	0	Spanner	4/4	4	1	0															11		
32	32	124	124	0.5	0	0	Chord	4/4	4	1	1/8		1/8	1	622											11		
32	32	249/2	249/2	0.5	1/8	1/8	Chord	4/4	4	1	1/8		1/8	1	623											11		
32	32	125	125	0.5	1/4	1/4	Chord	4/4	4	1	1/8		1/8	1	624											11		
32	32	251/2	251/2	0.5	3/8	3/8	Chord	4/4	4	1	1/8		1/8	1	625											11		
32	32	126	126	0.5	1/2	1/2	Chord	4/4	4	1	1/8		1/8	1	626											11		
32	32	253/2	253/2	0.0	5/8	5/8	Spanner	4/4	4	1	0																	
32	32	253/2	253/2	0.5	5/8	5/8	Chord	4/4	4	1	1/8		1/8	1	627													
32	32	127	127	0.5	3/4	3/4	Chord	4/4	4	1	1/8		1/8	1	628													
32	32	255/2	255/2	0.5	7/8	7/8	Chord	4/4	4	1	1/8		1/8	1	629													
33	33	130	130	0.0	1/2	1/2	StaffText	4/4	1	1	0								dol.									
33	33	130	130	0.0	1/2	1/2	Dynamic	4/4	1	1	0						pp											
33	33	130	130	1.0	1/2	1/2	Chord	4/4	1	1	1/4		1/4	1	630	jux-												
33	33	131	131	1.0	3/4	3/4	Chord	4/4	1	1	1/4		1/4	1	631	-ta												
33	33	128	128	0.0	0	0	StaffText	4/4	2	1	0								dol.									
33	33	128	128	0.0	0	0	Dynamic	4/4	2	1	0						pp											
33	33	128	128	1.0	0	0	Chord	4/4	2	1	1/4		1/4	1	632	jux-												
33	33	129	129	1.0	1/4	1/4	Chord	4/4	2	1	1/4		1/4	1	633	-ta												
33	33	130	130	1.0	1/2	1/2	Chord	4/4	2	1	1/4		1/4	1	634	cru-												
33	33	131	131	1.0	3/4	3/4	Chord	4/4	2	1	1/4		1/4	1	635	-cem												
33	33	128	128	1.0	0	0	Chord	4/4	3	1	1/4		1/4	1	636										46			
33	33	129	129	1.0	1/4	1/4	Chord	4/4	3	1	1/4		1/4	1	637										46			
33	33	130	130	1.0	1/2	1/2	Chord	4/4	3	1	1/4		1/4	1	638										46			
33	33	131	131	1.0	3/4	3/4	Chord	4/4	3	1	1/4		1/4	1	639										46			
33	33	130	130	1.0	1/2	1/2	Chord	4/4	3	2	1/4		1/4	1	640													
33	33	131	131	1.0	3/4	3/4	Chord	4/4	3	2	1/4		1/4	1	641													
33	33	128	128	4.0	0	0	Chord	4/4	3	3	1		1	1	642										47			
33	33	128	128	0.0	0	0	Dynamic	4/4	4	1	0						p											
33	33	128	128	2.0	0	0	Chord	4/4	4	1	1/2		1/2	1	643													
33	33	130	130	2.0	1/2	1/2	Chord	4/4	4	1	1/2		1/2	1	644													
33	33	128	128	2.0	0	0	Chord	4/4	4	2	1/2		1/2	1	645													
33	33	130	130	2.0	1/2	1/2	Chord	4/4	4	2	1/2		1/2	1	646													
34	34	132	132	1.0	0	0	Chord	4/4	1	1	1/4		1/4	1	647	cru-												
34	34	133	133	1.0	1/4	1/4	Chord	4/4	1	1	1/4		1/4	1	648	-cem												
34	34	134	134	1.0	1/2	1/2	Chord	4/4	1	1	1/4		1/4	1	649	la-												
34	34	135	135	1.0	3/4	3/4	Chord	4/4	1	1	1/4		1/4	1	650	-cri-												
34	34	132	132	1.0	0	0	Chord	4/4	2	1	1/4		1/4	1	651	la-												
34	34	133	133	1.0	1/4	1/4	Chord	4/4	2	1	1/4		1/4	1	652	-cri-												
34	34	134	134	0.0	1/2	1/2	Spanner	4/4	2	1	0																	5
34	34	134	134	1.0	1/2	1/2	Chord	4/4	2	1	1/4		1/4	1	653	-mo-									48			5
34	34	135	135	1.0	3/4	3/4	Chord	4/4	2	1	1/4		1/4	1	654										48			5
34	34	132	132	1.0	0	0	Chord	4/4	3	1	1/4		1/4	1	655										46			
34	34	133	133	1.0	1/4	1/4	Chord	4/4	3	1	1/4		1/4	1	656										46			
34	34	134	134	1.0	1/2	1/2	Chord	4/4	3	1	1/4		1/4	1	657										46			
34	34	135	135	1.0	3/4	3/4	Chord	4/4	3	1	1/4		1/4	1	658										46			
34	34	132	132	1.0	0	0	Chord	4/4	3	2	1/4		1/4	1	659													
34	34	133	133	1.0	1/4	1/4	Chord	4/4	3	2	1/4		1/4	1	660													
34	34	134	134	1.0	1/2	1/2	Chord	4/4	3	2	1/4		1/4	1	661													
34	34	135	135	1.0	3/4	3/4	Chord	4/4	3	2	1/4		1/4	1	662													
34	34	132	132	4.0	0	0	Chord	4/4	3	3	1		1	1	663										47			
34	34	132	132	2.0	0	0	Chord	4/4	4	1	1/2		1/2	1	664													
34	34	134	134	2.0	1/2	1/2	Chord	4/4	4	1	1/2		1/2	1	665													
34	34	132	132	2.0	0	0	Chord	4/4	4	2	1/2		1/2	1	666													
34	34	134	134	2.0	1/2	1/2	Chord	4/4	4	2	1/2		1/2	1	667													
35	35	136	136	0.0	0	0	Spanner	4/4	1	1	0																	6
35	35	136	136	2.0	0	0	Chord	4/4	1	1	1/2		1/2	1	668	-mo-									49			6
35	35	138	138	0.0	1/2	1/2	Spanner	4/4	1	1	0														49			
35	35	138	138	0.0	1/2	1/2	Spanner	4/4	1	1	0														49	12		
35	35	138	138	1.0	1/2	1/2	Chord	4/4	1	1	1/4		1/4	1	669										49	12		
35	35	139	139	1.0	3/4	3/4	Chord	4/4	1	1	1/4		1/4	1	670										49	12		
35	35	136	136	0.0	0	0	Spanner	4/4	2	1	0														48			
35	35	136	136	0.0	0	0	Spanner	4/4	2	1	0														48	13		
35	35	136	136	1.0	0	0	Chord	4/4	2	1	1/4		1/4	1	671										48	13		
35	35	137	137	1.0	1/4	1/4	Chord	4/4	2	1	1/4		1/4	1	672										48	13		
35	35	138	138	0.0	1/2	1/2	Spanner	4/4	2	1	0														48			
35	35	138	138	0.0	1/2	1/2	Spanner	4/4	2	1	0														48			7
35	35	138	138	2.0	1/2	1/2	Chord	4/4	2	1	1/2		1/2	1	673										48			7
35	35	136	136	1.0	0	0	Chord	4/4	3	1	1/4		1/4	1	674										46			
35	35	137	137	1.0	1/4	1/4	Chord	4/4	3	1	1/4		1/4	1	675										46			
35	35	138	138	1.0	1/2	1/2	Chord	4/4	3	1	1/4		1/4	1	676										46			
35	35	139	139	1.0	3/4	3/4	Chord	4/4	3	1	1/4		1/4	1	677										46			
35	35	136	136	2.0	0	0	Chord	4/4	3	2	1/2		1/2	1	678													
35	35	138	138	2.0	1/2	1/2	Chord	4/4	3	2	1/2		1/2	1	679													
35	35	136	136	4.0	0	0	Chord	4/4	3	3	1		1	1	680										47			
35	35	136	136	2.0	0	0	Chord	4/4	4	1	1/2		1/2	1	681													
35	35	138	138	2.0	1/2	1/2	Chord	4/4	4	1	1/2		1/2	1	682													
35	35	136	136	2.0	0	0	Chord	4/4	4	2	1/2		1/2	1	683													
35	35	138	138	2.0	1/2	1/2	Chord	4/4	4	2	1/2		1/2	1	684													
36	36	140	140	0.0	0	0	Spanner	4/4	1	1	0														49			
36	36	140	140	0.0	0	0	Spanner	4/4	1	1	0														49			8
36	36	140	140	2.0	0	0	Chord	4/4	1	1	1/2		1/2	1	685										49			8
36	36	142	142	0.0	1/2	1/2	Spanner	4/4	1	1	0														49			
36	36	142	142	0.0	1/2	1/2	Spanner	4/4	1	1	0														49	14		
36	36	142	142	1.0	1/2	1/2	Chord	4/4	1	1	1/4		1/4	1	686										49	14		
36	36	143	143	1.0	3/4	3/4	Chord	4/4	1	1	1/4		1/4	1	687										49	14		
36	36	140	140	0.0	0	0	Spanner	4/4	2	1	0														48			
36	36	140	140	0.0	0	0	Spanner	4/4	2	1	0														48	15		
36	36	140	140	1.0	0	0	Chord	4/4	2	1	1/4		1/4	1	688										48	15		
36	36	141	141	1.0	1/4	1/4	Chord	4/4	2	1	1/4		1/4	1	689										48	15		
36	36	142	142	0.0	1/2	1/2	Spanner	4/4	2	1	0														48			
36	36	142	142	2.0	1/2	1/2	Chord	4/4	2	1	1/2		1/2	1	690										48			
36	36	140	140	1.0	0	0	Chord	4/4	3	1	1/4		1/4	1	691										46			
36	36	141	141	1.0	1/4	1/4	Chord	4/4	3	1	1/4		1/4	1	692										46			
36	36	142	142	1.0	1/2	1/2	Chord	4/4	3	1	1/4		1/4	1	693										46			
36	36	143	143	1.0	3/4	3/4	Chord	4/4	3	1	1/4		1/4	1	694										46			
36	36	140	140	2.0	0	0	Chord	4/4	3	2	1/2		1/2	1	695													
36	36	142	142	2.0	1/2	1/2	Chord	4/4	3	2	1/2		1/2	1	696													
36	36	140	140	4.0	0	0	Chord	4/4	3	3	1		1	1	697										47			
36	36	140	140	2.0	0	0	Chord	4/4	4	1	1/2		1/2	1	698													
36	36	142	142	2.0	1/2	1/2	Chord	4/4	4	1	1/2		1/2	1	699													
36	36	140	140	2.0	0	0	Chord	4/4	4	2	1/2		1/2	1	700													
36	36	142	142	2.0	1/2	1/2	Chord	4/4	4	2	1/2		1/2	1	701													
37	37	144	144	0.0	0	0	Spanner	4/4	1	1	0														49			
37	37	144	144	1.0	0	0	Chord	4/4	1	1	1/4		1/4	1	702										49			
37	37	145	145	0.25	1/4	1/4	Chord	4/4	1	1	1/16		1/16	1	703										49			
37	37	581/4	581/4	0.25	5/16	5/16	Chord	4/4	1	1	1/16		1/16	1	704										49			
37	37	291/2	291/2	0.5	3/8	3/8	Chord	4/4	1	1	1/8		1/8	1	705													
37	37	146	146	1.0	1/2	1/2	Chord	4/4	1	1	1/4		1/4	1	706	-sa,												
37	37	144	144	1.0	0	0	Chord	4/4	2	1	1/4		1/4	1	707										48			
37	37	145	145	0.25	1/4	1/4	Chord	4/4	2	1	1/16		1/16	1	708										48			
37	37	581/4	581/4	0.25	5/16	5/16	Chord	4/4	2	1	1/16		1/16	1	709										48			
37	37	291/2	291/2	0.5	3/8	3/8	Chord	4/4	2	1	1/8		1/8	1	710													
37	37	146	146	1.0	1/2	1/2	Chord	4/4	2	1	1/4		1/4	1	711	-sa,												
37	37	144	144	0.5	0	0	Chord	4/4	3	1	1/8		1/8	1	712													
37	37	289/2	289/2	0.5	1/8	1/8	Chord	4/4	3	1	1/8		1/8	1	713													
37	37	145	145	0.5	1/4	1/4	Chord	4/4	3	1	1/8		1/8	1	714													
37	37	291/2	291/2	0.5	3/8	3/8	Chord	4/4	3	1	1/8		1/8	1	715													
37	37	146	146	0.5	1/2	1/2	Chord	4/4	3	1	1/8		1/8	1	716													
37	37	293/2	293/2	0.0	5/8	5/8	Dynamic	4/4	3	1	0						p											
37	37	293/2	293/2	0.5	5/8	5/8	Chord	4/4	3	1	1/8		1/8	1	717			articStaccatoAbove										
37	37	147	147	0.5	3/4	3/4	Chord	4/4	3	1	1/8		1/8	1	718			articStaccatoAbove										
37	37	295/2	295/2	0.5	7/8	7/8	Chord	4/4	3	1	1/8		1/8	1	719			articStaccatoAbove										
37	37	144	144	0.5	0	0	Chord	4/4	4	1	1/8		1/8	1	720													
37	37	289/2	289/2	0.5	1/8	1/8	Chord	4/4	4	1	1/8		1/8	1	721													
37	37	145	145	0.5	1/4	1/4	Chord	4/4	4	1	1/8		1/8	1	722													
37	37	291/2	291/2	0.5	3/8	3/8	Chord	4/4	4	1	1/8		1/8	1	723													
37	37	146	146	2.0	1/2	1/2	Chord	4/4	4	1	1/2		1/2	1	724													
37	37	146	146	1.0	1/2	1/2	Chord	4/4	4	2	1/4		1/4	1	725													
38	38	297/2	297/2	0.0	1/8	1/8	Dynamic	4/4	1	1	0						p											
38	38	297/2	297/2	0.5	1/8	1/8	Chord	4/4	1	1	1/8		1/8	1	726	dum									50			
38	38	149	149	0.5	1/4	1/4	Chord	4/4	1	1	1/8		1/8	1	727													
38	38	299/2	299/2	0.5	3/8	3/8	Chord	4/4	1	1	1/8		1/8	1	728	pen-												
38	38	150	150	1.0	1/2	1/2	Chord	4/4	1	1	1/4		1/4	1	729	-de-		ornamentTrill										
38	38	151	151	1.0	3/4	3/4	Chord	4/4	1	1	1/4		1/4	1	730	-bat,		ornamentTrill										
38	38	297/2	297/2	0.0	1/8	1/8	Dynamic	4/4	2	1	0						p											
38	38	297/2	297/2	0.5	1/8	1/8	Chord	4/4	2	1	1/8		1/8	1	731	dum									51			
38	38	149	149	0.5	1/4	1/4	Chord	4/4	2	1	1/8		1/8	1	732													
38	38	299/2	299/2	0.5	3/8	3/8	Chord	4/4	2	1	1/8		1/8	1	733	pen-												
38	38	150	150	1.0	1/2	1/2	Chord	4/4	2	1	1/4		1/4	1	734	-de-		ornamentTrill										
38	38	151	151	1.0	3/4	3/4	Chord	4/4	2	1	1/4		1/4	1	735	-bat,		ornamentTrill										
38	38	148	148	0.5	0	0	Chord	4/4	3	1	1/8		1/8	1	736			articStaccatoBelow										
38	38	297/2	297/2	0.5	1/8	1/8	Chord	4/4	3	1	1/8		1/8	1	737										52			
38	38	149	149	0.5	1/4	1/4	Chord	4/4	3	1	1/8		1/8	1	738													
38	38	299/2	299/2	0.5	3/8	3/8	Chord	4/4	3	1	1/8		1/8	1	739			articStaccatoBelow										
38	38	150	150	0.5	1/2	1/2	Chord	4/4	3	1	1/8		1/8	1	740			articStaccatoAbove										
38	38	301/2	301/2	0.5	5/8	5/8	Chord	4/4	3	1	1/8		1/8	1	741			articStaccatoAbove										
38	38	151	151	0.5	3/4	3/4	Chord	4/4	3	1	1/8		1/8	1	742			articStaccatoAbove										
38	38	303/2	303/2	0.5	7/8	7/8	Chord	4/4	3	1	1/8		1/8	1	743			articStaccatoAbove										
38	38	297/2	297/2	0.5	1/8	1/8	Chord	4/4	4	1	1/8		1/8	1	744													
38	38	149	149	0.5	1/4	1/4	Chord	4/4	4	1	1/8		1/8	1	745													
38	38	299/2	299/2	0.5	3/8	3/8	Chord	4/4	4	1	1/8		1/8	1	746													
38	38	150	150	2.0	1/2	1/2	Chord	4/4	4	1	1/2		1/2	1	747													
38	38	150	150	1.0	1/2	1/2	Chord	4/4	4	2	1/4		1/4	1	748													
39	39	305/2	305/2	0.0	1/8	1/8	Spanner	4/4	1	1	0																	9
39	39	305/2	305/2	0.5	1/8	1/8	Chord	4/4	1	1	1/8		1/8	1	749	dum												9
39	39	153	153	0.5	1/4	1/4	Chord	4/4	1	1	1/8		1/8	1	750													9
39	39	307/2	307/2	0.5	3/8	3/8	Chord	4/4	1	1	1/8		1/8	1	751	pen-												9
39	39	154	154	0.0	1/2	1/2	Spanner	4/4	1	1	0																	
39	39	154	154	0.5	1/2	1/2	Chord	4/4	1	1	1/8		1/8	1	752	-de-									53			
39	39	309/2	309/2	0.5	5/8	5/8	Chord	4/4	1	1	1/8		1/8	1	753										53			
39	39	155	155	0.5	3/4	3/4	Chord	4/4	1	1	1/8		1/8	1	754													
39	39	311/2	311/2	0.5	7/8	7/8	Chord	4/4	1	1	1/8		1/8	1	755	-bat												
39	39	305/2	305/2	0.0	1/8	1/8	Spanner	4/4	2	1	0																	10
39	39	305/2	305/2	0.5	1/8	1/8	Chord	4/4	2	1	1/8		1/8	1	756	dum												10
39	39	153	153	0.5	1/4	1/4	Chord	4/4	2	1	1/8		1/8	1	757													10
39	39	307/2	307/2	0.5	3/8	3/8	Chord	4/4	2	1	1/8		1/8	1	758	pen-												10
39	39	154	154	0.5	1/2	1/2	Chord	4/4	2	1	1/8		1/8	1	759	-de-									54			10
39	39	309/2	309/2	0.0	5/8	5/8	Spanner	4/4	2	1	0														54			
39	39	309/2	309/2	0.5	5/8	5/8	Chord	4/4	2	1	1/8		1/8	1	760										54			
39	39	155	155	0.5	3/4	3/4	Chord	4/4	2	1	1/8		1/8	1	761													
39	39	311/2	311/2	0.5	7/8	7/8	Chord	4/4	2	1	1/8		1/8	1	762	-bat												
39	39	152	152	0.5	0	0	Chord	4/4	3	1	1/8		1/8	1	763													
39	39	305/2	305/2	0.5	1/8	1/8	Chord	4/4	3	1	1/8		1/8	1	764										55			
39	39	153	153	0.5	1/4	1/4	Chord	4/4	3	1	1/8		1/8	1	765													
39	39	307/2	307/2	0.5	3/8	3/8	Chord	4/4	3	1	1/8		1/8	1	766													
39	39	154	154	0.5	1/2	1/2	Chord	4/4	3	1	1/8		1/8	1	767													
39	39	309/2	309/2	0.5	5/8	5/8	Chord	4/4	3	1	1/8		1/8	1	768										56			
39	39	155	155	0.5	3/4	3/4	Chord	4/4	3	1	1/8		1/8	1	769										56			
39	39	311/2	311/2	0.5	7/8	7/8	Chord	4/4	3	1	1/8		1/8	1	770													
39	39	305/2	305/2	0.0	1/8	1/8	Spanner	4/4	4	1	0																	11
39	39	305/2	305/2	0.5	1/8	1/8	Chord	4/4	4	1	1/8		1/8	1	771													11
39	39	153	153	0.5	1/4	1/4	Chord	4/4	4	1	1/8		1/8	1	772													11
39	39	307/2	307/2	0.5	3/8	3/8	Chord	4/4	4	1	1/8		1/8	1	773													11
39	39	154	154	0.5	1/2	1/2	Chord	4/4	4	1	1/8		1/8	1	774													11
39	39	309/2	309/2	0.0	5/8	5/8	Dynamic	4/4	4	1	0						f											
39	39	309/2	309/2	0.0	5/8	5/8	Spanner	4/4	4	1	0																	
39	39	309/2	309/2	0.5	5/8	5/8	Chord	4/4	4	1	1/8		1/8	1	775										57			
39	39	155	155	0.5	3/4	3/4	Chord	4/4	4	1	1/8		1/8	1	776										57			
39	39	311/2	311/2	0.5	7/8	7/8	Chord	4/4	4	1	1/8		1/8	1	777													
40	40	156	156	0.0	0	0	Spanner	4/4	1	1	0															16		
40	40	156	156	0.5	0	0	Chord	4/4	1	1	1/8		1/8	1	778	fi-									58	16		
40	40	313/2	313/2	0.5	1/8	1/8	Chord	4/4	1	1	1/8		1/8	1	779										58	16		
40	40	157	157	0.75	1/4	1/4	Chord	4/4	1	1	3/16		1/8	3/2	780											16		
40	40	631/4	631/4	0.25	7/16	7/16	Chord	4/4	1	1	1/16		1/16	1	781	-li-										16		
40	40	158	158	0.0	1/2	1/2	Spanner	4/4	1	1	0																	
40	40	158	158	1.0	1/2	1/2	Chord	4/4	1	1	1/4		1/4	1	782	-us,												
40	40	156	156	0.0	0	0	Spanner	4/4	2	1	0															17		
40	40	156	156	1.0	0	0	Chord	4/4	2	1	1/4		1/4	1	783	fi-									59	17		
40	40	157	157	0.75	1/4	1/4	Chord	4/4	2	1	3/16		1/8	3/2	784											17		
40	40	631/4	631/4	0.0	7/16	7/16	Spanner	4/4	2	1	0																	
40	40	631/4	631/4	0.25	7/16	7/16	Chord	4/4	2	1	1/16		1/16	1	785	-li-												
40	40	158	158	1.0	1/2	1/2	Chord	4/4	2	1	1/4		1/4	1	786	-us,												
40	40	156	156	0.5	0	0	Chord	4/4	3	1	1/8		1/8	1	787													
40	40	313/2	313/2	0.5	1/8	1/8	Chord	4/4	3	1	1/8		1/8	1	788													
40	40	157	157	0.5	1/4	1/4	Chord	4/4	3	1	1/8		1/8	1	789													
40	40	315/2	315/2	0.5	3/8	3/8	Chord	4/4	3	1	1/8		1/8	1	790													
40	40	317/2	317/2	0.5	5/8	5/8	Chord	4/4	3	1	1/8		1/8	1	791			articStaccatoAbove										
40	40	319/2	319/2	0.5	7/8	7/8	Chord	4/4	3	1	1/8		1/8	1	792			articStaccatoAbove										
40	40	156	156	0.0	0	0	Spanner	4/4	4	1	0															18		
40	40	156	156	0.5	0	0	Chord	4/4	4	1	1/8		1/8	1	793											18		
40	40	313/2	313/2	0.5	1/8	1/8	Chord	4/4	4	1	1/8		1/8	1	794											18		
40	40	157	157	0.5	1/4	1/4	Chord	4/4	4	1	1/8		1/8	1	795											18		
40	40	315/2	315/2	0.0	3/8	3/8	Spanner	4/4	4	1	0																	
40	40	315/2	315/2	0.5	3/8	3/8	Chord	4/4	4	1	1/8		1/8	1	796													
40	40	158	158	0.0	1/2	1/2	Dynamic	4/4	4	1	0						other-dynamics											
40	40	158	158	0.5	1/2	1/2	Chord	4/4	4	1	1/8		1/8	1	797													
40	40	159	159	0.5	3/4	3/4	Chord	4/4	4	1	1/8		1/8	1	798													
41	41	321/2	321/2	0.0	1/8	1/8	Dynamic	4/4	1	1	0						p											
41	41	321/2	321/2	0.5	1/8	1/8	Chord	4/4	1	1	1/8		1/8	1	799	do-									60			
41	41	161	161	0.5	1/4	1/4	Chord	4/4	1	1	1/8		1/8	1	800													
41	41	323/2	323/2	0.5	3/8	3/8	Chord	4/4	1	1	1/8		1/8	1	801	-lo-												
41	41	162	162	0.25	1/2	1/2	Chord	4/4	1	1	1/16		1/16	1	802	-ro-									61			
41	41	649/4	649/4	0.25	9/16	9/16	Chord	4/4	1	1	1/16		1/16	1	803													
41	41	325/2	325/2	0.5	5/8	5/8	Chord	4/4	1	1	1/8		1/8	1	804	-sa,												
41	41	321/2	321/2	0.5	1/8	1/8	Chord	4/4	3	1	1/8		1/8	1	805										62			
41	41	161	161	0.5	1/4	1/4	Chord	4/4	3	1	1/8		1/8	1	806										62			
41	41	323/2	323/2	0.5	3/8	3/8	Chord	4/4	3	1	1/8		1/8	1	807													
41	41	162	162	0.5	1/2	1/2	Chord	4/4	3	1	1/8		1/8	1	808													
41	41	325/2	325/2	0.5	5/8	5/8	Chord	4/4	3	1	1/8		1/8	1	809			articStaccatoAbove										
41	41	327/2	327/2	0.5	7/8	7/8	Chord	4/4	3	1	1/8		1/8	1	810			articStaccatoAbove										
41	41	321/2	321/2	1.0	1/8	1/8	Chord	4/4	3	2	1/4		1/4	1	811													
41	41	323/2	323/2	0.5	3/8	3/8	Chord	4/4	3	2	1/8		1/8	1	812													
41	41	160	160	0.5	0	0	Chord	4/4	4	1	1/8		1/8	1	813													
41	41	161	161	0.5	1/4	1/4	Chord	4/4	4	1	1/8		1/8	1	814													
41	41	162	162	0.5	1/2	1/2	Chord	4/4	4	1	1/8		1/8	1	815													
41	41	163	163	0.5	3/4	3/4	Chord	4/4	4	1	1/8		1/8	1	816													
42	42	329/2	329/2	0.0	1/8	1/8	Dynamic	4/4	2	1	0						p											
42	42	329/2	329/2	0.5	1/8	1/8	Chord	4/4	2	1	1/8		1/8	1	817	la-									63			
42	42	165	165	0.5	1/4	1/4	Chord	4/4	2	1	1/8		1/8	1	818													
42	42	331/2	331/2	0.5	3/8	3/8	Chord	4/4	2	1	1/8		1/8	1	819	-cri-												
42	42	166	166	0.25	1/2	1/2	Chord	4/4	2	1	1/16		1/16	1	820	-mo-									64			
42	42	665/4	665/4	0.25	9/16	9/16	Chord	4/4	2	1	1/16		1/16	1	821													
42	42	333/2	333/2	0.5	5/8	5/8	Chord	4/4	2	1	1/8		1/8	1	822	-sa,												
42	42	329/2	329/2	0.5	1/8	1/8	Chord	4/4	3	1	1/8		1/8	1	823										65			
42	42	165	165	0.5	1/4	1/4	Chord	4/4	3	1	1/8		1/8	1	824										65			
42	42	331/2	331/2	0.5	3/8	3/8	Chord	4/4	3	1	1/8		1/8	1	825													
42	42	166	166	0.5	1/2	1/2	Chord	4/4	3	1	1/8		1/8	1	826										66			
42	42	333/2	333/2	0.5	5/8	5/8	Chord	4/4	3	1	1/8		1/8	1	827													
42	42	329/2	329/2	1.0	1/8	1/8	Chord	4/4	3	2	1/4		1/4	1	828													
42	42	331/2	331/2	0.5	3/8	3/8	Chord	4/4	3	2	1/8		1/8	1	829													
42	42	166	166	1.0	1/2	1/2	Chord	4/4	3	2	1/4		1/4	1	830													
42	42	164	164	0.5	0	0	Chord	4/4	4	1	1/8		1/8	1	831													
42	42	165	165	0.5	1/4	1/4	Chord	4/4	4	1	1/8		1/8	1	832													
42	42	166	166	0.0	1/2	1/2	Spanner	4/4	4	1	0															19		
42	42	166	166	1.0	1/2	1/2	Chord	4/4	4	1	1/4		1/4	1	833											19		
42	42	167	167	0.0	3/4	3/4	Spanner	4/4	4	1	0																	
43	43	170	170	0.0	1/2	1/2	StaffText	4/4	1	1	0								sotto voce									
43	43	170	170	0.0	1/2	1/2	Dynamic	4/4	1	1	0						pp											
43	43	170	170	2.0	1/2	1/2	Chord	4/4	1	1	1/2		1/2	1	834	dum												
43	43	168	168	0.0	0	0	StaffText	4/4	2	1	0								sotto voce									
43	43	168	168	0.0	0	0	Dynamic	4/4	2	1	0						pp											
43	43	168	168	3.0	0	0	Chord	4/4	2	1	3/4		1/2	3/2	835	dum												
43	43	171	171	1.0	3/4	3/4	Chord	4/4	2	1	1/4		1/4	1	836	pen-												
43	43	170	170	2.0	1/2	1/2	Chord	4/4	3	1	1/2		1/2	1	837													
43	43	168	168	0.5	0	0	Chord	4/4	3	2	1/8		1/8	1	838													
43	43	337/2	337/2	0.5	1/8	1/8	Chord	4/4	3	2	1/8		1/8	1	839													
43	43	169	169	0.5	1/4	1/4	Chord	4/4	3	2	1/8		1/8	1	840													
43	43	339/2	339/2	0.5	3/8	3/8	Chord	4/4	3	2	1/8		1/8	1	841													
43	43	170	170	0.5	1/2	1/2	Chord	4/4	3	2	1/8		1/8	1	842													
43	43	341/2	341/2	0.5	5/8	5/8	Chord	4/4	3	2	1/8		1/8	1	843													
43	43	171	171	0.5	3/4	3/4	Chord	4/4	3	2	1/8		1/8	1	844													
43	43	343/2	343/2	0.5	7/8	7/8	Chord	4/4	3	2	1/8		1/8	1	845													
43	43	168	168	4.0	0	0	Chord	4/4	3	3	1		1	1	846										67			
43	43	168	168	0.0	0	0	StaffText	4/4	4	1	0								sotto voce									
43	43	168	168	0.0	0	0	Dynamic	4/4	4	1	0						pp											
43	43	168	168	0.5	0	0	Chord	4/4	4	1	1/8		1/8	1	847													
43	43	337/2	337/2	0.5	1/8	1/8	Chord	4/4	4	1	1/8		1/8	1	848													
43	43	169	169	0.5	1/4	1/4	Chord	4/4	4	1	1/8		1/8	1	849													
43	43	339/2	339/2	0.5	3/8	3/8	Chord	4/4	4	1	1/8		1/8	1	850													
43	43	170	170	0.5	1/2	1/2	Chord	4/4	4	1	1/8		1/8	1	851													
43	43	341/2	341/2	0.5	5/8	5/8	Chord	4/4	4	1	1/8		1/8	1	852													
43	43	171	171	0.5	3/4	3/4	Chord	4/4	4	1	1/8		1/8	1	853													
43	43	343/2	343/2	0.5	7/8	7/8	Chord	4/4	4	1	1/8		1/8	1	854													
44	44	172	172	1.0	0	0	Chord	4/4	1	1	1/4		1/4	1	855													
44	44	173	173	1.0	1/4	1/4	Chord	4/4	1	1	1/4		1/4	1	856	pen-												
44	44	174	174	1.0	1/2	1/2	Chord	4/4	1	1	1/4		1/4	1	857	-de-												
44	44	175	175	1.0	3/4	3/4	Chord	4/4	1	1	1/4		1/4	1	858	-bat												
44	44	172	172	2.0	0	0	Chord	4/4	2	1	1/2		1/2	1	859	-de-									68			
44	44	174	174	1.0	1/2	1/2	Chord	4/4	2	1	1/4		1/4	1	860													
44	44	175	175	1.0	3/4	3/4	Chord	4/4	2	1	1/4		1/4	1	861	-bat												
44	44	172	172	3.0	0	0	Chord	4/4	3	1	3/4		1/2	3/2	862													
44	44	175	175	1.0	3/4	3/4	Chord	4/4	3	1	1/4		1/4	1	863													
44	44	174	174	2.0	1/2	1/2	Chord	4/4	3	2	1/2		1/2	1	864													
44	44	172	172	2.0	0	0	Chord	4/4	3	3	1/2		1/2	1	865										67			
44	44	174	174	1.0	1/2	1/2	Chord	4/4	3	3	1/4		1/4	1	866										67			
44	44	172	172	0.5	0	0	Chord	4/4	4	1	1/8		1/8	1	867													
44	44	345/2	345/2	0.5	1/8	1/8	Chord	4/4	4	1	1/8		1/8	1	868													
44	44	173	173	0.5	1/4	1/4	Chord	4/4	4	1	1/8		1/8	1	869													
44	44	347/2	347/2	0.5	3/8	3/8	Chord	4/4	4	1	1/8		1/8	1	870													
44	44	174	174	0.5	1/2	1/2	Chord	4/4	4	1	1/8		1/8	1	871													
44	44	349/2	349/2	0.5	5/8	5/8	Chord	4/4	4	1	1/8		1/8	1	872													
44	44	175	175	0.5	3/4	3/4	Chord	4/4	4	1	1/8		1/8	1	873													
44	44	351/2	351/2	0.5	7/8	7/8	Chord	4/4	4	1	1/8		1/8	1	874													
45	45	176	176	0.0	0	0	Spanner	4/4	1	1	0															20		
45	45	176	176	1.5	0	0	Chord	4/4	1	1	3/8		1/4	3/2	875	fi-										20		
45	45	355/2	355/2	0.5	3/8	3/8	Chord	4/4	1	1	1/8		1/8	1	876	-li-										20		
45	45	178	178	1.0	1/2	1/2	Chord	4/4	1	1	1/4		1/4	1	877	-us.										20		
45	45	179	179	0.0	3/4	3/4	Dynamic	4/4	1	1	0						ppp											
45	45	179	179	0.0	3/4	3/4	Spanner	4/4	1	1	0																	
45	45	176	176	0.0	0	0	Spanner	4/4	2	1	0															21		
45	45	176	176	1.0	0	0	Chord	4/4	2	1	1/4		1/4	1	878	fi-									69	21		
45	45	177	177	0.5	1/4	1/4	Chord	4/4	2	1	1/8		1/8	1	879											21		
45	45	355/2	355/2	0.5	3/8	3/8	Chord	4/4	2	1	1/8		1/8	1	880	-li-										21		
45	45	178	178	1.0	1/2	1/2	Chord	4/4	2	1	1/4		1/4	1	881	-us.										21		
45	45	179	179	0.0	3/4	3/4	Dynamic	4/4	2	1	0						ppp											
45	45	179	179	0.0	3/4	3/4	Spanner	4/4	2	1	0																	
45	45	176	176	1.0	0	0	Chord	4/4	3	1	1/4		1/4	1	882													
45	45	177	177	1.0	1/4	1/4	Chord	4/4	3	1	1/4		1/4	1	883													
45	45	178	178	0.5	1/2	1/2	Chord	4/4	3	1	1/8		1/8	1	884													
45	45	357/2	357/2	0.0	5/8	5/8	Dynamic	4/4	3	1	0						p											
45	45	357/2	357/2	0.5	5/8	5/8	Chord	4/4	3	1	1/8		1/8	1	885													
45	45	359/2	359/2	0.5	7/8	7/8	Chord	4/4	3	1	1/8		1/8	1	886													
45	45	176	176	2.0	0	0	Chord	4/4	3	2	1/2		1/2	1	887													
45	45	176	176	0.5	0	0	Chord	4/4	4	1	1/8		1/8	1	888													
45	45	353/2	353/2	0.5	1/8	1/8	Chord	4/4	4	1	1/8		1/8	1	889													
45	45	177	177	0.5	1/4	1/4	Chord	4/4	4	1	1/8		1/8	1	890													
45	45	355/2	355/2	0.5	3/8	3/8	Chord	4/4	4	1	1/8		1/8	1	891													
45	45	178	178	0.5	1/2	1/2	Chord	4/4	4	1	1/8		1/8	1	892													
45	45	179	179	0.5	3/4	3/4	Chord	4/4	4	1	1/8		1/8	1	893													
46	46	361/2	361/2	0.5	1/8	1/8	Chord	4/4	3	1	1/8		1/8	1	894										70			
46	46	181	181	0.5	1/4	1/4	Chord	4/4	3	1	1/8		1/8	1	895										70			
46	46	363/2	363/2	0.5	3/8	3/8	Chord	4/4	3	1	1/8		1/8	1	896													
46	46	182	182	0.5	1/2	1/2	Chord	4/4	3	1	1/8		1/8	1	897													
46	46	365/2	365/2	0.5	5/8	5/8	Chord	4/4	3	1	1/8		1/8	1	898			articStaccatoAbove										
46	46	367/2	367/2	0.5	7/8	7/8	Chord	4/4	3	1	1/8		1/8	1	899													
46	46	361/2	361/2	1.0	1/8	1/8	Chord	4/4	3	2	1/4		1/4	1	900													
46	46	363/2	363/2	0.5	3/8	3/8	Chord	4/4	3	2	1/8		1/8	1	901													
46	46	180	180	0.5	0	0	Chord	4/4	4	1	1/8		1/8	1	902													
46	46	181	181	0.5	1/4	1/4	Chord	4/4	4	1	1/8		1/8	1	903													
46	46	182	182	0.5	1/2	1/2	Chord	4/4	4	1	1/8		1/8	1	904													
46	46	183	183	0.5	3/4	3/4	Chord	4/4	4	1	1/8		1/8	1	905													
47	47	369/2	369/2	0.5	1/8	1/8	Chord	4/4	3	1	1/8		1/8	1	906										71			
47	47	185	185	0.5	1/4	1/4	Chord	4/4	3	1	1/8		1/8	1	907										71			
47	47	371/2	371/2	0.5	3/8	3/8	Chord	4/4	3	1	1/8		1/8	1	908													
47	47	186	186	0.5	1/2	1/2	Chord	4/4	3	1	1/8		1/8	1	909										72			
47	47	373/2	373/2	0.5	5/8	5/8	Chord	4/4	3	1	1/8		1/8	1	910													
47	47	371/2	371/2	0.5	3/8	3/8	Chord	4/4	3	2	1/8		1/8	1	911													
47	47	184	184	0.0	0	0	Spanner	4/4	4	1	0																1	
47	47	184	184	0.5	0	0	Chord	4/4	4	1	1/8		1/8	1	912												1	
47	47	185	185	0.5	1/4	1/4	Chord	4/4	4	1	1/8		1/8	1	913												1	
47	47	186	186	0.0	1/2	1/2	Dynamic	4/4	4	1	0						pp											
47	47	186	186	0.0	1/2	1/2	Spanner	4/4	4	1	0																	
47	47	186	186	1.0	1/2	1/2	Chord	4/4	4	1	1/4		1/4	1	914													
