mc	mn	quarterbeats	quarterbeats_all_endings	duration_qb	mc_onset	mn_onset	event	timesig	staff	voice	duration	gracenote	nominal_duration	scalar	chord_id	lyrics_1	dynamics	articulation	staff_text	tempo	qpm	metronome_base	metronome_number	tempo_visible	slur	crescendo_hairpin	diminuendo_line	decrescendo_hairpin
1	1	0	0	0.0	0	0	Tempo	3/8	1	1	0									Andanteamoroso	55.0			1.0				
1	1	0	0	0.0	0	0	Tempo	3/8	1	1	0									ùÖü.=63	95.0	ùÖü.	63.0	0.0				
1	1	0	0	0.5	0	0	Chord	3/8	2	1	1/8		1/8	1	0													
1	1	1/2	1/2	1.0	1/8	1/8	Chord	3/8	2	1	1/4		1/4	1	1													
1	1	0	0	1.0	0	0	Chord	3/8	2	2	1/4		1/4	1	2													
1	1	1	1	0.5	1/4	1/4	Chord	3/8	2	2	1/8		1/8	1	3													
1	1	0	0	1.5	0	0	Chord	3/8	2	3	3/8		1/4	3/2	4													
1	1	0	0	0.0	0	0	Dynamic	3/8	3	1	0						p											
1	1	0	0	1.0	0	0	Chord	3/8	3	1	1/4		1/4	1	5													
1	1	1	1	0.5	1/4	1/4	Chord	3/8	3	1	1/8		1/8	1	6													
2	2	3/2	3/2	0.5	0	0	Chord	3/8	2	1	1/8		1/8	1	7													
2	2	2	2	1.0	1/8	1/8	Chord	3/8	2	1	1/4		1/4	1	8													
2	2	3/2	3/2	1.5	0	0	Chord	3/8	2	2	3/8		1/4	3/2	9													
2	2	3/2	3/2	0.0	0	0	Spanner	3/8	3	1	0															0		
2	2	3/2	3/2	1.0	0	0	Chord	3/8	3	1	1/4		1/4	1	10											0		
2	2	5/2	5/2	0.5	1/4	1/4	Chord	3/8	3	1	1/8		1/8	1	11											0		
2	2	3/2	3/2	1.0	0	0	Chord	3/8	3	2	1/4		1/4	1	12											0		
2	2	5/2	5/2	0.5	1/4	1/4	Chord	3/8	3	2	1/8		1/8	1	13											0		
3	3	3	3	0.5	0	0	Chord	3/8	2	1	1/8		1/8	1	14													
3	3	7/2	7/2	1.0	1/8	1/8	Chord	3/8	2	1	1/4		1/4	1	15			articTenutoAbove										
3	3	3	3	1.0	0	0	Chord	3/8	2	2	1/4		1/4	1	16													
3	3	4	4	0.5	1/4	1/4	Chord	3/8	2	2	1/8		1/8	1	17													
3	3	3	3	0.5	0	0	Chord	3/8	3	1	1/8		1/8	1	18											0		
3	3	7/2	7/2	1.0	1/8	1/8	Chord	3/8	3	1	1/4		1/4	1	19											0		
3	3	4	4	0.0	1/4	1/4	Spanner	3/8	3	1	0																	
3	3	3	3	1.0	0	0	Chord	3/8	3	2	1/4		1/4	1	20													
3	3	4	4	0.5	1/4	1/4	Chord	3/8	3	2	1/8		1/8	1	21													
4	4	9/2	9/2	0.5	0	0	Chord	3/8	2	1	1/8		1/8	1	22			articStaccatoAbove										
4	4	5	5	0.5	1/8	1/8	Chord	3/8	2	1	1/8		1/8	1	23			articStaccatoAbove										
4	4	9/2	9/2	0.5	0	0	Chord	3/8	2	2	1/8		1/8	1	24													
4	4	5	5	0.5	1/8	1/8	Chord	3/8	2	2	1/8		1/8	1	25													
4	4	9/2	9/2	0.0	0	0	Dynamic	3/8	3	1	0						f											
4	4	9/2	9/2	0.5	0	0	Chord	3/8	3	1	1/8		1/8	1	26													
4	4	5	5	0.5	1/8	1/8	Chord	3/8	3	1	1/8		1/8	1	27													
4	4	9/2	9/2	0.5	0	0	Chord	3/8	3	2	1/8		1/8	1	28													
4	4	5	5	0.5	1/8	1/8	Chord	3/8	3	2	1/8		1/8	1	29													
5	5	6	6	0.5	0	0	Chord	3/8	2	1	1/8		1/8	1	30			articStaccatoAbove										
5	5	13/2	13/2	1.0	1/8	1/8	Chord	3/8	2	1	1/4		1/4	1	31													
5	5	6	6	1.0	0	0	Chord	3/8	2	2	1/4		1/4	1	32													
5	5	7	7	0.5	1/4	1/4	Chord	3/8	2	2	1/8		1/8	1	33													
5	5	6	6	1.5	0	0	Chord	3/8	2	3	3/8		1/4	3/2	34													
5	5	6	6	0.0	0	0	Dynamic	3/8	3	1	0						p											
5	5	6	6	1.0	0	0	Chord	3/8	3	1	1/4		1/4	1	35													
5	5	7	7	0.5	1/4	1/4	Chord	3/8	3	1	1/8		1/8	1	36													
6	6	15/2	15/2	0.5	0	0	Chord	3/8	2	1	1/8		1/8	1	37			articStaccatoAbove										
6	6	8	8	1.0	1/8	1/8	Chord	3/8	2	1	1/4		1/4	1	38													
6	6	15/2	15/2	1.5	0	0	Chord	3/8	2	2	3/8		1/4	3/2	39													
6	6	15/2	15/2	1.0	0	0	Chord	3/8	3	1	1/4		1/4	1	40													
6	6	17/2	17/2	0.0	1/4	1/4	Spanner	3/8	3	1	0															1		
6	6	17/2	17/2	0.5	1/4	1/4	Chord	3/8	3	1	1/8		1/8	1	41											1		
6	6	15/2	15/2	1.0	0	0	Chord	3/8	3	2	1/4		1/4	1	42											1		
6	6	17/2	17/2	0.5	1/4	1/4	Chord	3/8	3	2	1/8		1/8	1	43											1		
7	7	9	9	0.5	0	0	Chord	3/8	2	1	1/8		1/8	1	44			articStaccatoAbove										
7	7	19/2	19/2	1.0	1/8	1/8	Chord	3/8	2	1	1/4		1/4	1	45													
7	7	9	9	1.0	0	0	Chord	3/8	2	2	1/4		1/4	1	46													
7	7	10	10	0.5	1/4	1/4	Chord	3/8	2	2	1/8		1/8	1	47													
7	7	9	9	0.5	0	0	Chord	3/8	3	1	1/8		1/8	1	48											1		
7	7	19/2	19/2	1.0	1/8	1/8	Chord	3/8	3	1	1/4		1/4	1	49											1		
7	7	9	9	1.0	0	0	Chord	3/8	3	2	1/4		1/4	1	50											1		
7	7	10	10	0.5	1/4	1/4	Chord	3/8	3	2	1/8		1/8	1	51											1		
8	8	21/2	21/2	0.5	0	0	Chord	3/8	2	1	1/8		1/8	1	52			articStaccatoAbove										
8	8	11	11	0.5	1/8	1/8	Chord	3/8	2	1	1/8		1/8	1	53			articStaccatoAbove										
8	8	21/2	21/2	0.5	0	0	Chord	3/8	2	2	1/8		1/8	1	54													
8	8	11	11	0.5	1/8	1/8	Chord	3/8	2	2	1/8		1/8	1	55													
8	8	21/2	21/2	0.0	0	0	Dynamic	3/8	3	1	0						f											
8	8	21/2	21/2	0.0	0	0	Spanner	3/8	3	1	0																	
8	8	21/2	21/2	0.5	0	0	Chord	3/8	3	1	1/8		1/8	1	56			articStaccatoAbove										
8	8	11	11	0.5	1/8	1/8	Chord	3/8	3	1	1/8		1/8	1	57			articStaccatoAbove										
8	8	21/2	21/2	0.5	0	0	Chord	3/8	3	2	1/8		1/8	1	58													
8	8	11	11	0.5	1/8	1/8	Chord	3/8	3	2	1/8		1/8	1	59													
9	9	12	12	0.25	0	0	Chord	3/8	2	1	1/16		1/16	1	60										0			
9	9	49/4	49/4	0.25	1/16	1/16	Chord	3/8	2	1	1/16		1/16	1	61										0			
9	9	25/2	25/2	0.5	1/8	1/8	Chord	3/8	2	1	1/8		1/8	1	62													
9	9	13	13	0.5	1/4	1/4	Chord	3/8	2	1	1/8		1/8	1	63			articStaccatoAbove										
9	9	12	12	1.5	0	0	Chord	3/8	2	2	3/8		1/4	3/2	64													
9	9	12	12	1.5	0	0	Chord	3/8	3	1	3/8		1/4	3/2	65													
9	9	49/4	49/4	0.0	1/16	1/16	Dynamic	3/8	3	1	0						other-dynamics											
10	10	27/2	27/2	0.25	0	0	Chord	3/8	2	1	1/16		1/16	1	66										1			
10	10	55/4	55/4	0.25	1/16	1/16	Chord	3/8	2	1	1/16		1/16	1	67										1			
10	10	14	14	0.5	1/8	1/8	Chord	3/8	2	1	1/8		1/8	1	68													
10	10	27/2	27/2	0.5	0	0	Chord	3/8	2	2	1/8		1/8	1	69													
10	10	14	14	0.5	1/8	1/8	Chord	3/8	2	2	1/8		1/8	1	70													
10	10	29/2	29/2	0.5	1/4	1/4	Chord	3/8	2	2	1/8		1/8	1	71													
10	10	27/2	27/2	0.5	0	0	Chord	3/8	3	1	1/8		1/8	1	72													
10	10	14	14	0.5	1/8	1/8	Chord	3/8	3	1	1/8		1/8	1	73										2			
10	10	29/2	29/2	0.5	1/4	1/4	Chord	3/8	3	1	1/8		1/8	1	74													
11	11	15	15	0.25	0	0	Chord	3/8	2	1	1/16		1/16	1	75										3			
11	11	61/4	61/4	0.25	1/16	1/16	Chord	3/8	2	1	1/16		1/16	1	76										3			
11	11	31/2	31/2	0.5	1/8	1/8	Chord	3/8	2	1	1/8		1/8	1	77													
11	11	16	16	0.5	1/4	1/4	Chord	3/8	2	1	1/8		1/8	1	78			articStaccatoAbove										
11	11	16	16	0.5	1/4	1/4	Chord	3/8	2	2	1/8		1/8	1	79													
11	11	15	15	1.0	0	0	Chord	3/8	3	1	1/4		1/4	1	80													
11	11	15	15	1.5	0	0	Chord	3/8	3	2	3/8		1/4	3/2	81													
12	12	33/2	33/2	1.5	0	0	Chord	3/8	2	1	3/8		1/4	3/2	82													
12	12	33/2	33/2	0.5	0	0	Chord	3/8	3	2	1/8		1/8	1	83													
12	12	17	17	0.5	1/8	1/8	Chord	3/8	3	2	1/8		1/8	1	84													
12	12	35/2	35/2	0.5	1/4	1/4	Chord	3/8	3	2	1/8		1/8	1	85													
13	13	18	18	0.5	0	0	Chord	3/8	2	1	1/8		1/8	1	86			articStaccatoAbove										
13	13	37/2	37/2	0.5	1/8	1/8	Chord	3/8	2	1	1/8		1/8	1	87										4			
13	13	19	19	0.5	1/4	1/4	Chord	3/8	2	1	1/8		1/8	1	88													
13	13	18	18	0.5	0	0	Chord	3/8	3	1	1/8		1/8	1	89			articStaccatoAbove										
13	13	37/2	37/2	0.5	1/8	1/8	Chord	3/8	3	1	1/8		1/8	1	90										5			
13	13	19	19	0.5	1/4	1/4	Chord	3/8	3	1	1/8		1/8	1	91													
14	14	39/2	39/2	0.5	0	0	Chord	3/8	2	1	1/8		1/8	1	92			articStaccatoAbove										
14	14	20	20	0.5	1/8	1/8	Chord	3/8	2	1	1/8		1/8	1	93			articStaccatoAbove										
14	14	39/2	39/2	1.0	0	0	Chord	3/8	2	2	1/4		1/4	1	94													
14	14	39/2	39/2	1.0	0	0	Chord	3/8	3	1	1/4		1/4	1	95													
15	15	21	21	0.0	0	0	Chord	3/8	2	1	0	appoggiatura	1/8	1	96													
15	15	21	21	1.5	0	0	Chord	3/8	2	1	3/8		1/4	3/2	97			ornamentTrill										
15	15	21	21	1.5	0	0	Chord	3/8	2	2	3/8		1/4	3/2	98													
15	15	21	21	0.0	0	0	Dynamic	3/8	3	1	0						f											
15	15	43/2	43/2	1.0	1/8	1/8	Chord	3/8	3	1	1/4		1/4	1	99													
15	15	43/2	43/2	0.5	1/8	1/8	Chord	3/8	3	2	1/8		1/8	1	100			articStaccatoBelow										
15	15	22	22	0.5	1/4	1/4	Chord	3/8	3	2	1/8		1/8	1	101			articStaccatoBelow										
16	16	45/2	45/2	0.0	0	0	Chord	3/8	2	1	0	appoggiatura	1/8	1	102													
16	16	45/2	45/2	1.5	0	0	Chord	3/8	2	1	3/8		1/4	3/2	103			ornamentTrill										
16	16	45/2	45/2	1.5	0	0	Chord	3/8	2	2	3/8		1/4	3/2	104													
16	16	45/2	45/2	0.5	0	0	Chord	3/8	3	1	1/8		1/8	1	105			articStaccatoAbove										
16	16	23	23	0.5	1/8	1/8	Chord	3/8	3	1	1/8		1/8	1	106			articStaccatoAbove										
16	16	47/2	47/2	0.5	1/4	1/4	Chord	3/8	3	1	1/8		1/8	1	107			articStaccatoAbove										
17	17	24	24	0.0	0	0	Chord	3/8	2	1	0	appoggiatura	1/8	1	108													
17	17	24	24	1.5	0	0	Chord	3/8	2	1	3/8		1/4	3/2	109			ornamentTrill										
17	17	24	24	1.5	0	0	Chord	3/8	2	2	3/8		1/4	3/2	110													
17	17	24	24	0.5	0	0	Chord	3/8	3	1	1/8		1/8	1	111													
17	17	49/2	49/2	0.5	1/8	1/8	Chord	3/8	3	1	1/8		1/8	1	112													
17	17	25	25	0.5	1/4	1/4	Chord	3/8	3	1	1/8		1/8	1	113													
17	17	49/2	49/2	1.0	1/8	1/8	Chord	3/8	3	2	1/4		1/4	1	114													
18	18	51/2	51/2	0.0	0	0	Chord	3/8	2	1	0	appoggiatura	1/8	1	115													
18	18	51/2	51/2	1.5	0	0	Chord	3/8	2	1	3/8		1/4	3/2	116			ornamentTrill										
18	18	51/2	51/2	0.5	0	0	Chord	3/8	2	2	1/8		1/8	1	117													
18	18	26	26	0.5	1/8	1/8	Chord	3/8	2	2	1/8		1/8	1	118													
18	18	53/2	53/2	0.5	1/4	1/4	Chord	3/8	2	2	1/8		1/8	1	119													
18	18	51/2	51/2	0.5	0	0	Chord	3/8	3	1	1/8		1/8	1	120													
18	18	26	26	0.5	1/8	1/8	Chord	3/8	3	1	1/8		1/8	1	121													
18	18	53/2	53/2	0.5	1/4	1/4	Chord	3/8	3	1	1/8		1/8	1	122													
19	19	27	27	1.5	0	0	Chord	3/8	2	1	3/8		1/4	3/2	123													
19	19	27	27	1.5	0	0	Chord	3/8	2	2	3/8		1/4	3/2	124										6			
19	19	55/2	55/2	0.0	1/8	1/8	Dynamic	3/8	3	1	0						p											
19	19	55/2	55/2	0.5	1/8	1/8	Chord	3/8	3	1	1/8		1/8	1	125													
19	19	28	28	0.5	1/4	1/4	Chord	3/8	3	1	1/8		1/8	1	126													
20	20	57/2	57/2	0.5	0	0	Chord	3/8	2	1	1/8		1/8	1	127													
20	20	29	29	0.5	1/8	1/8	Chord	3/8	2	1	1/8		1/8	1	128													
20	20	59/2	59/2	0.5	1/4	1/4	Chord	3/8	2	1	1/8		1/8	1	129													
20	20	57/2	57/2	1.5	0	0	Chord	3/8	2	2	3/8		1/4	3/2	130													
20	20	57/2	57/2	0.5	0	0	Chord	3/8	3	1	1/8		1/8	1	131													
20	20	29	29	0.5	1/8	1/8	Chord	3/8	3	1	1/8		1/8	1	132													
20	20	59/2	59/2	0.5	1/4	1/4	Chord	3/8	3	1	1/8		1/8	1	133													
21	21	30	30	0.5	0	0	Chord	3/8	2	1	1/8		1/8	1	134										7			
21	21	61/2	61/2	0.5	1/8	1/8	Chord	3/8	2	1	1/8		1/8	1	135										7			
21	21	31	31	0.5	1/4	1/4	Chord	3/8	2	1	1/8		1/8	1	136													
21	21	30	30	0.5	0	0	Chord	3/8	3	1	1/8		1/8	1	137										8			
21	21	61/2	61/2	0.5	1/8	1/8	Chord	3/8	3	1	1/8		1/8	1	138										8			
21	21	31	31	0.5	1/4	1/4	Chord	3/8	3	1	1/8		1/8	1	139													
22	22	63/2	63/2	0.25	0	0	Chord	3/8	2	1	1/16		1/16	1	140										9			
22	22	127/4	127/4	0.25	1/16	1/16	Chord	3/8	2	1	1/16		1/16	1	141													
22	22	32	32	0.5	1/8	1/8	Chord	3/8	2	1	1/8		1/8	1	142			articStaccatoAbove										
22	22	65/2	65/2	0.5	1/4	1/4	Chord	3/8	2	1	1/8		1/8	1	143			articStaccatoAbove										
22	22	63/2	63/2	0.5	0	0	Chord	3/8	2	2	1/8		1/8	1	144													
22	22	32	32	0.5	1/8	1/8	Chord	3/8	2	2	1/8		1/8	1	145													
22	22	65/2	65/2	0.5	1/4	1/4	Chord	3/8	2	2	1/8		1/8	1	146													
22	22	63/2	63/2	0.5	0	0	Chord	3/8	3	1	1/8		1/8	1	147										10			
22	22	32	32	0.5	1/8	1/8	Chord	3/8	3	1	1/8		1/8	1	148													
22	22	65/2	65/2	0.5	1/4	1/4	Chord	3/8	3	1	1/8		1/8	1	149													
23	23	33	33	0.0	0	0	Spanner	3/8	2	1	0																	0
23	23	33	33	0.5	0	0	Chord	3/8	2	1	1/8		1/8	1	150													0
23	23	67/2	67/2	0.5	1/8	1/8	Chord	3/8	2	1	1/8		1/8	1	151													0
23	23	34	34	0.0	1/4	1/4	Spanner	3/8	2	1	0																	
23	23	67/2	67/2	0.5	1/8	1/8	Chord	3/8	2	2	1/8		1/8	1	152													
23	23	34	34	0.5	1/4	1/4	Chord	3/8	2	2	1/8		1/8	1	153													
23	23	33	33	0.0	0	0	Spanner	3/8	3	1	0																	1
23	23	67/2	67/2	0.5	1/8	1/8	Chord	3/8	3	1	1/8		1/8	1	154													1
23	23	34	34	0.5	1/4	1/4	Chord	3/8	3	1	1/8		1/8	1	155													1
24	24	69/2	69/2	0.25	0	0	Chord	3/8	2	1	1/16		1/16	1	156										11			
24	24	139/4	139/4	0.25	1/16	1/16	Chord	3/8	2	1	1/16		1/16	1	157										11			
24	24	35	35	0.5	1/8	1/8	Chord	3/8	2	1	1/8		1/8	1	158													
24	24	71/2	71/2	0.5	1/4	1/4	Chord	3/8	2	1	1/8		1/8	1	159													
24	24	69/2	69/2	0.5	0	0	Chord	3/8	2	2	1/8		1/8	1	160													
24	24	35	35	0.5	1/8	1/8	Chord	3/8	2	2	1/8		1/8	1	161													
24	24	71/2	71/2	0.5	1/4	1/4	Chord	3/8	2	2	1/8		1/8	1	162													
24	24	69/2	69/2	0.0	0	0	Dynamic	3/8	3	1	0						pp											
24	24	69/2	69/2	0.0	0	0	Spanner	3/8	3	1	0																	
24	24	69/2	69/2	0.5	0	0	Chord	3/8	3	1	1/8		1/8	1	163										12			
24	24	35	35	0.5	1/8	1/8	Chord	3/8	3	1	1/8		1/8	1	164													
24	24	71/2	71/2	0.5	1/4	1/4	Chord	3/8	3	1	1/8		1/8	1	165													
25	25	36	36	0.0	0	0	Dynamic	3/8	2	1	0						f											
25	25	36	36	1.0	0	0	Chord	3/8	2	1	1/4		1/4	1	166													
25	25	73/2	73/2	0.5	1/8	1/8	Chord	3/8	2	2	1/8		1/8	1	167													
25	25	37	37	0.5	1/4	1/4	Chord	3/8	2	2	1/8		1/8	1	168													
25	25	73/2	73/2	0.0	1/8	1/8	Dynamic	3/8	3	1	0						f											
25	25	73/2	73/2	0.5	1/8	1/8	Chord	3/8	3	1	1/8		1/8	1	169													
25	25	37	37	0.5	1/4	1/4	Chord	3/8	3	1	1/8		1/8	1	170													
26	26	75/2	75/2	0.25	0	0	Chord	3/8	2	1	1/16		1/16	1	171			articStaccatoAbove										
26	26	151/4	151/4	0.25	1/16	1/16	Chord	3/8	2	1	1/16		1/16	1	172													
26	26	38	38	0.5	1/8	1/8	Chord	3/8	2	1	1/8		1/8	1	173			articStaccatoAbove										
26	26	77/2	77/2	0.5	1/4	1/4	Chord	3/8	2	1	1/8		1/8	1	174			articStaccatoAbove										
26	26	75/2	75/2	0.5	0	0	Chord	3/8	2	2	1/8		1/8	1	175													
26	26	38	38	0.5	1/8	1/8	Chord	3/8	2	2	1/8		1/8	1	176													
26	26	77/2	77/2	0.5	1/4	1/4	Chord	3/8	2	2	1/8		1/8	1	177													
26	26	75/2	75/2	0.5	0	0	Chord	3/8	3	1	1/8		1/8	1	178													
26	26	38	38	0.5	1/8	1/8	Chord	3/8	3	1	1/8		1/8	1	179													
26	26	77/2	77/2	0.5	1/4	1/4	Chord	3/8	3	1	1/8		1/8	1	180													
27	27	39	39	0.5	0	0	Chord	3/8	2	1	1/8		1/8	1	181													
27	27	79/2	79/2	0.5	1/8	1/8	Chord	3/8	2	1	1/8		1/8	1	182													
27	27	39	39	1.0	0	0	Chord	3/8	3	1	1/4		1/4	1	183													
28	28	81/2	81/2	0.0	0	0	Dynamic	3/8	1	1	0						p											
28	28	81/2	81/2	0.0	0	0	StaffText	3/8	1	1	0								Sopr. solo									
28	28	81/2	81/2	0.5	0	0	Chord	3/8	1	1	1/8		1/8	1	184	Cu-		articStaccatoAbove										
28	28	41	41	1.0	1/8	1/8	Chord	3/8	1	1	1/4		1/4	1	185	-jus												
28	28	81/2	81/2	0.5	0	0	Chord	3/8	2	1	1/8		1/8	1	186			articStaccatoAbove										
28	28	41	41	1.0	1/8	1/8	Chord	3/8	2	1	1/4		1/4	1	187			articStaccatoAbove										
28	28	81/2	81/2	1.0	0	0	Chord	3/8	2	2	1/4		1/4	1	188													
28	28	83/2	83/2	0.5	1/4	1/4	Chord	3/8	2	2	1/8		1/8	1	189													
28	28	81/2	81/2	1.5	0	0	Chord	3/8	2	3	3/8		1/4	3/2	190													
28	28	81/2	81/2	0.0	0	0	Dynamic	3/8	3	1	0						p											
28	28	81/2	81/2	1.0	0	0	Chord	3/8	3	1	1/4		1/4	1	191													
28	28	83/2	83/2	0.5	1/4	1/4	Chord	3/8	3	1	1/8		1/8	1	192													
29	29	42	42	0.5	0	0	Chord	3/8	1	1	1/8		1/8	1	193	a-		articStaccatoAbove										
29	29	85/2	85/2	1.0	1/8	1/8	Chord	3/8	1	1	1/4		1/4	1	194	-ni-												
29	29	42	42	0.5	0	0	Chord	3/8	2	1	1/8		1/8	1	195													
29	29	85/2	85/2	1.0	1/8	1/8	Chord	3/8	2	1	1/4		1/4	1	196													
29	29	42	42	1.5	0	0	Chord	3/8	2	2	3/8		1/4	3/2	197													
29	29	42	42	1.0	0	0	Chord	3/8	3	1	1/4		1/4	1	198													
29	29	43	43	0.5	1/4	1/4	Chord	3/8	3	1	1/8		1/8	1	199													
29	29	42	42	1.0	0	0	Chord	3/8	3	2	1/4		1/4	1	200													
29	29	43	43	0.5	1/4	1/4	Chord	3/8	3	2	1/8		1/8	1	201													
30	30	87/2	87/2	0.0	0	0	Spanner	3/8	1	1	0															2		
30	30	87/2	87/2	0.5	0	0	Chord	3/8	1	1	1/8		1/8	1	202	-mam		articStaccatoAbove								2		
30	30	44	44	1.0	1/8	1/8	Chord	3/8	1	1	1/4		1/4	1	203	ge-										2		
30	30	87/2	87/2	0.5	0	0	Chord	3/8	2	1	1/8		1/8	1	204													
30	30	44	44	1.0	1/8	1/8	Chord	3/8	2	1	1/4		1/4	1	205													
30	30	87/2	87/2	1.0	0	0	Chord	3/8	2	2	1/4		1/4	1	206													
30	30	89/2	89/2	0.5	1/4	1/4	Chord	3/8	2	2	1/8		1/8	1	207													
30	30	87/2	87/2	0.5	0	0	Chord	3/8	3	1	1/8		1/8	1	208													
30	30	44	44	1.0	1/8	1/8	Chord	3/8	3	1	1/4		1/4	1	209													
30	30	87/2	87/2	1.0	0	0	Chord	3/8	3	2	1/4		1/4	1	210													
30	30	89/2	89/2	0.5	1/4	1/4	Chord	3/8	3	2	1/8		1/8	1	211													
31	31	45	45	0.0	0	0	Dynamic	3/8	1	1	0						f											
31	31	45	45	0.0	0	0	Spanner	3/8	1	1	0																	
31	31	45	45	0.5	0	0	Chord	3/8	1	1	1/8		1/8	1	212	-men-		articStaccatoAbove										
31	31	91/2	91/2	0.5	1/8	1/8	Chord	3/8	1	1	1/8		1/8	1	213	-tem		articStaccatoAbove										
31	31	45	45	0.5	0	0	Chord	3/8	2	1	1/8		1/8	1	214													
31	31	91/2	91/2	0.5	1/8	1/8	Chord	3/8	2	1	1/8		1/8	1	215													
31	31	45	45	0.5	0	0	Chord	3/8	2	2	1/8		1/8	1	216			articStaccatoBelow										
31	31	91/2	91/2	0.5	1/8	1/8	Chord	3/8	2	2	1/8		1/8	1	217			articStaccatoBelow										
31	31	45	45	0.0	0	0	Dynamic	3/8	3	1	0						mf											
31	31	45	45	0.5	0	0	Chord	3/8	3	1	1/8		1/8	1	218													
31	31	91/2	91/2	0.5	1/8	1/8	Chord	3/8	3	1	1/8		1/8	1	219													
31	31	45	45	0.5	0	0	Chord	3/8	3	2	1/8		1/8	1	220													
31	31	91/2	91/2	0.5	1/8	1/8	Chord	3/8	3	2	1/8		1/8	1	221													
32	32	93/2	93/2	0.0	0	0	Dynamic	3/8	1	1	0						p											
32	32	93/2	93/2	0.5	0	0	Chord	3/8	1	1	1/8		1/8	1	222	con-		articStaccatoAbove										
32	32	47	47	1.0	1/8	1/8	Chord	3/8	1	1	1/4		1/4	1	223	-tris-												
32	32	93/2	93/2	0.5	0	0	Chord	3/8	2	1	1/8		1/8	1	224													
32	32	47	47	1.0	1/8	1/8	Chord	3/8	2	1	1/4		1/4	1	225													
32	32	93/2	93/2	1.0	0	0	Chord	3/8	2	2	1/4		1/4	1	226													
32	32	95/2	95/2	0.5	1/4	1/4	Chord	3/8	2	2	1/8		1/8	1	227													
32	32	93/2	93/2	1.5	0	0	Chord	3/8	2	3	3/8		1/4	3/2	228													
32	32	93/2	93/2	0.0	0	0	Dynamic	3/8	3	1	0						p											
32	32	93/2	93/2	1.0	0	0	Chord	3/8	3	1	1/4		1/4	1	229													
32	32	95/2	95/2	0.5	1/4	1/4	Chord	3/8	3	1	1/8		1/8	1	230													
33	33	48	48	0.5	0	0	Chord	3/8	1	1	1/8		1/8	1	231	-ta-		articStaccatoAbove										
33	33	97/2	97/2	1.0	1/8	1/8	Chord	3/8	1	1	1/4		1/4	1	232	-tam												
33	33	48	48	0.5	0	0	Chord	3/8	2	1	1/8		1/8	1	233													
33	33	97/2	97/2	1.0	1/8	1/8	Chord	3/8	2	1	1/4		1/4	1	234													
33	33	48	48	1.5	0	0	Chord	3/8	2	2	3/8		1/4	3/2	235													
33	33	48	48	1.0	0	0	Chord	3/8	3	1	1/4		1/4	1	236													
33	33	49	49	0.5	1/4	1/4	Chord	3/8	3	1	1/8		1/8	1	237													
33	33	48	48	1.0	0	0	Chord	3/8	3	2	1/4		1/4	1	238													
33	33	49	49	0.5	1/4	1/4	Chord	3/8	3	2	1/8		1/8	1	239													
34	34	99/2	99/2	0.0	0	0	Spanner	3/8	1	1	0															3		
34	34	99/2	99/2	0.5	0	0	Chord	3/8	1	1	1/8		1/8	1	240	ac		articStaccatoAbove								3		
34	34	50	50	1.0	1/8	1/8	Chord	3/8	1	1	1/4		1/4	1	241	do-										3		
34	34	99/2	99/2	0.5	0	0	Chord	3/8	2	1	1/8		1/8	1	242													
34	34	50	50	1.0	1/8	1/8	Chord	3/8	2	1	1/4		1/4	1	243													
34	34	99/2	99/2	1.0	0	0	Chord	3/8	2	2	1/4		1/4	1	244													
34	34	101/2	101/2	0.5	1/4	1/4	Chord	3/8	2	2	1/8		1/8	1	245													
34	34	99/2	99/2	0.5	0	0	Chord	3/8	3	1	1/8		1/8	1	246													
34	34	50	50	1.0	1/8	1/8	Chord	3/8	3	1	1/4		1/4	1	247													
34	34	99/2	99/2	1.0	0	0	Chord	3/8	3	2	1/4		1/4	1	248													
34	34	101/2	101/2	0.5	1/4	1/4	Chord	3/8	3	2	1/8		1/8	1	249													
35	35	51	51	0.0	0	0	Dynamic	3/8	1	1	0						f											
35	35	51	51	0.0	0	0	Spanner	3/8	1	1	0																	
35	35	51	51	0.5	0	0	Chord	3/8	1	1	1/8		1/8	1	250	-len-		articStaccatoAbove										
35	35	103/2	103/2	0.5	1/8	1/8	Chord	3/8	1	1	1/8		1/8	1	251	-tem		articStaccatoAbove										
35	35	51	51	0.0	0	0	Dynamic	3/8	2	1	0						mf											
35	35	51	51	0.5	0	0	Chord	3/8	2	1	1/8		1/8	1	252													
35	35	103/2	103/2	0.5	1/8	1/8	Chord	3/8	2	1	1/8		1/8	1	253													
35	35	51	51	0.5	0	0	Chord	3/8	2	2	1/8		1/8	1	254													
35	35	103/2	103/2	0.5	1/8	1/8	Chord	3/8	2	2	1/8		1/8	1	255													
35	35	51	51	0.0	0	0	Dynamic	3/8	3	1	0						mf											
35	35	51	51	0.5	0	0	Chord	3/8	3	1	1/8		1/8	1	256			articStaccatoAbove										
35	35	103/2	103/2	0.5	1/8	1/8	Chord	3/8	3	1	1/8		1/8	1	257			articStaccatoAbove										
35	35	51	51	0.5	0	0	Chord	3/8	3	2	1/8		1/8	1	258													
35	35	103/2	103/2	0.5	1/8	1/8	Chord	3/8	3	2	1/8		1/8	1	259													
36	36	105/2	105/2	0.0	0	0	Dynamic	3/8	1	1	0						other-dynamics											
36	36	105/2	105/2	0.25	0	0	Chord	3/8	1	1	1/16		1/16	1	260	per									13			
36	36	211/4	211/4	0.25	1/16	1/16	Chord	3/8	1	1	1/16		1/16	1	261													
36	36	53	53	1.0	1/8	1/8	Chord	3/8	1	1	1/4		1/4	1	262	trans-												
36	36	105/2	105/2	0.25	0	0	Chord	3/8	2	1	1/16		1/16	1	263										14			
36	36	211/4	211/4	0.25	1/16	1/16	Chord	3/8	2	1	1/16		1/16	1	264										14			
36	36	53	53	0.5	1/8	1/8	Chord	3/8	2	1	1/8		1/8	1	265													
36	36	107/2	107/2	0.5	1/4	1/4	Chord	3/8	2	1	1/8		1/8	1	266													
36	36	105/2	105/2	1.5	0	0	Chord	3/8	2	2	3/8		1/4	3/2	267													
36	36	105/2	105/2	0.0	0	0	Dynamic	3/8	3	1	0						other-dynamics											
36	36	105/2	105/2	1.5	0	0	Chord	3/8	3	1	3/8		1/4	3/2	268										15			
37	37	54	54	0.25	0	0	Chord	3/8	1	1	1/16		1/16	1	269	-i-									16			
37	37	217/4	217/4	0.25	1/16	1/16	Chord	3/8	1	1	1/16		1/16	1	270													
37	37	109/2	109/2	0.5	1/8	1/8	Chord	3/8	1	1	1/8		1/8	1	271	-vit,												
37	37	54	54	0.25	0	0	Chord	3/8	2	1	1/16		1/16	1	272										17			
37	37	217/4	217/4	0.25	1/16	1/16	Chord	3/8	2	1	1/16		1/16	1	273										17			
37	37	109/2	109/2	0.5	1/8	1/8	Chord	3/8	2	1	1/8		1/8	1	274													
37	37	54	54	1.0	0	0	Chord	3/8	2	2	1/4		1/4	1	275													
37	37	55	55	0.5	1/4	1/4	Chord	3/8	2	2	1/8		1/8	1	276													
37	37	54	54	0.5	0	0	Chord	3/8	3	1	1/8		1/8	1	277													
37	37	109/2	109/2	0.5	1/8	1/8	Chord	3/8	3	1	1/8		1/8	1	278										18			
37	37	55	55	0.5	1/4	1/4	Chord	3/8	3	1	1/8		1/8	1	279													
38	38	111/2	111/2	0.5	0	0	Chord	3/8	1	1	1/8		1/8	1	280	per												
38	38	56	56	0.0	1/8	1/8	Chord	3/8	1	1	0	appoggiatura	1/8	1	281													
38	38	56	56	1.0	1/8	1/8	Chord	3/8	1	1	1/4		1/4	1	282	trans-		ornamentTrill										
38	38	111/2	111/2	0.5	0	0	Chord	3/8	2	1	1/8		1/8	1	283													
38	38	56	56	0.0	1/8	1/8	Chord	3/8	2	1	0	appoggiatura	1/8	1	284													
38	38	56	56	1.0	1/8	1/8	Chord	3/8	2	1	1/4		1/4	1	285			ornamentTrill										
38	38	111/2	111/2	0.5	0	0	Chord	3/8	2	2	1/8		1/8	1	286													
38	38	56	56	1.0	1/8	1/8	Chord	3/8	2	2	1/4		1/4	1	287													
38	38	111/2	111/2	1.0	0	0	Chord	3/8	3	1	1/4		1/4	1	288													
38	38	113/2	113/2	0.5	1/4	1/4	Chord	3/8	3	1	1/8		1/8	1	289													
38	38	111/2	111/2	1.5	0	0	Chord	3/8	3	2	3/8		1/4	3/2	290													
39	39	57	57	0.5	0	0	Chord	3/8	1	1	1/8		1/8	1	291	-i-												
39	39	115/2	115/2	0.0	1/8	1/8	Chord	3/8	1	1	0	appoggiatura	1/8	1	292													
39	39	115/2	115/2	1.0	1/8	1/8	Chord	3/8	1	1	1/4		1/4	1	293	-vit		ornamentTrill										
39	39	57	57	0.5	0	0	Chord	3/8	2	1	1/8		1/8	1	294													
39	39	115/2	115/2	0.0	1/8	1/8	Chord	3/8	2	1	0	appoggiatura	1/8	1	295													
39	39	115/2	115/2	1.0	1/8	1/8	Chord	3/8	2	1	1/4		1/4	1	296			ornamentTrill										
39	39	57	57	0.5	0	0	Chord	3/8	2	2	1/8		1/8	1	297													
39	39	115/2	115/2	1.0	1/8	1/8	Chord	3/8	2	2	1/4		1/4	1	298													
39	39	57	57	1.0	0	0	Chord	3/8	3	1	1/4		1/4	1	299										19			
39	39	58	58	0.5	1/4	1/4	Chord	3/8	3	1	1/8		1/8	1	300													
39	39	57	57	1.5	0	0	Chord	3/8	3	2	3/8		1/4	3/2	301													
40	40	117/2	117/2	0.0	0	0	Spanner	3/8	1	1	0															4		
40	40	117/2	117/2	0.25	0	0	Chord	3/8	1	1	1/16		1/16	1	302	gla-									20	4		
40	40	235/4	235/4	0.25	1/16	1/16	Chord	3/8	1	1	1/16		1/16	1	303										20	4		
40	40	59	59	0.0	1/8	1/8	Spanner	3/8	1	1	0																	
40	40	59	59	0.0	1/8	1/8	Spanner	3/8	1	1	0																	2
40	40	59	59	0.5	1/8	1/8	Chord	3/8	1	1	1/8		1/8	1	304													2
40	40	119/2	119/2	0.0	1/4	1/4	Spanner	3/8	1	1	0																	
40	40	119/2	119/2	0.5	1/4	1/4	Chord	3/8	1	1	1/8		1/8	1	305	-di-												
40	40	117/2	117/2	0.25	0	0	Chord	3/8	2	1	1/16		1/16	1	306										21			
40	40	235/4	235/4	0.25	1/16	1/16	Chord	3/8	2	1	1/16		1/16	1	307										21			
40	40	59	59	0.5	1/8	1/8	Chord	3/8	2	1	1/8		1/8	1	308													
40	40	119/2	119/2	0.5	1/4	1/4	Chord	3/8	2	1	1/8		1/8	1	309													
40	40	117/2	117/2	0.5	0	0	Chord	3/8	2	2	1/8		1/8	1	310													
40	40	59	59	0.5	1/8	1/8	Chord	3/8	2	2	1/8		1/8	1	311													
40	40	119/2	119/2	0.5	1/4	1/4	Chord	3/8	2	2	1/8		1/8	1	312													
40	40	117/2	117/2	0.5	0	0	Chord	3/8	3	1	1/8		1/8	1	313													
40	40	59	59	0.5	1/8	1/8	Chord	3/8	3	1	1/8		1/8	1	314													
40	40	119/2	119/2	0.5	1/4	1/4	Chord	3/8	3	1	1/8		1/8	1	315													
40	40	117/2	117/2	0.0	0	0	Spanner	3/8	3	2	0															5		
40	40	117/2	117/2	0.5	0	0	Chord	3/8	3	2	1/8		1/8	1	316											5		
40	40	59	59	0.0	1/8	1/8	Spanner	3/8	3	2	0																	
40	40	59	59	0.0	1/8	1/8	Spanner	3/8	3	2	0																	3
40	40	59	59	0.5	1/8	1/8	Chord	3/8	3	2	1/8		1/8	1	317													3
40	40	119/2	119/2	0.0	1/4	1/4	Spanner	3/8	3	2	0																	
40	40	119/2	119/2	0.5	1/4	1/4	Chord	3/8	3	2	1/8		1/8	1	318													
41	41	60	60	1.0	0	0	Chord	3/8	1	1	1/4		1/4	1	319	-us.												
41	41	60	60	1.0	0	0	Chord	3/8	2	1	1/4		1/4	1	320													
41	41	60	60	1.0	0	0	Chord	3/8	3	1	1/4		1/4	1	321													
41	41	60	60	0.5	0	0	Chord	3/8	3	2	1/8		1/8	1	322										22			
41	41	121/2	121/2	0.5	1/8	1/8	Chord	3/8	3	2	1/8		1/8	1	323										22			
41	41	61	61	0.5	1/4	1/4	Chord	3/8	3	2	1/8		1/8	1	324													
42	42	123/2	123/2	0.0	0	0	Dynamic	3/8	1	1	0						mf											
42	42	123/2	123/2	0.5	0	0	Chord	3/8	1	1	1/8		1/8	1	325	Cu-												
42	42	62	62	1.0	1/8	1/8	Chord	3/8	1	1	1/4		1/4	1	326	-jus												
42	42	123/2	123/2	0.5	0	0	Chord	3/8	2	1	1/8		1/8	1	327										23			
42	42	62	62	1.0	1/8	1/8	Chord	3/8	2	1	1/4		1/4	1	328													
42	42	123/2	123/2	1.5	0	0	Chord	3/8	2	2	3/8		1/4	3/2	329													
42	42	123/2	123/2	1.0	0	0	Chord	3/8	2	3	1/4		1/4	1	330													
42	42	125/2	125/2	0.5	1/4	1/4	Chord	3/8	2	3	1/8		1/8	1	331													
42	42	123/2	123/2	0.0	0	0	Dynamic	3/8	3	1	0						mf											
42	42	123/2	123/2	0.5	0	0	Chord	3/8	3	1	1/8		1/8	1	332										24			
42	42	62	62	0.5	1/8	1/8	Chord	3/8	3	1	1/8		1/8	1	333										24			
42	42	125/2	125/2	0.5	1/4	1/4	Chord	3/8	3	1	1/8		1/8	1	334													
42	42	123/2	123/2	1.0	0	0	Chord	3/8	3	2	1/4		1/4	1	335													
42	42	125/2	125/2	0.5	1/4	1/4	Chord	3/8	3	2	1/8		1/8	1	336													
43	43	63	63	0.5	0	0	Chord	3/8	1	1	1/8		1/8	1	337	a-												
43	43	127/2	127/2	0.5	1/8	1/8	Chord	3/8	1	1	1/8		1/8	1	338	-ni-									25			
43	43	64	64	0.5	1/4	1/4	Chord	3/8	1	1	1/8		1/8	1	339													
43	43	63	63	0.5	0	0	Chord	3/8	2	1	1/8		1/8	1	340													
43	43	127/2	127/2	0.5	1/8	1/8	Chord	3/8	2	1	1/8		1/8	1	341										26			
43	43	64	64	0.5	1/4	1/4	Chord	3/8	2	1	1/8		1/8	1	342													
43	43	63	63	1.5	0	0	Chord	3/8	2	2	3/8		1/4	3/2	343													
43	43	63	63	1.0	0	0	Chord	3/8	2	3	1/4		1/4	1	344													
43	43	64	64	0.5	1/4	1/4	Chord	3/8	2	3	1/8		1/8	1	345													
43	43	63	63	1.0	0	0	Chord	3/8	3	1	1/4		1/4	1	346										27			
43	43	64	64	0.5	1/4	1/4	Chord	3/8	3	1	1/8		1/8	1	347													
43	43	63	63	1.5	0	0	Chord	3/8	3	2	3/8		1/4	3/2	348													
44	44	129/2	129/2	0.5	0	0	Chord	3/8	1	1	1/8		1/8	1	349	-mam												
44	44	65	65	1.0	1/8	1/8	Chord	3/8	1	1	1/4		1/4	1	350	ge-												
44	44	129/2	129/2	0.5	0	0	Chord	3/8	2	1	1/8		1/8	1	351										28			
44	44	65	65	1.0	1/8	1/8	Chord	3/8	2	1	1/4		1/4	1	352													
44	44	129/2	129/2	1.0	0	0	Chord	3/8	2	2	1/4		1/4	1	353													
44	44	131/2	131/2	0.5	1/4	1/4	Chord	3/8	2	2	1/8		1/8	1	354													
44	44	129/2	129/2	1.5	0	0	Chord	3/8	2	3	3/8		1/4	3/2	355													
44	44	129/2	129/2	0.5	0	0	Chord	3/8	3	1	1/8		1/8	1	356										29			
44	44	65	65	0.5	1/8	1/8	Chord	3/8	3	1	1/8		1/8	1	357										29			
44	44	131/2	131/2	0.5	1/4	1/4	Chord	3/8	3	1	1/8		1/8	1	358													
44	44	129/2	129/2	1.0	0	0	Chord	3/8	3	2	1/4		1/4	1	359													
44	44	131/2	131/2	0.5	1/4	1/4	Chord	3/8	3	2	1/8		1/8	1	360													
45	45	66	66	0.5	0	0	Chord	3/8	1	1	1/8		1/8	1	361	-men-												
45	45	133/2	133/2	0.5	1/8	1/8	Chord	3/8	1	1	1/8		1/8	1	362	-tem									30			
45	45	67	67	0.5	1/4	1/4	Chord	3/8	1	1	1/8		1/8	1	363													
45	45	66	66	0.5	0	0	Chord	3/8	2	1	1/8		1/8	1	364													
45	45	133/2	133/2	0.5	1/8	1/8	Chord	3/8	2	1	1/8		1/8	1	365										31			
45	45	67	67	0.5	1/4	1/4	Chord	3/8	2	1	1/8		1/8	1	366													
45	45	66	66	1.0	0	0	Chord	3/8	2	2	1/4		1/4	1	367													
45	45	67	67	0.5	1/4	1/4	Chord	3/8	2	2	1/8		1/8	1	368													
45	45	66	66	1.5	0	0	Chord	3/8	2	3	3/8		1/4	3/2	369													
45	45	66	66	1.0	0	0	Chord	3/8	3	1	1/4		1/4	1	370										32			
45	45	67	67	0.5	1/4	1/4	Chord	3/8	3	1	1/8		1/8	1	371													
45	45	66	66	1.5	0	0	Chord	3/8	3	2	3/8		1/4	3/2	372													
46	46	135/2	135/2	0.0	0	0	Dynamic	3/8	1	1	0						p											
46	46	135/2	135/2	0.5	0	0	Chord	3/8	1	1	1/8		1/8	1	373	con-												
46	46	68	68	0.5	1/8	1/8	Chord	3/8	1	1	1/8		1/8	1	374	-tris-									33			
46	46	137/2	137/2	0.5	1/4	1/4	Chord	3/8	1	1	1/8		1/8	1	375													
46	46	135/2	135/2	0.5	0	0	Chord	3/8	2	1	1/8		1/8	1	376													
46	46	68	68	0.5	1/8	1/8	Chord	3/8	2	1	1/8		1/8	1	377										34			
46	46	137/2	137/2	0.5	1/4	1/4	Chord	3/8	2	1	1/8		1/8	1	378													
46	46	135/2	135/2	1.5	0	0	Chord	3/8	2	3	3/8		1/4	3/2	379													
46	46	135/2	135/2	0.0	0	0	Dynamic	3/8	3	1	0						p											
46	46	135/2	135/2	0.5	0	0	Chord	3/8	3	1	1/8		1/8	1	380										35			
46	46	68	68	0.5	1/8	1/8	Chord	3/8	3	1	1/8		1/8	1	381										35			
46	46	137/2	137/2	0.5	1/4	1/4	Chord	3/8	3	1	1/8		1/8	1	382													
46	46	135/2	135/2	1.0	0	0	Chord	3/8	3	2	1/4		1/4	1	383													
46	46	137/2	137/2	0.5	1/4	1/4	Chord	3/8	3	2	1/8		1/8	1	384													
47	47	69	69	0.5	0	0	Chord	3/8	1	1	1/8		1/8	1	385	-ta-												
47	47	139/2	139/2	0.5	1/8	1/8	Chord	3/8	1	1	1/8		1/8	1	386	-tam									36			
47	47	70	70	0.5	1/4	1/4	Chord	3/8	1	1	1/8		1/8	1	387													
47	47	69	69	0.5	0	0	Chord	3/8	2	1	1/8		1/8	1	388													
47	47	139/2	139/2	0.5	1/8	1/8	Chord	3/8	2	1	1/8		1/8	1	389										37			
47	47	70	70	0.5	1/4	1/4	Chord	3/8	2	1	1/8		1/8	1	390													
47	47	69	69	1.0	0	0	Chord	3/8	2	2	1/4		1/4	1	391													
47	47	70	70	0.5	1/4	1/4	Chord	3/8	2	2	1/8		1/8	1	392													
47	47	69	69	1.5	0	0	Chord	3/8	2	3	3/8		1/4	3/2	393													
47	47	69	69	1.0	0	0	Chord	3/8	3	1	1/4		1/4	1	394										38			
47	47	70	70	0.5	1/4	1/4	Chord	3/8	3	1	1/8		1/8	1	395													
47	47	69	69	1.5	0	0	Chord	3/8	3	2	3/8		1/4	3/2	396													
48	48	141/2	141/2	0.25	0	0	Chord	3/8	1	1	1/16		1/16	1	397	ac									39			
48	48	283/4	283/4	0.25	1/16	1/16	Chord	3/8	1	1	1/16		1/16	1	398													
48	48	71	71	0.5	1/8	1/8	Chord	3/8	1	1	1/8		1/8	1	399	do-									40			
48	48	143/2	143/2	0.5	1/4	1/4	Chord	3/8	1	1	1/8		1/8	1	400													
48	48	141/2	141/2	0.5	0	0	Chord	3/8	2	1	1/8		1/8	1	401													
48	48	71	71	0.5	1/8	1/8	Chord	3/8	2	1	1/8		1/8	1	402										41			
48	48	143/2	143/2	0.5	1/4	1/4	Chord	3/8	2	1	1/8		1/8	1	403													
48	48	141/2	141/2	1.5	0	0	Chord	3/8	2	2	3/8		1/4	3/2	404													
48	48	141/2	141/2	0.5	0	0	Chord	3/8	3	1	1/8		1/8	1	405													
48	48	71	71	0.5	1/8	1/8	Chord	3/8	3	1	1/8		1/8	1	406										42			
48	48	143/2	143/2	0.5	1/4	1/4	Chord	3/8	3	1	1/8		1/8	1	407													
49	49	72	72	0.5	0	0	Chord	3/8	1	1	1/8		1/8	1	408	-len-												
49	49	145/2	145/2	0.5	1/8	1/8	Chord	3/8	1	1	1/8		1/8	1	409	-tem												
49	49	72	72	0.5	0	0	Chord	3/8	2	1	1/8		1/8	1	410													
49	49	145/2	145/2	0.5	1/8	1/8	Chord	3/8	2	1	1/8		1/8	1	411													
49	49	72	72	1.5	0	0	Chord	3/8	2	2	3/8		1/4	3/2	412													
49	49	72	72	1.5	0	0	Chord	3/8	3	1	3/8		1/4	3/2	413													
50	50	147/2	147/2	0.0	0	0	Dynamic	3/8	1	1	0						mf											
50	50	147/2	147/2	1.5	0	0	Chord	3/8	1	1	3/8		1/4	3/2	414	per												
50	50	147/2	147/2	1.5	0	0	Chord	3/8	2	1	3/8		1/4	3/2	415										43			
50	50	147/2	147/2	0.0	0	0	Dynamic	3/8	3	1	0						mf											
50	50	74	74	1.0	1/8	1/8	Chord	3/8	3	1	1/4		1/4	1	416													
50	50	74	74	0.5	1/8	1/8	Chord	3/8	3	2	1/8		1/8	1	417													
50	50	149/2	149/2	0.5	1/4	1/4	Chord	3/8	3	2	1/8		1/8	1	418													
51	51	75	75	1.5	0	0	Chord	3/8	1	1	3/8		1/4	3/2	419	trans-												
51	51	75	75	1.5	0	0	Chord	3/8	2	1	3/8		1/4	3/2	420													
51	51	75	75	0.5	0	0	Chord	3/8	2	2	1/8		1/8	1	421										44			
51	51	151/2	151/2	0.5	1/8	1/8	Chord	3/8	2	2	1/8		1/8	1	422										44			
51	51	76	76	0.5	1/4	1/4	Chord	3/8	2	2	1/8		1/8	1	423													
51	51	75	75	1.5	0	0	Chord	3/8	3	1	3/8		1/4	3/2	424													
51	51	75	75	0.5	0	0	Chord	3/8	3	2	1/8		1/8	1	425													
51	51	151/2	151/2	0.5	1/8	1/8	Chord	3/8	3	2	1/8		1/8	1	426													
51	51	76	76	0.5	1/4	1/4	Chord	3/8	3	2	1/8		1/8	1	427													
52	52	153/2	153/2	0.5	0	0	Chord	3/8	1	1	1/8		1/8	1	428	-i-									45			
52	52	77	77	0.5	1/8	1/8	Chord	3/8	1	1	1/8		1/8	1	429													
52	52	155/2	155/2	0.5	1/4	1/4	Chord	3/8	1	1	1/8		1/8	1	430	-vit												
52	52	153/2	153/2	0.5	0	0	Chord	3/8	2	1	1/8		1/8	1	431										46			
52	52	77	77	0.5	1/8	1/8	Chord	3/8	2	1	1/8		1/8	1	432										46			
52	52	155/2	155/2	0.5	1/4	1/4	Chord	3/8	2	1	1/8		1/8	1	433													
52	52	153/2	153/2	0.5	0	0	Chord	3/8	3	1	1/8		1/8	1	434										47			
52	52	77	77	0.5	1/8	1/8	Chord	3/8	3	1	1/8		1/8	1	435										47			
52	52	155/2	155/2	0.5	1/4	1/4	Chord	3/8	3	1	1/8		1/8	1	436													
53	53	78	78	0.25	0	0	Chord	3/8	1	1	1/16		1/16	1	437	gla-									48			
53	53	313/4	313/4	0.25	1/16	1/16	Chord	3/8	1	1	1/16		1/16	1	438										48			
53	53	157/2	157/2	0.5	1/8	1/8	Chord	3/8	1	1	1/8		1/8	1	439													
53	53	79	79	0.5	1/4	1/4	Chord	3/8	1	1	1/8		1/8	1	440	-di-												
53	53	78	78	0.25	0	0	Chord	3/8	2	1	1/16		1/16	1	441										49			
53	53	313/4	313/4	0.25	1/16	1/16	Chord	3/8	2	1	1/16		1/16	1	442										49			
53	53	157/2	157/2	0.5	1/8	1/8	Chord	3/8	2	1	1/8		1/8	1	443													
53	53	79	79	0.5	1/4	1/4	Chord	3/8	2	1	1/8		1/8	1	444													
53	53	78	78	1.0	0	0	Chord	3/8	2	2	1/4		1/4	1	445													
53	53	78	78	0.5	0	0	Chord	3/8	3	1	1/8		1/8	1	446										50			
53	53	157/2	157/2	0.5	1/8	1/8	Chord	3/8	3	1	1/8		1/8	1	447													
53	53	79	79	0.5	1/4	1/4	Chord	3/8	3	1	1/8		1/8	1	448													
54	54	159/2	159/2	1.0	0	0	Chord	3/8	1	1	1/4		1/4	1	449	-us,												
54	54	159/2	159/2	0.5	0	0	Chord	3/8	2	1	1/8		1/8	1	450													
54	54	80	80	0.5	1/8	1/8	Chord	3/8	2	1	1/8		1/8	1	451													
54	54	161/2	161/2	0.5	1/4	1/4	Chord	3/8	2	1	1/8		1/8	1	452													
54	54	159/2	159/2	0.5	0	0	Chord	3/8	3	1	1/8		1/8	1	453													
54	54	80	80	0.5	1/8	1/8	Chord	3/8	3	1	1/8		1/8	1	454													
54	54	161/2	161/2	0.5	1/4	1/4	Chord	3/8	3	1	1/8		1/8	1	455													
55	55	81	81	0.0	0	0	Dynamic	3/8	1	1	0						p											
55	55	81	81	1.5	0	0	Chord	3/8	1	1	3/8		1/4	3/2	456	per												
55	55	81	81	1.5	0	0	Chord	3/8	2	1	3/8		1/4	3/2	457										51			
55	55	81	81	0.0	0	0	Dynamic	3/8	3	1	0						p											
55	55	163/2	163/2	1.0	1/8	1/8	Chord	3/8	3	1	1/4		1/4	1	458													
55	55	163/2	163/2	0.5	1/8	1/8	Chord	3/8	3	2	1/8		1/8	1	459													
55	55	82	82	0.5	1/4	1/4	Chord	3/8	3	2	1/8		1/8	1	460													
56	56	165/2	165/2	1.5	0	0	Chord	3/8	1	1	3/8		1/4	3/2	461	trans-												
56	56	165/2	165/2	1.5	0	0	Chord	3/8	2	1	3/8		1/4	3/2	462													
56	56	165/2	165/2	0.5	0	0	Chord	3/8	2	2	1/8		1/8	1	463													
56	56	83	83	0.5	1/8	1/8	Chord	3/8	2	2	1/8		1/8	1	464													
56	56	167/2	167/2	0.5	1/4	1/4	Chord	3/8	2	2	1/8		1/8	1	465													
56	56	165/2	165/2	1.0	0	0	Chord	3/8	3	1	1/4		1/4	1	466													
56	56	165/2	165/2	0.5	0	0	Chord	3/8	3	2	1/8		1/8	1	467													
56	56	83	83	0.5	1/8	1/8	Chord	3/8	3	2	1/8		1/8	1	468													
56	56	167/2	167/2	0.5	1/4	1/4	Chord	3/8	3	2	1/8		1/8	1	469													
57	57	84	84	0.5	0	0	Chord	3/8	1	1	1/8		1/8	1	470	-i-									52			
57	57	169/2	169/2	0.5	1/8	1/8	Chord	3/8	1	1	1/8		1/8	1	471													
57	57	85	85	0.5	1/4	1/4	Chord	3/8	1	1	1/8		1/8	1	472	-vit												
57	57	84	84	0.5	0	0	Chord	3/8	2	1	1/8		1/8	1	473										53			
57	57	169/2	169/2	0.5	1/8	1/8	Chord	3/8	2	1	1/8		1/8	1	474										53			
57	57	85	85	0.5	1/4	1/4	Chord	3/8	2	1	1/8		1/8	1	475													
57	57	84	84	0.5	0	0	Chord	3/8	3	1	1/8		1/8	1	476										54			
57	57	169/2	169/2	0.5	1/8	1/8	Chord	3/8	3	1	1/8		1/8	1	477										54			
57	57	85	85	0.5	1/4	1/4	Chord	3/8	3	1	1/8		1/8	1	478													
58	58	171/2	171/2	0.25	0	0	Chord	3/8	1	1	1/16		1/16	1	479	gla-									55			
58	58	343/4	343/4	0.25	1/16	1/16	Chord	3/8	1	1	1/16		1/16	1	480										55			
58	58	86	86	0.5	1/8	1/8	Chord	3/8	1	1	1/8		1/8	1	481													
58	58	173/2	173/2	0.5	1/4	1/4	Chord	3/8	1	1	1/8		1/8	1	482	-di-												
58	58	171/2	171/2	0.25	0	0	Chord	3/8	2	1	1/16		1/16	1	483										56			
58	58	343/4	343/4	0.25	1/16	1/16	Chord	3/8	2	1	1/16		1/16	1	484										56			
58	58	86	86	0.5	1/8	1/8	Chord	3/8	2	1	1/8		1/8	1	485													
58	58	173/2	173/2	0.5	1/4	1/4	Chord	3/8	2	1	1/8		1/8	1	486													
58	58	171/2	171/2	0.5	0	0	Chord	3/8	2	2	1/8		1/8	1	487													
58	58	86	86	0.5	1/8	1/8	Chord	3/8	2	2	1/8		1/8	1	488													
58	58	173/2	173/2	0.5	1/4	1/4	Chord	3/8	2	2	1/8		1/8	1	489													
58	58	86	86	1.0	1/8	1/8	Chord	3/8	3	1	1/4		1/4	1	490													
58	58	171/2	171/2	0.5	0	0	Chord	3/8	3	2	1/8		1/8	1	491										57			
58	58	86	86	0.5	1/8	1/8	Chord	3/8	3	2	1/8		1/8	1	492													
58	58	173/2	173/2	0.5	1/4	1/4	Chord	3/8	3	2	1/8		1/8	1	493													
59	59	87	87	1.0	0	0	Chord	3/8	1	1	1/4		1/4	1	494	-us,												
59	59	87	87	0.5	0	0	Chord	3/8	2	1	1/8		1/8	1	495													
59	59	175/2	175/2	0.0	1/8	1/8	Dynamic	3/8	2	1	0						f											
59	59	175/2	175/2	1.0	1/8	1/8	Chord	3/8	2	1	1/4		1/4	1	496													
59	59	87	87	1.0	0	0	Chord	3/8	3	1	1/4		1/4	1	497													
59	59	87	87	1.0	0	0	Chord	3/8	3	2	1/4		1/4	1	498													
59	59	88	88	0.5	1/4	1/4	Chord	3/8	3	2	1/8		1/8	1	499													
60	60	177/2	177/2	0.25	0	0	Chord	3/8	2	1	1/16		1/16	1	500										58			
60	60	355/4	355/4	0.25	1/16	1/16	Chord	3/8	2	1	1/16		1/16	1	501										58			
60	60	89	89	0.5	1/8	1/8	Chord	3/8	2	1	1/8		1/8	1	502													
60	60	179/2	179/2	0.5	1/4	1/4	Chord	3/8	2	1	1/8		1/8	1	503													
60	60	177/2	177/2	0.5	0	0	Chord	3/8	2	2	1/8		1/8	1	504													
60	60	89	89	0.5	1/8	1/8	Chord	3/8	2	2	1/8		1/8	1	505													
60	60	179/2	179/2	0.5	1/4	1/4	Chord	3/8	2	2	1/8		1/8	1	506													
60	60	177/2	177/2	0.0	0	0	Dynamic	3/8	3	1	0						p											
60	60	89	89	1.0	1/8	1/8	Chord	3/8	3	1	1/4		1/4	1	507													
60	60	177/2	177/2	0.5	0	0	Chord	3/8	3	2	1/8		1/8	1	508										59			
60	60	89	89	0.5	1/8	1/8	Chord	3/8	3	2	1/8		1/8	1	509													
60	60	179/2	179/2	0.5	1/4	1/4	Chord	3/8	3	2	1/8		1/8	1	510													
61	61	90	90	0.5	0	0	Chord	3/8	2	1	1/8		1/8	1	511													
61	61	181/2	181/2	1.0	1/8	1/8	Chord	3/8	2	1	1/4		1/4	1	512													
61	61	181/2	181/2	0.0	1/8	1/8	Dynamic	3/8	3	1	0						f											
61	61	181/2	181/2	0.5	1/8	1/8	Chord	3/8	3	1	1/8		1/8	1	513													
61	61	91	91	0.5	1/4	1/4	Chord	3/8	3	1	1/8		1/8	1	514													
62	62	183/2	183/2	0.25	0	0	Chord	3/8	2	1	1/16		1/16	1	515										60			
62	62	367/4	367/4	0.25	1/16	1/16	Chord	3/8	2	1	1/16		1/16	1	516										60			
62	62	92	92	0.5	1/8	1/8	Chord	3/8	2	1	1/8		1/8	1	517													
62	62	185/2	185/2	0.5	1/4	1/4	Chord	3/8	2	1	1/8		1/8	1	518													
62	62	183/2	183/2	0.5	0	0	Chord	3/8	2	2	1/8		1/8	1	519													
62	62	92	92	0.5	1/8	1/8	Chord	3/8	2	2	1/8		1/8	1	520													
62	62	185/2	185/2	0.5	1/4	1/4	Chord	3/8	2	2	1/8		1/8	1	521													
62	62	183/2	183/2	0.0	0	0	Spanner	3/8	3	1	0																0	
62	62	367/4	367/4	0.0	1/16	1/16	Dynamic	3/8	3	1	0						other-dynamics										0	
62	62	92	92	1.0	1/8	1/8	Chord	3/8	3	1	1/4		1/4	1	522												0	
62	62	183/2	183/2	0.5	0	0	Chord	3/8	3	2	1/8		1/8	1	523										61		0	
62	62	92	92	0.5	1/8	1/8	Chord	3/8	3	2	1/8		1/8	1	524												0	
62	62	185/2	185/2	0.5	1/4	1/4	Chord	3/8	3	2	1/8		1/8	1	525												0	
63	63	93	93	0.5	0	0	Chord	3/8	2	1	1/8		1/8	1	526													
63	63	187/2	187/2	0.5	1/8	1/8	Chord	3/8	2	1	1/8		1/8	1	527													
63	63	93	93	1.0	0	0	Chord	3/8	3	1	1/4		1/4	1	528												0	
63	63	94	94	0.0	1/4	1/4	Dynamic	3/8	3	1	0						pp											
63	63	94	94	0.0	1/4	1/4	Spanner	3/8	3	1	0																	
63	63	93	93	1.0	0	0	Chord	3/8	3	2	1/4		1/4	1	529													
64	64	189/2	189/2	0.0	0	0	Dynamic	3/8	1	1	0						p											
64	64	189/2	189/2	1.5	0	0	Chord	3/8	1	1	3/8		1/4	3/2	530	Cu-												
64	64	189/2	189/2	1.5	0	0	Chord	3/8	2	1	3/8		1/4	3/2	531													
64	64	189/2	189/2	0.0	0	0	Dynamic	3/8	3	1	0						p											
64	64	95	95	0.5	1/8	1/8	Chord	3/8	3	1	1/8		1/8	1	532													
64	64	191/2	191/2	0.5	1/4	1/4	Chord	3/8	3	1	1/8		1/8	1	533													
65	65	96	96	1.5	0	0	Chord	3/8	1	1	3/8		1/4	3/2	534	-jus												
65	65	96	96	1.5	0	0	Chord	3/8	2	1	3/8		1/4	3/2	535													
65	65	193/2	193/2	0.5	1/8	1/8	Chord	3/8	3	1	1/8		1/8	1	536													
65	65	97	97	0.5	1/4	1/4	Chord	3/8	3	1	1/8		1/8	1	537													
66	66	195/2	195/2	0.5	0	0	Chord	3/8	1	1	1/8		1/8	1	538	a-									62			
66	66	98	98	0.5	1/8	1/8	Chord	3/8	1	1	1/8		1/8	1	539													
66	66	197/2	197/2	0.5	1/4	1/4	Chord	3/8	1	1	1/8		1/8	1	540	-ni-												
66	66	195/2	195/2	0.5	0	0	Chord	3/8	2	1	1/8		1/8	1	541													
66	66	98	98	0.5	1/8	1/8	Chord	3/8	2	1	1/8		1/8	1	542										63			
66	66	197/2	197/2	0.0	1/4	1/4	Spanner	3/8	2	1	0														63	6		
66	66	197/2	197/2	0.5	1/4	1/4	Chord	3/8	2	1	1/8		1/8	1	543										63	6		
66	66	195/2	195/2	1.5	0	0	Chord	3/8	3	1	3/8		1/4	3/2	544													
67	67	99	99	0.0	0	0	Spanner	3/8	1	1	0															7		
67	67	99	99	0.5	0	0	Chord	3/8	1	1	1/8		1/8	1	545	-mam									64	7		
67	67	199/2	199/2	0.5	1/8	1/8	Chord	3/8	1	1	1/8		1/8	1	546											7		
67	67	100	100	0.5	1/4	1/4	Chord	3/8	1	1	1/8		1/8	1	547	ge-										7		
67	67	99	99	0.5	0	0	Chord	3/8	2	1	1/8		1/8	1	548										63	6		
67	67	199/2	199/2	0.5	1/8	1/8	Chord	3/8	2	1	1/8		1/8	1	549										63	6		
67	67	100	100	0.0	1/4	1/4	Spanner	3/8	2	1	0																	
67	67	100	100	0.5	1/4	1/4	Chord	3/8	2	1	1/8		1/8	1	550													
67	67	99	99	1.5	0	0	Chord	3/8	2	2	3/8		1/4	3/2	551													
67	67	99	99	1.5	0	0	Chord	3/8	3	1	3/8		1/4	3/2	552													
68	68	201/2	201/2	0.0	0	0	Dynamic	3/8	1	1	0						f											
68	68	201/2	201/2	0.0	0	0	Spanner	3/8	1	1	0																	
68	68	201/2	201/2	0.5	0	0	Chord	3/8	1	1	1/8		1/8	1	553	-men-												
68	68	101	101	0.5	1/8	1/8	Chord	3/8	1	1	1/8		1/8	1	554	-tem												
68	68	201/2	201/2	0.5	0	0	Chord	3/8	2	1	1/8		1/8	1	555			articStaccatoAbove										
68	68	101	101	0.5	1/8	1/8	Chord	3/8	2	1	1/8		1/8	1	556			articStaccatoAbove										
68	68	201/2	201/2	0.0	0	0	Dynamic	3/8	3	1	0						f											
68	68	201/2	201/2	0.5	0	0	Chord	3/8	3	1	1/8		1/8	1	557			articStaccatoAbove										
68	68	101	101	0.5	1/8	1/8	Chord	3/8	3	1	1/8		1/8	1	558			articStaccatoAbove										
69	69	102	102	0.0	0	0	Dynamic	3/8	1	1	0						p											
69	69	102	102	1.5	0	0	Chord	3/8	1	1	3/8		1/4	3/2	559	con-												
69	69	102	102	1.5	0	0	Chord	3/8	2	1	3/8		1/4	3/2	560													
69	69	102	102	0.0	0	0	Dynamic	3/8	3	1	0						p											
69	69	205/2	205/2	0.5	1/8	1/8	Chord	3/8	3	1	1/8		1/8	1	561													
69	69	103	103	0.5	1/4	1/4	Chord	3/8	3	1	1/8		1/8	1	562													
70	70	207/2	207/2	1.5	0	0	Chord	3/8	1	1	3/8		1/4	3/2	563	-tris-												
70	70	207/2	207/2	1.5	0	0	Chord	3/8	2	1	3/8		1/4	3/2	564													
70	70	104	104	0.5	1/8	1/8	Chord	3/8	3	1	1/8		1/8	1	565													
70	70	209/2	209/2	0.5	1/4	1/4	Chord	3/8	3	1	1/8		1/8	1	566													
71	71	105	105	0.5	0	0	Chord	3/8	1	1	1/8		1/8	1	567	-ta-									65			
71	71	211/2	211/2	0.5	1/8	1/8	Chord	3/8	1	1	1/8		1/8	1	568													
71	71	106	106	0.5	1/4	1/4	Chord	3/8	1	1	1/8		1/8	1	569	-tam												
71	71	105	105	0.5	0	0	Chord	3/8	2	1	1/8		1/8	1	570													
71	71	211/2	211/2	0.5	1/8	1/8	Chord	3/8	2	1	1/8		1/8	1	571										66			
71	71	106	106	0.0	1/4	1/4	Spanner	3/8	2	1	0														66	8		
71	71	106	106	0.5	1/4	1/4	Chord	3/8	2	1	1/8		1/8	1	572										66	8		
71	71	105	105	1.5	0	0	Chord	3/8	3	1	3/8		1/4	3/2	573													
72	72	213/2	213/2	0.0	0	0	Spanner	3/8	1	1	0															9		
72	72	213/2	213/2	0.5	0	0	Chord	3/8	1	1	1/8		1/8	1	574	ac									67	9		
72	72	107	107	0.5	1/8	1/8	Chord	3/8	1	1	1/8		1/8	1	575											9		
72	72	215/2	215/2	0.5	1/4	1/4	Chord	3/8	1	1	1/8		1/8	1	576	do-										9		
72	72	213/2	213/2	0.5	0	0	Chord	3/8	2	1	1/8		1/8	1	577										66	8		
72	72	107	107	0.5	1/8	1/8	Chord	3/8	2	1	1/8		1/8	1	578										66	8		
72	72	215/2	215/2	0.0	1/4	1/4	Spanner	3/8	2	1	0																	
72	72	215/2	215/2	0.5	1/4	1/4	Chord	3/8	2	1	1/8		1/8	1	579													
72	72	213/2	213/2	1.5	0	0	Chord	3/8	2	2	3/8		1/4	3/2	580													
72	72	213/2	213/2	1.5	0	0	Chord	3/8	3	1	3/8		1/4	3/2	581													
73	73	108	108	0.0	0	0	Dynamic	3/8	1	1	0						f											
73	73	108	108	0.0	0	0	Spanner	3/8	1	1	0																	
73	73	108	108	0.5	0	0	Chord	3/8	1	1	1/8		1/8	1	582	-len-												
73	73	217/2	217/2	0.5	1/8	1/8	Chord	3/8	1	1	1/8		1/8	1	583	-tem												
73	73	108	108	0.5	0	0	Chord	3/8	2	1	1/8		1/8	1	584			articStaccatoAbove										
73	73	217/2	217/2	0.5	1/8	1/8	Chord	3/8	2	1	1/8		1/8	1	585			articStaccatoAbove										
73	73	108	108	0.0	0	0	Dynamic	3/8	3	1	0						f											
73	73	108	108	0.5	0	0	Chord	3/8	3	1	1/8		1/8	1	586			articStaccatoAbove										
73	73	217/2	217/2	0.5	1/8	1/8	Chord	3/8	3	1	1/8		1/8	1	587			articStaccatoAbove										
74	74	219/2	219/2	1.5	0	0	Chord	3/8	1	1	3/8		1/4	3/2	588	per		ornamentTrill										
74	74	219/2	219/2	1.5	0	0	Chord	3/8	2	1	3/8		1/4	3/2	589													
74	74	219/2	219/2	0.0	0	0	Dynamic	3/8	3	1	0						f											
74	74	110	110	0.5	1/8	1/8	Chord	3/8	3	1	1/8		1/8	1	590										68			
74	74	221/2	221/2	0.5	1/4	1/4	Chord	3/8	3	1	1/8		1/8	1	591										68			
74	74	110	110	1.0	1/8	1/8	Chord	3/8	3	2	1/4		1/4	1	592													
75	75	111	111	1.5	0	0	Chord	3/8	1	1	3/8		1/4	3/2	593	tran-		ornamentTrill										
75	75	111	111	1.5	0	0	Chord	3/8	2	1	3/8		1/4	3/2	594													
75	75	111	111	0.5	0	0	Chord	3/8	3	1	1/8		1/8	1	595										68			
75	75	223/2	223/2	0.5	1/8	1/8	Chord	3/8	3	1	1/8		1/8	1	596										68			
75	75	112	112	0.5	1/4	1/4	Chord	3/8	3	1	1/8		1/8	1	597													
75	75	111	111	1.5	0	0	Chord	3/8	3	2	3/8		1/4	3/2	598													
76	76	225/2	225/2	1.5	0	0	Chord	3/8	1	1	3/8		1/4	3/2	599	-si-		ornamentTrill										
76	76	225/2	225/2	1.5	0	0	Chord	3/8	2	1	3/8		1/4	3/2	600													
76	76	225/2	225/2	0.5	0	0	Chord	3/8	3	1	1/8		1/8	1	601													
76	76	113	113	0.5	1/8	1/8	Chord	3/8	3	1	1/8		1/8	1	602										69			
76	76	227/2	227/2	0.5	1/4	1/4	Chord	3/8	3	1	1/8		1/8	1	603										69			
76	76	225/2	225/2	0.5	0	0	Chord	3/8	3	2	1/8		1/8	1	604													
76	76	113	113	1.0	1/8	1/8	Chord	3/8	3	2	1/4		1/4	1	605													
77	77	114	114	1.5	0	0	Chord	3/8	1	1	3/8		1/4	3/2	606	-vit,		ornamentTrill										
77	77	114	114	1.5	0	0	Chord	3/8	2	1	3/8		1/4	3/2	607													
77	77	114	114	0.5	0	0	Chord	3/8	3	1	1/8		1/8	1	608										69			
77	77	229/2	229/2	0.5	1/8	1/8	Chord	3/8	3	1	1/8		1/8	1	609										69			
77	77	115	115	0.5	1/4	1/4	Chord	3/8	3	1	1/8		1/8	1	610													
77	77	114	114	1.5	0	0	Chord	3/8	3	2	3/8		1/4	3/2	611													
78	78	231/2	231/2	0.0	0	0	Dynamic	3/8	1	1	0						p											
78	78	231/2	231/2	1.5	0	0	Chord	3/8	1	1	3/8		1/4	3/2	612	per-									70			
78	78	231/2	231/2	0.0	0	0	Dynamic	3/8	2	1	0						p											
78	78	231/2	231/2	1.5	0	0	Chord	3/8	2	1	3/8		1/4	3/2	613										71			
78	78	116	116	0.5	1/8	1/8	Chord	3/8	3	1	1/8		1/8	1	614										72			
78	78	233/2	233/2	0.5	1/4	1/4	Chord	3/8	3	1	1/8		1/8	1	615										72			
78	78	116	116	1.0	1/8	1/8	Chord	3/8	3	2	1/4		1/4	1	616													
79	79	117	117	1.5	0	0	Chord	3/8	1	1	3/8		1/4	3/2	617	-tran-												
79	79	117	117	1.5	0	0	Chord	3/8	2	1	3/8		1/4	3/2	618													
79	79	117	117	0.5	0	0	Chord	3/8	2	2	1/8		1/8	1	619										73			
79	79	235/2	235/2	0.5	1/8	1/8	Chord	3/8	2	2	1/8		1/8	1	620										73			
79	79	118	118	0.5	1/4	1/4	Chord	3/8	2	2	1/8		1/8	1	621													
79	79	117	117	0.5	0	0	Chord	3/8	3	1	1/8		1/8	1	622										72			
79	79	235/2	235/2	0.5	1/8	1/8	Chord	3/8	3	1	1/8		1/8	1	623										72			
79	79	118	118	0.5	1/4	1/4	Chord	3/8	3	1	1/8		1/8	1	624													
79	79	117	117	1.5	0	0	Chord	3/8	3	2	3/8		1/4	3/2	625													
80	80	237/2	237/2	0.5	0	0	Chord	3/8	1	1	1/8		1/8	1	626	-si-									74			
80	80	119	119	0.5	1/8	1/8	Chord	3/8	1	1	1/8		1/8	1	627													
80	80	239/2	239/2	0.5	1/4	1/4	Chord	3/8	1	1	1/8		1/8	1	628	-vit												
80	80	237/2	237/2	0.5	0	0	Chord	3/8	2	1	1/8		1/8	1	629										75			
80	80	119	119	0.5	1/8	1/8	Chord	3/8	2	1	1/8		1/8	1	630										75			
80	80	239/2	239/2	0.5	1/4	1/4	Chord	3/8	2	1	1/8		1/8	1	631													
80	80	237/2	237/2	0.5	0	0	Chord	3/8	3	1	1/8		1/8	1	632										76			
80	80	119	119	0.5	1/8	1/8	Chord	3/8	3	1	1/8		1/8	1	633										76			
80	80	239/2	239/2	0.5	1/4	1/4	Chord	3/8	3	1	1/8		1/8	1	634													
81	81	120	120	0.25	0	0	Chord	3/8	1	1	1/16		1/16	1	635	gla-									77			
81	81	481/4	481/4	0.25	1/16	1/16	Chord	3/8	1	1	1/16		1/16	1	636										77			
81	81	241/2	241/2	0.5	1/8	1/8	Chord	3/8	1	1	1/8		1/8	1	637													
81	81	121	121	0.5	1/4	1/4	Chord	3/8	1	1	1/8		1/8	1	638	-di-												
81	81	120	120	0.25	0	0	Chord	3/8	2	1	1/16		1/16	1	639										78			
81	81	481/4	481/4	0.25	1/16	1/16	Chord	3/8	2	1	1/16		1/16	1	640										78			
81	81	241/2	241/2	0.5	1/8	1/8	Chord	3/8	2	1	1/8		1/8	1	641													
81	81	121	121	0.5	1/4	1/4	Chord	3/8	2	1	1/8		1/8	1	642			articStaccatoBelow										
81	81	120	120	0.5	0	0	Chord	3/8	3	1	1/8		1/8	1	643													
81	81	241/2	241/2	1.0	1/8	1/8	Chord	3/8	3	1	1/4		1/4	1	644													
81	81	120	120	0.5	0	0	Chord	3/8	3	2	1/8		1/8	1	645										79			
81	81	241/2	241/2	0.5	1/8	1/8	Chord	3/8	3	2	1/8		1/8	1	646													
81	81	121	121	0.5	1/4	1/4	Chord	3/8	3	2	1/8		1/8	1	647													
82	82	243/2	243/2	1.0	0	0	Chord	3/8	1	1	1/4		1/4	1	648	-us.												
82	82	243/2	243/2	1.0	0	0	Chord	3/8	2	1	1/4		1/4	1	649													
82	82	243/2	243/2	1.0	0	0	Chord	3/8	3	1	1/4		1/4	1	650													
82	82	243/2	243/2	1.0	0	0	Chord	3/8	3	2	1/4		1/4	1	651													
83	83	123	123	0.5	0	0	Chord	3/8	1	1	1/8		1/8	1	652	Cu-												
83	83	247/2	247/2	1.0	1/8	1/8	Chord	3/8	1	1	1/4		1/4	1	653	-jus												
83	83	123	123	0.5	0	0	Chord	3/8	2	1	1/8		1/8	1	654													
83	83	247/2	247/2	1.0	1/8	1/8	Chord	3/8	2	1	1/4		1/4	1	655													
83	83	123	123	1.0	0	0	Chord	3/8	2	2	1/4		1/4	1	656													
83	83	124	124	0.5	1/4	1/4	Chord	3/8	2	2	1/8		1/8	1	657													
83	83	123	123	0.0	0	0	StaffText	3/8	3	1	0								sotto voce									
83	83	123	123	1.5	0	0	Chord	3/8	3	1	3/8		1/4	3/2	658													
84	84	249/2	249/2	0.5	0	0	Chord	3/8	1	1	1/8		1/8	1	659	a-												
84	84	125	125	1.0	1/8	1/8	Chord	3/8	1	1	1/4		1/4	1	660	-ni-												
84	84	249/2	249/2	0.5	0	0	Chord	3/8	2	1	1/8		1/8	1	661													
84	84	125	125	1.0	1/8	1/8	Chord	3/8	2	1	1/4		1/4	1	662													
84	84	249/2	249/2	1.0	0	0	Chord	3/8	2	2	1/4		1/4	1	663													
84	84	251/2	251/2	0.5	1/4	1/4	Chord	3/8	2	2	1/8		1/8	1	664													
84	84	249/2	249/2	1.5	0	0	Chord	3/8	3	1	3/8		1/4	3/2	665													
85	85	126	126	0.0	0	0	Spanner	3/8	1	1	0															10		
85	85	126	126	0.5	0	0	Chord	3/8	1	1	1/8		1/8	1	666	-mam										10		
85	85	253/2	253/2	1.0	1/8	1/8	Chord	3/8	1	1	1/4		1/4	1	667	ge-										10		
85	85	126	126	0.5	0	0	Chord	3/8	2	1	1/8		1/8	1	668													
85	85	253/2	253/2	1.0	1/8	1/8	Chord	3/8	2	1	1/4		1/4	1	669													
85	85	126	126	1.0	0	0	Chord	3/8	2	2	1/4		1/4	1	670													
85	85	127	127	0.5	1/4	1/4	Chord	3/8	2	2	1/8		1/8	1	671													
85	85	126	126	0.0	0	0	Spanner	3/8	3	1	0															11		
85	85	126	126	1.5	0	0	Chord	3/8	3	1	3/8		1/4	3/2	672											11		
86	86	255/2	255/2	0.5	0	0	Chord	3/8	1	1	1/8		1/8	1	673	-men-										10		
86	86	128	128	1.0	1/8	1/8	Chord	3/8	1	1	1/4		1/4	1	674	-tem										10		
86	86	255/2	255/2	0.5	0	0	Chord	3/8	2	1	1/8		1/8	1	675													
86	86	128	128	1.0	1/8	1/8	Chord	3/8	2	1	1/4		1/4	1	676													
86	86	255/2	255/2	1.0	0	0	Chord	3/8	2	2	1/4		1/4	1	677													
86	86	257/2	257/2	0.5	1/4	1/4	Chord	3/8	2	2	1/8		1/8	1	678													
86	86	255/2	255/2	1.5	0	0	Chord	3/8	3	1	3/8		1/4	3/2	679											11		
87	87	129	129	0.0	0	0	Spanner	3/8	1	1	0																	
87	87	129	129	0.5	0	0	Chord	3/8	1	1	1/8		1/8	1	680	con-												
87	87	259/2	259/2	1.0	1/8	1/8	Chord	3/8	1	1	1/4		1/4	1	681	-tris-												
87	87	129	129	0.5	0	0	Chord	3/8	2	1	1/8		1/8	1	682													
87	87	259/2	259/2	1.0	1/8	1/8	Chord	3/8	2	1	1/4		1/4	1	683													
87	87	129	129	1.0	0	0	Chord	3/8	2	2	1/4		1/4	1	684													
87	87	130	130	0.5	1/4	1/4	Chord	3/8	2	2	1/8		1/8	1	685													
87	87	129	129	0.0	0	0	Spanner	3/8	3	1	0																	
87	87	129	129	1.5	0	0	Chord	3/8	3	1	3/8		1/4	3/2	686													
88	88	261/2	261/2	0.5	0	0	Chord	3/8	1	1	1/8		1/8	1	687	-ta-												
88	88	131	131	1.0	1/8	1/8	Chord	3/8	1	1	1/4		1/4	1	688	-tam												
88	88	261/2	261/2	0.5	0	0	Chord	3/8	2	1	1/8		1/8	1	689													
88	88	131	131	1.0	1/8	1/8	Chord	3/8	2	1	1/4		1/4	1	690													
88	88	261/2	261/2	1.0	0	0	Chord	3/8	2	2	1/4		1/4	1	691													
88	88	263/2	263/2	0.5	1/4	1/4	Chord	3/8	2	2	1/8		1/8	1	692													
88	88	261/2	261/2	1.5	0	0	Chord	3/8	3	1	3/8		1/4	3/2	693													
89	89	132	132	0.0	0	0	Spanner	3/8	1	1	0																	4
89	89	132	132	0.5	0	0	Chord	3/8	1	1	1/8		1/8	1	694	ac												4
89	89	265/2	265/2	1.0	1/8	1/8	Chord	3/8	1	1	1/4		1/4	1	695	do-												4
89	89	132	132	0.5	0	0	Chord	3/8	2	1	1/8		1/8	1	696													
89	89	265/2	265/2	1.0	1/8	1/8	Chord	3/8	2	1	1/4		1/4	1	697													
89	89	132	132	1.0	0	0	Chord	3/8	2	2	1/4		1/4	1	698													
89	89	133	133	0.5	1/4	1/4	Chord	3/8	2	2	1/8		1/8	1	699													
89	89	132	132	0.0	0	0	Spanner	3/8	3	1	0																	5
89	89	132	132	1.0	0	0	Chord	3/8	3	1	1/4		1/4	1	700													5
89	89	133	133	0.5	1/4	1/4	Chord	3/8	3	1	1/8		1/8	1	701													5
90	90	267/2	267/2	0.5	0	0	Chord	3/8	1	1	1/8		1/8	1	702	-len-												4
90	90	134	134	0.5	1/8	1/8	Chord	3/8	1	1	1/8		1/8	1	703	-tem												4
90	90	269/2	269/2	0.0	1/4	1/4	Spanner	3/8	1	1	0																	
90	90	267/2	267/2	0.5	0	0	Chord	3/8	2	1	1/8		1/8	1	704			articStaccatoAbove										
90	90	134	134	0.5	1/8	1/8	Chord	3/8	2	1	1/8		1/8	1	705			articStaccatoAbove										
90	90	267/2	267/2	1.0	0	0	Chord	3/8	2	2	1/4		1/4	1	706													
90	90	267/2	267/2	1.0	0	0	Chord	3/8	3	1	1/4		1/4	1	707													5
90	90	134	134	0.0	1/8	1/8	Spanner	3/8	3	1	0																	
90	90	267/2	267/2	0.5	0	0	Chord	3/8	3	2	1/8		1/8	1	708													
90	90	134	134	0.5	1/8	1/8	Chord	3/8	3	2	1/8		1/8	1	709													
91	91	135	135	0.0	0	0	Dynamic	3/8	1	1	0						f											
91	91	135	135	1.5	0	0	Chord	3/8	1	1	3/8		1/4	3/2	710	per-		ornamentTrill										
91	91	135	135	1.5	0	0	Chord	3/8	2	1	3/8		1/4	3/2	711													
91	91	135	135	0.0	0	0	Dynamic	3/8	3	1	0						f											
91	91	271/2	271/2	1.0	1/8	1/8	Chord	3/8	3	1	1/4		1/4	1	712													
91	91	271/2	271/2	0.5	1/8	1/8	Chord	3/8	3	2	1/8		1/8	1	713										80			
91	91	136	136	0.5	1/4	1/4	Chord	3/8	3	2	1/8		1/8	1	714										80			
92	92	273/2	273/2	1.5	0	0	Chord	3/8	1	1	3/8		1/4	3/2	715	-tran-		ornamentTrill										
92	92	273/2	273/2	1.5	0	0	Chord	3/8	2	1	3/8		1/4	3/2	716													
92	92	273/2	273/2	0.5	0	0	Chord	3/8	2	2	1/8		1/8	1	717										81			
92	92	137	137	0.5	1/8	1/8	Chord	3/8	2	2	1/8		1/8	1	718										81			
92	92	275/2	275/2	0.5	1/4	1/4	Chord	3/8	2	2	1/8		1/8	1	719													
92	92	273/2	273/2	0.5	0	0	Chord	3/8	3	1	1/8		1/8	1	720													
92	92	137	137	0.5	1/8	1/8	Chord	3/8	3	1	1/8		1/8	1	721													
92	92	275/2	275/2	0.5	1/4	1/4	Chord	3/8	3	1	1/8		1/8	1	722													
92	92	273/2	273/2	1.5	0	0	Chord	3/8	3	2	3/8		1/4	3/2	723										80			
93	93	138	138	1.5	0	0	Chord	3/8	1	1	3/8		1/4	3/2	724	-si-		ornamentTrill										
93	93	138	138	1.5	0	0	Chord	3/8	2	1	3/8		1/4	3/2	725													
93	93	138	138	1.5	0	0	Chord	3/8	2	2	3/8		1/4	3/2	726													
93	93	138	138	0.5	0	0	Chord	3/8	3	1	1/8		1/8	1	727													
93	93	277/2	277/2	1.0	1/8	1/8	Chord	3/8	3	1	1/4		1/4	1	728													
93	93	138	138	0.5	0	0	Chord	3/8	3	2	1/8		1/8	1	729													
93	93	277/2	277/2	0.5	1/8	1/8	Chord	3/8	3	2	1/8		1/8	1	730										82			
93	93	139	139	0.5	1/4	1/4	Chord	3/8	3	2	1/8		1/8	1	731										82			
94	94	279/2	279/2	1.5	0	0	Chord	3/8	1	1	3/8		1/4	3/2	732	-vit,		ornamentTrill										
94	94	279/2	279/2	1.5	0	0	Chord	3/8	2	1	3/8		1/4	3/2	733													
94	94	279/2	279/2	0.5	0	0	Chord	3/8	2	2	1/8		1/8	1	734										83			
94	94	140	140	0.5	1/8	1/8	Chord	3/8	2	2	1/8		1/8	1	735										83			
94	94	281/2	281/2	0.5	1/4	1/4	Chord	3/8	2	2	1/8		1/8	1	736													
94	94	279/2	279/2	1.5	0	0	Chord	3/8	3	1	3/8		1/4	3/2	737													
94	94	279/2	279/2	0.5	0	0	Chord	3/8	3	2	1/8		1/8	1	738										82			
94	94	140	140	0.5	1/8	1/8	Chord	3/8	3	2	1/8		1/8	1	739										82			
94	94	281/2	281/2	0.5	1/4	1/4	Chord	3/8	3	2	1/8		1/8	1	740													
95	95	141	141	0.0	0	0	Dynamic	3/8	1	1	0						p											
95	95	141	141	1.5	0	0	Chord	3/8	1	1	3/8		1/4	3/2	741	per-												
95	95	141	141	1.5	0	0	Chord	3/8	2	1	3/8		1/4	3/2	742													
95	95	141	141	0.0	0	0	Dynamic	3/8	3	1	0						p											
95	95	283/2	283/2	1.0	1/8	1/8	Chord	3/8	3	1	1/4		1/4	1	743													
95	95	283/2	283/2	0.5	1/8	1/8	Chord	3/8	3	2	1/8		1/8	1	744										84			
95	95	142	142	0.5	1/4	1/4	Chord	3/8	3	2	1/8		1/8	1	745										84			
96	96	285/2	285/2	1.5	0	0	Chord	3/8	1	1	3/8		1/4	3/2	746	-trans-												
96	96	285/2	285/2	1.5	0	0	Chord	3/8	2	1	3/8		1/4	3/2	747													
96	96	285/2	285/2	0.5	0	0	Chord	3/8	2	2	1/8		1/8	1	748										85			
96	96	143	143	0.5	1/8	1/8	Chord	3/8	2	2	1/8		1/8	1	749										85			
96	96	287/2	287/2	0.5	1/4	1/4	Chord	3/8	2	2	1/8		1/8	1	750													
96	96	285/2	285/2	1.5	0	0	Chord	3/8	3	1	3/8		1/4	3/2	751													
96	96	285/2	285/2	0.5	0	0	Chord	3/8	3	2	1/8		1/8	1	752										84			
96	96	143	143	0.5	1/8	1/8	Chord	3/8	3	2	1/8		1/8	1	753										84			
96	96	287/2	287/2	0.5	1/4	1/4	Chord	3/8	3	2	1/8		1/8	1	754													
97	97	144	144	0.5	0	0	Chord	3/8	1	1	1/8		1/8	1	755	-i-									86			
97	97	289/2	289/2	0.5	1/8	1/8	Chord	3/8	1	1	1/8		1/8	1	756													
97	97	145	145	0.5	1/4	1/4	Chord	3/8	1	1	1/8		1/8	1	757	-vit												
97	97	144	144	0.5	0	0	Chord	3/8	2	1	1/8		1/8	1	758										87			
97	97	289/2	289/2	0.5	1/8	1/8	Chord	3/8	2	1	1/8		1/8	1	759										87			
97	97	145	145	0.5	1/4	1/4	Chord	3/8	2	1	1/8		1/8	1	760													
97	97	144	144	0.5	0	0	Chord	3/8	3	1	1/8		1/8	1	761										88			
97	97	289/2	289/2	0.5	1/8	1/8	Chord	3/8	3	1	1/8		1/8	1	762										88			
97	97	145	145	0.5	1/4	1/4	Chord	3/8	3	1	1/8		1/8	1	763													
98	98	291/2	291/2	0.25	0	0	Chord	3/8	1	1	1/16		1/16	1	764	gla-									89			
98	98	583/4	583/4	0.25	1/16	1/16	Chord	3/8	1	1	1/16		1/16	1	765										89			
98	98	146	146	0.5	1/8	1/8	Chord	3/8	1	1	1/8		1/8	1	766													
98	98	293/2	293/2	0.5	1/4	1/4	Chord	3/8	1	1	1/8		1/8	1	767	-di-												
98	98	291/2	291/2	0.25	0	0	Chord	3/8	2	1	1/16		1/16	1	768										90			
98	98	583/4	583/4	0.25	1/16	1/16	Chord	3/8	2	1	1/16		1/16	1	769										90			
98	98	146	146	0.5	1/8	1/8	Chord	3/8	2	1	1/8		1/8	1	770													
98	98	293/2	293/2	0.5	1/4	1/4	Chord	3/8	2	1	1/8		1/8	1	771													
98	98	291/2	291/2	0.5	0	0	Chord	3/8	2	2	1/8		1/8	1	772													
98	98	146	146	0.5	1/8	1/8	Chord	3/8	2	2	1/8		1/8	1	773													
98	98	293/2	293/2	0.5	1/4	1/4	Chord	3/8	2	2	1/8		1/8	1	774													
98	98	146	146	1.0	1/8	1/8	Chord	3/8	3	1	1/4		1/4	1	775													
98	98	291/2	291/2	0.5	0	0	Chord	3/8	3	2	1/8		1/8	1	776										91			
98	98	146	146	0.5	1/8	1/8	Chord	3/8	3	2	1/8		1/8	1	777													
98	98	293/2	293/2	0.5	1/4	1/4	Chord	3/8	3	2	1/8		1/8	1	778													
99	99	147	147	1.0	0	0	Chord	3/8	1	1	1/4		1/4	1	779	-us,												
99	99	147	147	0.5	0	0	Chord	3/8	2	1	1/8		1/8	1	780													
99	99	295/2	295/2	0.5	1/8	1/8	Chord	3/8	2	1	1/8		1/8	1	781										92			
99	99	148	148	0.5	1/4	1/4	Chord	3/8	2	1	1/8		1/8	1	782													
99	99	147	147	0.0	0	0	Spanner	3/8	3	1	0																	6
99	99	147	147	0.5	0	0	Chord	3/8	3	1	1/8		1/8	1	783													6
99	99	295/2	295/2	0.5	1/8	1/8	Chord	3/8	3	1	1/8		1/8	1	784										93			6
99	99	148	148	0.5	1/4	1/4	Chord	3/8	3	1	1/8		1/8	1	785													6
100	100	297/2	297/2	0.0	0	0	StaffText	3/8	1	1	0								dol.									
100	100	297/2	297/2	0.0	0	0	Dynamic	3/8	1	1	0						p											
100	100	297/2	297/2	0.0	0	0	Spanner	3/8	1	1	0															12		
100	100	297/2	297/2	1.5	0	0	Chord	3/8	1	1	3/8		1/4	3/2	786	per-										12		
100	100	297/2	297/2	1.5	0	0	Chord	3/8	2	1	3/8		1/4	3/2	787										94			
100	100	297/2	297/2	0.0	0	0	Dynamic	3/8	3	1	0						other-dynamics											
100	100	297/2	297/2	0.0	0	0	Spanner	3/8	3	1	0																	
100	100	149	149	0.0	1/8	1/8	Spanner	3/8	3	1	0															13		
100	100	149	149	1.0	1/8	1/8	Chord	3/8	3	1	1/4		1/4	1	788											13		
100	100	149	149	0.5	1/8	1/8	Chord	3/8	3	2	1/8		1/8	1	789											13		
100	100	299/2	299/2	0.5	1/4	1/4	Chord	3/8	3	2	1/8		1/8	1	790											13		
101	101	150	150	1.5	0	0	Chord	3/8	1	1	3/8		1/4	3/2	791	-trans-										12		
101	101	150	150	1.5	0	0	Chord	3/8	2	1	3/8		1/4	3/2	792										94			
101	101	150	150	0.5	0	0	Chord	3/8	2	2	1/8		1/8	1	793										95			
101	101	301/2	301/2	0.5	1/8	1/8	Chord	3/8	2	2	1/8		1/8	1	794										95			
101	101	151	151	0.5	1/4	1/4	Chord	3/8	2	2	1/8		1/8	1	795													
101	101	150	150	0.5	0	0	Chord	3/8	3	1	1/8		1/8	1	796											13		
101	101	301/2	301/2	0.5	1/8	1/8	Chord	3/8	3	1	1/8		1/8	1	797											13		
101	101	151	151	0.5	1/4	1/4	Chord	3/8	3	1	1/8		1/8	1	798											13		
101	101	150	150	1.5	0	0	Chord	3/8	3	2	3/8		1/4	3/2	799											13		
102	102	303/2	303/2	0.0	0	0	Spanner	3/8	1	1	0																	
102	102	303/2	303/2	0.5	0	0	Chord	3/8	1	1	1/8		1/8	1	800	-i-									96			
102	102	152	152	0.5	1/8	1/8	Chord	3/8	1	1	1/8		1/8	1	801													
102	102	305/2	305/2	0.5	1/4	1/4	Chord	3/8	1	1	1/8		1/8	1	802	-vit												
102	102	303/2	303/2	0.5	0	0	Chord	3/8	2	1	1/8		1/8	1	803										94			
102	102	152	152	0.5	1/8	1/8	Chord	3/8	2	1	1/8		1/8	1	804										94			
102	102	305/2	305/2	0.5	1/4	1/4	Chord	3/8	2	1	1/8		1/8	1	805													
102	102	303/2	303/2	0.0	0	0	Spanner	3/8	3	1	0																	
102	102	303/2	303/2	0.5	0	0	Chord	3/8	3	1	1/8		1/8	1	806										97			
102	102	152	152	0.5	1/8	1/8	Chord	3/8	3	1	1/8		1/8	1	807										97			
102	102	305/2	305/2	0.5	1/4	1/4	Chord	3/8	3	1	1/8		1/8	1	808													
103	103	153	153	0.25	0	0	Chord	3/8	1	1	1/16		1/16	1	809	gla-									98			
103	103	613/4	613/4	0.25	1/16	1/16	Chord	3/8	1	1	1/16		1/16	1	810										98			
103	103	307/2	307/2	0.5	1/8	1/8	Chord	3/8	1	1	1/8		1/8	1	811													
103	103	154	154	0.5	1/4	1/4	Chord	3/8	1	1	1/8		1/8	1	812	-di-												
103	103	153	153	0.25	0	0	Chord	3/8	2	1	1/16		1/16	1	813										99			
103	103	613/4	613/4	0.25	1/16	1/16	Chord	3/8	2	1	1/16		1/16	1	814										99			
103	103	307/2	307/2	0.5	1/8	1/8	Chord	3/8	2	1	1/8		1/8	1	815													
103	103	154	154	0.5	1/4	1/4	Chord	3/8	2	1	1/8		1/8	1	816													
103	103	153	153	0.5	0	0	Chord	3/8	2	2	1/8		1/8	1	817													
103	103	307/2	307/2	0.5	1/8	1/8	Chord	3/8	2	2	1/8		1/8	1	818													
103	103	154	154	0.5	1/4	1/4	Chord	3/8	2	2	1/8		1/8	1	819													
103	103	307/2	307/2	1.0	1/8	1/8	Chord	3/8	3	1	1/4		1/4	1	820													
103	103	153	153	0.5	0	0	Chord	3/8	3	2	1/8		1/8	1	821										100			
103	103	307/2	307/2	0.5	1/8	1/8	Chord	3/8	3	2	1/8		1/8	1	822													
103	103	154	154	0.5	1/4	1/4	Chord	3/8	3	2	1/8		1/8	1	823													
104	104	309/2	309/2	1.0	0	0	Chord	3/8	1	1	1/4		1/4	1	824	-us.												
104	104	309/2	309/2	0.5	0	0	Chord	3/8	2	1	1/8		1/8	1	825													
104	104	155	155	0.0	1/8	1/8	Dynamic	3/8	2	1	0						f											
104	104	155	155	1.0	1/8	1/8	Chord	3/8	2	1	1/4		1/4	1	826													
104	104	309/2	309/2	1.0	0	0	Chord	3/8	3	1	1/4		1/4	1	827													
104	104	311/2	311/2	0.5	1/4	1/4	Chord	3/8	3	1	1/8		1/8	1	828													
104	104	309/2	309/2	1.0	0	0	Chord	3/8	3	2	1/4		1/4	1	829													
104	104	311/2	311/2	0.5	1/4	1/4	Chord	3/8	3	2	1/8		1/8	1	830													
105	105	156	156	0.0	0	0	Dynamic	3/8	2	1	0						p											
105	105	156	156	0.25	0	0	Chord	3/8	2	1	1/16		1/16	1	831										101			
105	105	625/4	625/4	0.25	1/16	1/16	Chord	3/8	2	1	1/16		1/16	1	832										101			
105	105	313/2	313/2	0.5	1/8	1/8	Chord	3/8	2	1	1/8		1/8	1	833													
105	105	157	157	0.5	1/4	1/4	Chord	3/8	2	1	1/8		1/8	1	834			articStaccatoAbove										
105	105	156	156	0.5	0	0	Chord	3/8	2	2	1/8		1/8	1	835													
105	105	313/2	313/2	0.5	1/8	1/8	Chord	3/8	2	2	1/8		1/8	1	836													
105	105	157	157	0.5	1/4	1/4	Chord	3/8	2	2	1/8		1/8	1	837													
105	105	313/2	313/2	1.0	1/8	1/8	Chord	3/8	3	1	1/4		1/4	1	838													
105	105	156	156	0.5	0	0	Chord	3/8	3	2	1/8		1/8	1	839										102			
105	105	313/2	313/2	0.5	1/8	1/8	Chord	3/8	3	2	1/8		1/8	1	840													
105	105	157	157	0.5	1/4	1/4	Chord	3/8	3	2	1/8		1/8	1	841													
106	106	315/2	315/2	0.5	0	0	Chord	3/8	2	1	1/8		1/8	1	842													
106	106	158	158	0.0	1/8	1/8	Dynamic	3/8	2	1	0						f											
106	106	158	158	1.0	1/8	1/8	Chord	3/8	2	1	1/4		1/4	1	843													
106	106	158	158	0.5	1/8	1/8	Chord	3/8	3	1	1/8		1/8	1	844													
106	106	317/2	317/2	0.5	1/4	1/4	Chord	3/8	3	1	1/8		1/8	1	845													
107	107	159	159	0.0	0	0	Dynamic	3/8	2	1	0						p											
107	107	159	159	0.0	0	0	Spanner	3/8	2	1	0																1	
107	107	159	159	0.25	0	0	Chord	3/8	2	1	1/16		1/16	1	846										103		1	
107	107	637/4	637/4	0.25	1/16	1/16	Chord	3/8	2	1	1/16		1/16	1	847										103		1	
107	107	319/2	319/2	0.5	1/8	1/8	Chord	3/8	2	1	1/8		1/8	1	848												1	
107	107	160	160	0.5	1/4	1/4	Chord	3/8	2	1	1/8		1/8	1	849			articStaccatoAbove									1	
107	107	159	159	0.5	0	0	Chord	3/8	2	2	1/8		1/8	1	850												1	
107	107	319/2	319/2	0.5	1/8	1/8	Chord	3/8	2	2	1/8		1/8	1	851												1	
107	107	160	160	0.5	1/4	1/4	Chord	3/8	2	2	1/8		1/8	1	852												1	
107	107	319/2	319/2	1.0	1/8	1/8	Chord	3/8	3	1	1/4		1/4	1	853													
107	107	159	159	0.5	0	0	Chord	3/8	3	2	1/8		1/8	1	854										104			
107	107	319/2	319/2	0.5	1/8	1/8	Chord	3/8	3	2	1/8		1/8	1	855													
107	107	160	160	0.5	1/4	1/4	Chord	3/8	3	2	1/8		1/8	1	856													
108	108	321/2	321/2	0.5	0	0	Chord	3/8	2	1	1/8		1/8	1	857												1	
108	108	161	161	0.5	1/8	1/8	Chord	3/8	2	1	1/8		1/8	1	858												1	
108	108	323/2	323/2	0.0	1/4	1/4	Dynamic	3/8	2	1	0						ppp											
108	108	323/2	323/2	0.0	1/4	1/4	Spanner	3/8	2	1	0																	
108	108	321/2	321/2	1.0	0	0	Chord	3/8	3	1	1/4		1/4	1	859													
108	108	321/2	321/2	1.0	0	0	Chord	3/8	3	2	1/4		1/4	1	860													
