mc	mn	quarterbeats	quarterbeats_all_endings	duration_qb	mc_onset	mn_onset	event	timesig	staff	voice	duration	nominal_duration	scalar	chord_id	lyrics_1	dynamics	articulation	staff_text	tempo	qpm	tempo_visible	slur	diminuendo_line	crescendo_hairpin	decrescendo_hairpin
1	1	0	0	0.0	0	0	Dynamic	4/4	1	1	0					p									
1	1	0	0	0.0	0	0	Tempo	4/4	1	1	0								Larghetto	44.0	1.0				
1	1	0	0	0.0	0	0	Spanner	4/4	1	1	0													0	
1	1	0	0	1.0	0	0	Chord	4/4	1	1	1/4	1/4	1	0	O									0	
1	1	1	1	1.0	1/4	1/4	Chord	4/4	1	1	1/4	1/4	1	1	quam									0	
1	1	2	2	0.0	1/2	1/2	Spanner	4/4	1	1	0														
1	1	2	2	0.0	1/2	1/2	Spanner	4/4	1	1	0														0
1	1	2	2	1.0	1/2	1/2	Chord	4/4	1	1	1/4	1/4	1	2	tris-										0
1	1	3	3	1.0	3/4	3/4	Chord	4/4	1	1	1/4	1/4	1	3	-tis										0
1	1	0	0	0.0	0	0	Dynamic	4/4	2	1	0					p									
1	1	0	0	0.0	0	0	Spanner	4/4	2	1	0													1	
1	1	0	0	1.0	0	0	Chord	4/4	2	1	1/4	1/4	1	4	O									1	
1	1	1	1	1.0	1/4	1/4	Chord	4/4	2	1	1/4	1/4	1	5	quam									1	
1	1	2	2	0.0	1/2	1/2	Spanner	4/4	2	1	0														
1	1	2	2	0.0	1/2	1/2	Spanner	4/4	2	1	0														1
1	1	2	2	1.0	1/2	1/2	Chord	4/4	2	1	1/4	1/4	1	6	tris-										1
1	1	3	3	1.0	3/4	3/4	Chord	4/4	2	1	1/4	1/4	1	7	-tis										1
1	1	0	0	1.0	0	0	Chord	4/4	3	1	1/4	1/4	1	8											
1	1	1	1	1.0	1/4	1/4	Chord	4/4	3	1	1/4	1/4	1	9											
1	1	2	2	1.0	1/2	1/2	Chord	4/4	3	1	1/4	1/4	1	10											
1	1	3	3	1.0	3/4	3/4	Chord	4/4	3	1	1/4	1/4	1	11											
1	1	0	0	0.0	0	0	Dynamic	4/4	4	1	0					p									
1	1	0	0	0.0	0	0	Spanner	4/4	4	1	0													2	
1	1	0	0	1.0	0	0	Chord	4/4	4	1	1/4	1/4	1	12										2	
1	1	1	1	1.0	1/4	1/4	Chord	4/4	4	1	1/4	1/4	1	13										2	
1	1	2	2	0.0	1/2	1/2	Spanner	4/4	4	1	0														
1	1	2	2	0.0	1/2	1/2	Spanner	4/4	4	1	0														2
1	1	2	2	1.0	1/2	1/2	Chord	4/4	4	1	1/4	1/4	1	14											2
1	1	3	3	0.0	3/4	3/4	Spanner	4/4	4	1	0														
1	1	3	3	1.0	3/4	3/4	Chord	4/4	4	1	1/4	1/4	1	15											
2	2	4	4	0.0	0	0	Dynamic	4/4	1	1	0					pp									
2	2	4	4	0.0	0	0	Spanner	4/4	1	1	0														
2	2	6	6	0.0	1/2	1/2	Spanner	4/4	1	1	0													3	
2	2	6	6	1.0	1/2	1/2	Chord	4/4	1	1	1/4	1/4	1	16	et									3	
2	2	7	7	1.0	3/4	3/4	Chord	4/4	1	1	1/4	1/4	1	17	af-									3	
2	2	4	4	0.0	0	0	Dynamic	4/4	2	1	0					pp									
2	2	4	4	0.0	0	0	Spanner	4/4	2	1	0														
2	2	6	6	0.0	1/2	1/2	Spanner	4/4	2	1	0													4	
2	2	6	6	1.0	1/2	1/2	Chord	4/4	2	1	1/4	1/4	1	18	et									4	
2	2	7	7	1.0	3/4	3/4	Chord	4/4	2	1	1/4	1/4	1	19	af-									4	
2	2	4	4	0.5	0	0	Chord	4/4	3	1	1/8	1/8	1	20								0			
2	2	9/2	9/2	0.5	1/8	1/8	Chord	4/4	3	1	1/8	1/8	1	21								0			
2	2	5	5	0.5	1/4	1/4	Chord	4/4	3	1	1/8	1/8	1	22								0			
2	2	11/2	11/2	0.5	3/8	3/8	Chord	4/4	3	1	1/8	1/8	1	23											
2	2	6	6	0.5	1/2	1/2	Chord	4/4	3	1	1/8	1/8	1	24								1			
2	2	13/2	13/2	0.5	5/8	5/8	Chord	4/4	3	1	1/8	1/8	1	25								1			
2	2	7	7	0.5	3/4	3/4	Chord	4/4	3	1	1/8	1/8	1	26								1			
2	2	15/2	15/2	0.5	7/8	7/8	Chord	4/4	3	1	1/8	1/8	1	27											
2	2	6	6	1.0	1/2	1/2	Chord	4/4	3	2	1/4	1/4	1	28											
2	2	7	7	1.0	3/4	3/4	Chord	4/4	3	2	1/4	1/4	1	29											
2	2	9/2	9/2	0.0	1/8	1/8	Dynamic	4/4	4	1	0					other-dynamics									
2	2	6	6	0.0	1/2	1/2	Spanner	4/4	4	1	0													5	
2	2	6	6	1.0	1/2	1/2	Chord	4/4	4	1	1/4	1/4	1	30										5	
2	2	7	7	1.0	3/4	3/4	Chord	4/4	4	1	1/4	1/4	1	31										5	
3	3	8	8	0.0	0	0	Spanner	4/4	1	1	0														
3	3	8	8	0.0	0	0	Spanner	4/4	1	1	0														3
3	3	8	8	1.0	0	0	Chord	4/4	1	1	1/4	1/4	1	32	-fli-										3
3	3	9	9	1.0	1/4	1/4	Chord	4/4	1	1	1/4	1/4	1	33	-cta,										3
3	3	10	10	0.0	1/2	1/2	Spanner	4/4	1	1	0														
3	3	8	8	0.0	0	0	Spanner	4/4	2	1	0														
3	3	8	8	0.0	0	0	Spanner	4/4	2	1	0														4
3	3	8	8	1.0	0	0	Chord	4/4	2	1	1/4	1/4	1	34	-fli-										4
3	3	9	9	1.0	1/4	1/4	Chord	4/4	2	1	1/4	1/4	1	35	-cta,										4
3	3	10	10	0.0	1/2	1/2	Spanner	4/4	2	1	0														
3	3	8	8	0.5	0	0	Chord	4/4	3	1	1/8	1/8	1	36								2			
3	3	17/2	17/2	0.5	1/8	1/8	Chord	4/4	3	1	1/8	1/8	1	37								2			
3	3	9	9	0.5	1/4	1/4	Chord	4/4	3	1	1/8	1/8	1	38								2			
3	3	19/2	19/2	0.5	3/8	3/8	Chord	4/4	3	1	1/8	1/8	1	39											
3	3	10	10	0.5	1/2	1/2	Chord	4/4	3	1	1/8	1/8	1	40								3			
3	3	21/2	21/2	0.5	5/8	5/8	Chord	4/4	3	1	1/8	1/8	1	41								3			
3	3	11	11	0.5	3/4	3/4	Chord	4/4	3	1	1/8	1/8	1	42								3			
3	3	23/2	23/2	0.5	7/8	7/8	Chord	4/4	3	1	1/8	1/8	1	43											
3	3	8	8	2.0	0	0	Chord	4/4	3	2	1/2	1/2	1	44											
3	3	8	8	0.0	0	0	Spanner	4/4	4	1	0														
3	3	8	8	0.0	0	0	Spanner	4/4	4	1	0														5
3	3	8	8	1.0	0	0	Chord	4/4	4	1	1/4	1/4	1	45											5
3	3	9	9	1.0	1/4	1/4	Chord	4/4	4	1	1/4	1/4	1	46											5
3	3	10	10	0.0	1/2	1/2	Spanner	4/4	4	1	0														
3	3	10	10	0.0	1/2	1/2	Spanner	4/4	4	1	0													6	
4	4	12	12	0.0	0	0	Dynamic	4/4	1	1	0					mf									
4	4	12	12	1.0	0	0	Chord	4/4	1	1	1/4	1/4	1	47	et										
4	4	13	13	1.0	1/4	1/4	Chord	4/4	1	1	1/4	1/4	1	48	af-										
4	4	14	14	0.0	1/2	1/2	Spanner	4/4	1	1	0														6
4	4	14	14	1.0	1/2	1/2	Chord	4/4	1	1	1/4	1/4	1	49	-fli-										6
4	4	15	15	1.0	3/4	3/4	Chord	4/4	1	1	1/4	1/4	1	50	-cta										6
4	4	12	12	1.0	0	0	Chord	4/4	2	1	1/4	1/4	1	51	et										
4	4	13	13	1.0	1/4	1/4	Chord	4/4	2	1	1/4	1/4	1	52	af-										
4	4	14	14	1.0	1/2	1/2	Chord	4/4	2	1	1/4	1/4	1	53	-fli-										
4	4	15	15	1.0	3/4	3/4	Chord	4/4	2	1	1/4	1/4	1	54	-cta										
4	4	12	12	0.5	0	0	Chord	4/4	3	1	1/8	1/8	1	55								4			
4	4	25/2	25/2	0.5	1/8	1/8	Chord	4/4	3	1	1/8	1/8	1	56								4			
4	4	13	13	0.5	1/4	1/4	Chord	4/4	3	1	1/8	1/8	1	57								4			
4	4	27/2	27/2	0.5	3/8	3/8	Chord	4/4	3	1	1/8	1/8	1	58											
4	4	14	14	1.0	1/2	1/2	Chord	4/4	3	1	1/4	1/4	1	59								5			
4	4	15	15	1.0	3/4	3/4	Chord	4/4	3	1	1/4	1/4	1	60											
4	4	12	12	1.5	0	0	Chord	4/4	3	2	3/8	1/4	3/2	61											
4	4	27/2	27/2	0.5	3/8	3/8	Chord	4/4	3	2	1/8	1/8	1	62											
4	4	14	14	2.0	1/2	1/2	Chord	4/4	3	2	1/2	1/2	1	63											
4	4	12	12	0.0	0	0	Dynamic	4/4	4	1	0					mf									
4	4	12	12	0.0	0	0	Spanner	4/4	4	1	0														
4	4	12	12	1.0	0	0	Chord	4/4	4	1	1/4	1/4	1	64											
4	4	13	13	0.0	1/4	1/4	Spanner	4/4	4	1	0														7
4	4	13	13	1.0	1/4	1/4	Chord	4/4	4	1	1/4	1/4	1	65											7
4	4	14	14	2.0	1/2	1/2	Chord	4/4	4	1	1/2	1/2	1	66											7
5	5	16	16	0.0	0	0	Dynamic	4/4	1	1	0					p									
5	5	16	16	0.0	0	0	Spanner	4/4	1	1	0														
5	5	16	16	0.5	0	0	Chord	4/4	1	1	1/8	1/8	1	67	fu-										
5	5	33/2	33/2	1.5	1/8	1/8	Chord	4/4	1	1	3/8	1/4	3/2	68	-it										
5	5	18	18	0.5	1/2	1/2	Chord	4/4	1	1	1/8	1/8	1	69	il-										
5	5	37/2	37/2	1.5	5/8	5/8	Chord	4/4	1	1	3/8	1/4	3/2	70	-la										
5	5	16	16	0.0	0	0	Dynamic	4/4	2	1	0					p									
5	5	16	16	0.5	0	0	Chord	4/4	2	1	1/8	1/8	1	71	fu-										
5	5	33/2	33/2	1.5	1/8	1/8	Chord	4/4	2	1	3/8	1/4	3/2	72	-it										
5	5	18	18	0.5	1/2	1/2	Chord	4/4	2	1	1/8	1/8	1	73	il-										
5	5	37/2	37/2	1.5	5/8	5/8	Chord	4/4	2	1	3/8	1/4	3/2	74	-la										
5	5	16	16	0.5	0	0	Chord	4/4	3	1	1/8	1/8	1	75			articStaccatissimoAbove								
5	5	33/2	33/2	1.5	1/8	1/8	Chord	4/4	3	1	3/8	1/4	3/2	76											
5	5	18	18	0.5	1/2	1/2	Chord	4/4	3	1	1/8	1/8	1	77			articStaccatissimoAbove								
5	5	37/2	37/2	1.5	5/8	5/8	Chord	4/4	3	1	3/8	1/4	3/2	78											
5	5	16	16	0.0	0	0	Dynamic	4/4	4	1	0					p									
5	5	16	16	0.0	0	0	Spanner	4/4	4	1	0														
5	5	33/2	33/2	0.5	1/8	1/8	Chord	4/4	4	1	1/8	1/8	1	79			articStaccatoBelow								
5	5	17	17	0.5	1/4	1/4	Chord	4/4	4	1	1/8	1/8	1	80			articStaccatoBelow								
5	5	35/2	35/2	0.5	3/8	3/8	Chord	4/4	4	1	1/8	1/8	1	81			articStaccatoBelow								
5	5	37/2	37/2	0.5	5/8	5/8	Chord	4/4	4	1	1/8	1/8	1	82			articStaccatoBelow								
5	5	19	19	0.5	3/4	3/4	Chord	4/4	4	1	1/8	1/8	1	83			articStaccatoBelow								
5	5	39/2	39/2	0.5	7/8	7/8	Chord	4/4	4	1	1/8	1/8	1	84			articStaccatoBelow								
6	6	20	20	0.5	0	0	Chord	4/4	1	1	1/8	1/8	1	85	be-							6			
6	6	41/2	41/2	1.0	1/8	1/8	Chord	4/4	1	1	1/4	1/4	1	86											
6	6	43/2	43/2	0.5	3/8	3/8	Chord	4/4	1	1	1/8	1/8	1	87	-ne-										
6	6	22	22	0.5	1/2	1/2	Chord	4/4	1	1	1/8	1/8	1	88	-di-										
6	6	45/2	45/2	0.5	5/8	5/8	Chord	4/4	1	1	1/8	1/8	1	89	-cta										
6	6	20	20	1.0	0	0	Chord	4/4	2	1	1/4	1/4	1	90	be-										
6	6	21	21	1.0	1/4	1/4	Chord	4/4	2	1	1/4	1/4	1	91	-ne-										
6	6	22	22	0.5	1/2	1/2	Chord	4/4	2	1	1/8	1/8	1	92	-di-										
6	6	45/2	45/2	0.5	5/8	5/8	Chord	4/4	2	1	1/8	1/8	1	93	-cta										
6	6	20	20	0.5	0	0	Chord	4/4	3	1	1/8	1/8	1	94											
6	6	41/2	41/2	1.0	1/8	1/8	Chord	4/4	3	1	1/4	1/4	1	95								7			
6	6	43/2	43/2	0.5	3/8	3/8	Chord	4/4	3	1	1/8	1/8	1	96											
6	6	22	22	0.5	1/2	1/2	Chord	4/4	3	1	1/8	1/8	1	97											
6	6	45/2	45/2	0.5	5/8	5/8	Chord	4/4	3	1	1/8	1/8	1	98								8			
6	6	23	23	0.5	3/4	3/4	Chord	4/4	3	1	1/8	1/8	1	99								8			
6	6	47/2	47/2	0.5	7/8	7/8	Chord	4/4	3	1	1/8	1/8	1	100											
6	6	41/2	41/2	1.5	1/8	1/8	Chord	4/4	3	2	3/8	1/4	3/2	101											
6	6	41/2	41/2	0.5	1/8	1/8	Chord	4/4	4	1	1/8	1/8	1	102											
6	6	21	21	0.5	1/4	1/4	Chord	4/4	4	1	1/8	1/8	1	103			articStaccatoAbove								
6	6	43/2	43/2	0.5	3/8	3/8	Chord	4/4	4	1	1/8	1/8	1	104			articStaccatoAbove								
6	6	22	22	0.0	1/2	1/2	Spanner	4/4	4	1	0														8
6	6	22	22	1.0	1/2	1/2	Chord	4/4	4	1	1/4	1/4	1	105											8
7	7	24	24	0.0	0	0	Dynamic	4/4	1	1	0					other-dynamics									
7	7	24	24	2.0	0	0	Chord	4/4	1	1	1/2	1/2	1	106	ma-										
7	7	26	26	2.0	1/2	1/2	Chord	4/4	1	1	1/2	1/2	1	107	-ter										
7	7	24	24	0.0	0	0	Dynamic	4/4	2	1	0					other-dynamics									
7	7	24	24	2.0	0	0	Chord	4/4	2	1	1/2	1/2	1	108	ma-										
7	7	26	26	2.0	1/2	1/2	Chord	4/4	2	1	1/2	1/2	1	109	-ter										
7	7	24	24	2.0	0	0	Chord	4/4	3	1	1/2	1/2	1	110											
7	7	26	26	2.0	1/2	1/2	Chord	4/4	3	1	1/2	1/2	1	111											
7	7	24	24	1.0	0	0	Chord	4/4	3	2	1/4	1/4	1	112								9			
7	7	25	25	1.0	1/4	1/4	Chord	4/4	3	2	1/4	1/4	1	113											
7	7	24	24	0.0	0	0	Dynamic	4/4	4	1	0					other-dynamics									
7	7	24	24	0.0	0	0	Spanner	4/4	4	1	0														
7	7	49/2	49/2	0.5	1/8	1/8	Chord	4/4	4	1	1/8	1/8	1	114											
7	7	25	25	0.5	1/4	1/4	Chord	4/4	4	1	1/8	1/8	1	115			articStaccatoBelow								
7	7	51/2	51/2	0.5	3/8	3/8	Chord	4/4	4	1	1/8	1/8	1	116			articStaccatoBelow								
7	7	53/2	53/2	0.5	5/8	5/8	Chord	4/4	4	1	1/8	1/8	1	117											
7	7	27	27	0.5	3/4	3/4	Chord	4/4	4	1	1/8	1/8	1	118			articStaccatoBelow								
7	7	55/2	55/2	0.5	7/8	7/8	Chord	4/4	4	1	1/8	1/8	1	119			articStaccatoBelow								
8	8	28	28	0.0	0	0	Dynamic	4/4	1	1	0					mf									
8	8	57/2	57/2	0.5	1/8	1/8	Chord	4/4	1	1	1/8	1/8	1	120	u-							10			
8	8	29	29	0.5	1/4	1/4	Chord	4/4	1	1	1/8	1/8	1	121											
8	8	59/2	59/2	0.5	3/8	3/8	Chord	4/4	1	1	1/8	1/8	1	122	-ni-										
8	8	30	30	1.0	1/2	1/2	Chord	4/4	1	1	1/4	1/4	1	123	-ge-							11			
8	8	31	31	0.75	3/4	3/4	Chord	4/4	1	1	3/16	1/8	3/2	124											
8	8	127/4	127/4	0.25	15/16	15/16	Chord	4/4	1	1	1/16	1/16	1	125	-ni-										
8	8	28	28	0.0	0	0	Dynamic	4/4	2	1	0					mf									
8	8	57/2	57/2	0.5	1/8	1/8	Chord	4/4	2	1	1/8	1/8	1	126	u-							12			
8	8	29	29	0.5	1/4	1/4	Chord	4/4	2	1	1/8	1/8	1	127											
8	8	59/2	59/2	0.5	3/8	3/8	Chord	4/4	2	1	1/8	1/8	1	128	-ni-										
8	8	30	30	0.25	1/2	1/2	Chord	4/4	2	1	1/16	1/16	1	129	-ge-							13			
8	8	121/4	121/4	0.25	9/16	9/16	Chord	4/4	2	1	1/16	1/16	1	130								13			
8	8	61/2	61/2	0.5	5/8	5/8	Chord	4/4	2	1	1/8	1/8	1	131											
8	8	31	31	1.0	3/4	3/4	Chord	4/4	2	1	1/4	1/4	1	132	-ni-										
8	8	57/2	57/2	0.5	1/8	1/8	Chord	4/4	3	1	1/8	1/8	1	133								14			
8	8	29	29	0.5	1/4	1/4	Chord	4/4	3	1	1/8	1/8	1	134								14			
8	8	59/2	59/2	0.5	3/8	3/8	Chord	4/4	3	1	1/8	1/8	1	135											
8	8	30	30	1.0	1/2	1/2	Chord	4/4	3	1	1/4	1/4	1	136								15			
8	8	31	31	1.0	3/4	3/4	Chord	4/4	3	1	1/4	1/4	1	137											
8	8	28	28	0.0	0	0	Dynamic	4/4	4	1	0					mf									
8	8	28	28	2.0	0	0	Chord	4/4	4	1	1/2	1/2	1	138											
8	8	61/2	61/2	0.5	5/8	5/8	Chord	4/4	4	1	1/8	1/8	1	139								16			
8	8	31	31	0.5	3/4	3/4	Chord	4/4	4	1	1/8	1/8	1	140								16			
8	8	63/2	63/2	0.5	7/8	7/8	Chord	4/4	4	1	1/8	1/8	1	141											
9	9	32	32	1.0	0	0	Chord	4/4	1	1	1/4	1/4	1	142	-ti,										
9	9	34	34	0.0	1/2	1/2	Dynamic	4/4	1	1	0					p									
9	9	34	34	2.0	1/2	1/2	Chord	4/4	1	1	1/2	1/2	1	143	ma-										
9	9	32	32	1.0	0	0	Chord	4/4	2	1	1/4	1/4	1	144	-ti,										
9	9	34	34	0.0	1/2	1/2	Dynamic	4/4	2	1	0					p									
9	9	34	34	2.0	1/2	1/2	Chord	4/4	2	1	1/2	1/2	1	145	ma-										
9	9	65/2	65/2	0.5	1/8	1/8	Chord	4/4	3	1	1/8	1/8	1	146								17			
9	9	33	33	0.5	1/4	1/4	Chord	4/4	3	1	1/8	1/8	1	147								17			
9	9	67/2	67/2	0.5	3/8	3/8	Chord	4/4	3	1	1/8	1/8	1	148											
9	9	34	34	2.0	1/2	1/2	Chord	4/4	3	1	1/2	1/2	1	149											
9	9	34	34	1.0	1/2	1/2	Chord	4/4	3	2	1/4	1/4	1	150								18			
9	9	35	35	1.0	3/4	3/4	Chord	4/4	3	2	1/4	1/4	1	151											
9	9	32	32	0.0	0	0	Spanner	4/4	4	1	0														9
9	9	32	32	1.0	0	0	Chord	4/4	4	1	1/4	1/4	1	152											9
9	9	34	34	0.0	1/2	1/2	Dynamic	4/4	4	1	0					p									
9	9	34	34	0.0	1/2	1/2	Spanner	4/4	4	1	0														
9	9	69/2	69/2	0.5	5/8	5/8	Chord	4/4	4	1	1/8	1/8	1	153			articStaccatoBelow								
9	9	35	35	0.5	3/4	3/4	Chord	4/4	4	1	1/8	1/8	1	154			articStaccatoBelow								
9	9	71/2	71/2	0.5	7/8	7/8	Chord	4/4	4	1	1/8	1/8	1	155											
10	10	36	36	2.0	0	0	Chord	4/4	1	1	1/2	1/2	1	156	-ter										
10	10	38	38	0.0	1/2	1/2	Dynamic	4/4	1	1	0					f									
10	10	77/2	77/2	0.5	5/8	5/8	Chord	4/4	1	1	1/8	1/8	1	157	u-							19			
10	10	39	39	0.5	3/4	3/4	Chord	4/4	1	1	1/8	1/8	1	158											
10	10	79/2	79/2	0.5	7/8	7/8	Chord	4/4	1	1	1/8	1/8	1	159	-ni-										
10	10	36	36	2.0	0	0	Chord	4/4	2	1	1/2	1/2	1	160	-ter										
10	10	38	38	0.0	1/2	1/2	Dynamic	4/4	2	1	0					f									
10	10	77/2	77/2	0.5	5/8	5/8	Chord	4/4	2	1	1/8	1/8	1	161	u-							20			
10	10	39	39	0.5	3/4	3/4	Chord	4/4	2	1	1/8	1/8	1	162											
10	10	79/2	79/2	0.5	7/8	7/8	Chord	4/4	2	1	1/8	1/8	1	163	-ni-										
10	10	36	36	2.0	0	0	Chord	4/4	3	1	1/2	1/2	1	164											
10	10	77/2	77/2	0.5	5/8	5/8	Chord	4/4	3	1	1/8	1/8	1	165								21			
10	10	39	39	0.5	3/4	3/4	Chord	4/4	3	1	1/8	1/8	1	166								21			
10	10	79/2	79/2	0.5	7/8	7/8	Chord	4/4	3	1	1/8	1/8	1	167											
10	10	38	38	2.0	1/2	1/2	Chord	4/4	3	2	1/2	1/2	1	168											
10	10	73/2	73/2	0.5	1/8	1/8	Chord	4/4	4	1	1/8	1/8	1	169											
10	10	37	37	0.5	1/4	1/4	Chord	4/4	4	1	1/8	1/8	1	170			articStaccatoBelow								
10	10	75/2	75/2	0.5	3/8	3/8	Chord	4/4	4	1	1/8	1/8	1	171											
10	10	38	38	0.0	1/2	1/2	Dynamic	4/4	4	1	0					f									
10	10	38	38	2.0	1/2	1/2	Chord	4/4	4	1	1/2	1/2	1	172											
11	11	40	40	0.125	0	0	Chord	4/4	1	1	1/32	1/32	1	173	-ge-							22			
11	11	321/8	321/8	0.125	1/32	1/32	Chord	4/4	1	1	1/32	1/32	1	174								22			
11	11	161/4	161/4	0.75	1/16	1/16	Chord	4/4	1	1	3/16	1/8	3/2	175											
11	11	41	41	0.0	1/4	1/4	Spanner	4/4	1	1	0														10
11	11	41	41	1.0	1/4	1/4	Chord	4/4	1	1	1/4	1/4	1	176	-ni-		ornamentTrill								10
11	11	42	42	0.0	1/2	1/2	Spanner	4/4	1	1	0														
11	11	42	42	1.0	1/2	1/2	Chord	4/4	1	1	1/4	1/4	1	177	-ti!										
11	11	40	40	1.0	0	0	Chord	4/4	2	1	1/4	1/4	1	178	-ge-							23			
11	11	41	41	0.0	1/4	1/4	Spanner	4/4	2	1	0														11
11	11	41	41	0.75	1/4	1/4	Chord	4/4	2	1	3/16	1/8	3/2	179											11
11	11	167/4	167/4	0.25	7/16	7/16	Chord	4/4	2	1	1/16	1/16	1	180	-ni-										11
11	11	42	42	0.0	1/2	1/2	Spanner	4/4	2	1	0														
11	11	42	42	1.0	1/2	1/2	Chord	4/4	2	1	1/4	1/4	1	181	-ti!										
11	11	40	40	1.0	0	0	Chord	4/4	3	1	1/4	1/4	1	182								24			
11	11	41	41	1.0	1/4	1/4	Chord	4/4	3	1	1/4	1/4	1	183											
11	11	42	42	0.5	1/2	1/2	Chord	4/4	3	1	1/8	1/8	1	184											
11	11	85/2	85/2	0.0	5/8	5/8	Dynamic	4/4	3	1	0					f									
11	11	85/2	85/2	1.0	5/8	5/8	Chord	4/4	3	1	1/4	1/4	1	185											
11	11	87/2	87/2	0.5	7/8	7/8	Chord	4/4	3	1	1/8	1/8	1	186								25			
11	11	83/2	83/2	0.5	3/8	3/8	Chord	4/4	3	2	1/8	1/8	1	187											
11	11	81/2	81/2	0.0	1/8	1/8	Spanner	4/4	4	1	0														12
11	11	81/2	81/2	0.5	1/8	1/8	Chord	4/4	4	1	1/8	1/8	1	188								26			12
11	11	41	41	0.5	1/4	1/4	Chord	4/4	4	1	1/8	1/8	1	189								26			12
11	11	83/2	83/2	0.0	3/8	3/8	Spanner	4/4	4	1	0														
11	11	83/2	83/2	0.5	3/8	3/8	Chord	4/4	4	1	1/8	1/8	1	190											
11	11	42	42	1.0	1/2	1/2	Chord	4/4	4	1	1/4	1/4	1	191											
11	11	43	43	1.0	3/4	3/4	Chord	4/4	4	1	1/4	1/4	1	192											
12	12	44	44	0.5	0	0	Chord	4/4	3	1	1/8	1/8	1	193								25			
12	12	89/2	89/2	0.25	1/8	1/8	Chord	4/4	3	1	1/16	1/16	1	194								25			
12	12	179/4	179/4	0.25	3/16	3/16	Chord	4/4	3	1	1/16	1/16	1	195											
12	12	45	45	0.5	1/4	1/4	Chord	4/4	3	1	1/8	1/8	1	196								27			
12	12	91/2	91/2	0.5	3/8	3/8	Chord	4/4	3	1	1/8	1/8	1	197											
12	12	46	46	0.5	1/2	1/2	Chord	4/4	3	1	1/8	1/8	1	198											
12	12	93/2	93/2	0.5	5/8	5/8	Chord	4/4	3	1	1/8	1/8	1	199											
12	12	47	47	0.125	3/4	3/4	Chord	4/4	3	1	1/32	1/32	1	200								28			
12	12	377/8	377/8	0.375	25/32	25/32	Chord	4/4	3	1	3/32	1/16	3/2	201											
12	12	95/2	95/2	0.125	7/8	7/8	Chord	4/4	3	1	1/32	1/32	1	202								29			
12	12	381/8	381/8	0.375	29/32	29/32	Chord	4/4	3	1	3/32	1/16	3/2	203											
12	12	44	44	2.0	0	0	Chord	4/4	3	2	1/2	1/2	1	204											
12	12	46	46	0.75	1/2	1/2	Chord	4/4	3	2	3/16	1/8	3/2	205											
12	12	187/4	187/4	0.25	11/16	11/16	Chord	4/4	3	2	1/16	1/16	1	206											
12	12	47	47	0.5	3/4	3/4	Chord	4/4	3	2	1/8	1/8	1	207											
12	12	95/2	95/2	0.5	7/8	7/8	Chord	4/4	3	2	1/8	1/8	1	208											
12	12	44	44	1.0	0	0	Chord	4/4	4	1	1/4	1/4	1	209											
12	12	45	45	1.0	1/4	1/4	Chord	4/4	4	1	1/4	1/4	1	210											
12	12	46	46	0.5	1/2	1/2	Chord	4/4	4	1	1/8	1/8	1	211											
12	12	93/2	93/2	0.5	5/8	5/8	Chord	4/4	4	1	1/8	1/8	1	212											
12	12	47	47	1.0	3/4	3/4	Chord	4/4	4	1	1/4	1/4	1	213											
12	12	44	44	1.5	0	0	Chord	4/4	4	2	3/8	1/4	3/2	214								30			
12	12	91/2	91/2	0.5	3/8	3/8	Chord	4/4	4	2	1/8	1/8	1	215								30			
12	12	46	46	0.5	1/2	1/2	Chord	4/4	4	2	1/8	1/8	1	216								30			
12	12	93/2	93/2	0.5	5/8	5/8	Chord	4/4	4	2	1/8	1/8	1	217								30			
12	12	47	47	0.5	3/4	3/4	Chord	4/4	4	2	1/8	1/8	1	218								30			
12	12	95/2	95/2	0.5	7/8	7/8	Chord	4/4	4	2	1/8	1/8	1	219											
13	13	48	48	0.75	0	0	Chord	4/4	3	1	3/16	1/8	3/2	220			ornamentTrill					31			
13	13	195/4	195/4	0.125	3/16	3/16	Chord	4/4	3	1	1/32	1/32	1	221								31			
13	13	391/8	391/8	0.125	7/32	7/32	Chord	4/4	3	1	1/32	1/32	1	222											
13	13	49	49	0.75	1/4	1/4	Chord	4/4	3	1	3/16	1/8	3/2	223			ornamentTrill					32			
13	13	199/4	199/4	0.25	7/16	7/16	Chord	4/4	3	1	1/16	1/16	1	224											
13	13	50	50	1.0	1/2	1/2	Chord	4/4	3	1	1/4	1/4	1	225											
13	13	51	51	1.0	3/4	3/4	Chord	4/4	3	1	1/4	1/4	1	226											
13	13	48	48	0.5	0	0	Chord	4/4	3	2	1/8	1/8	1	227											
13	13	97/2	97/2	0.5	1/8	1/8	Chord	4/4	3	2	1/8	1/8	1	228											
13	13	49	49	0.5	1/4	1/4	Chord	4/4	3	2	1/8	1/8	1	229								33			
13	13	99/2	99/2	0.5	3/8	3/8	Chord	4/4	3	2	1/8	1/8	1	230											
13	13	50	50	0.5	1/2	1/2	Chord	4/4	3	2	1/8	1/8	1	231											
13	13	101/2	101/2	0.5	5/8	5/8	Chord	4/4	3	2	1/8	1/8	1	232											
13	13	51	51	1.0	3/4	3/4	Chord	4/4	3	2	1/4	1/4	1	233											
13	13	48	48	0.5	0	0	Chord	4/4	4	1	1/8	1/8	1	234								34			
13	13	97/2	97/2	0.5	1/8	1/8	Chord	4/4	4	1	1/8	1/8	1	235								34			
13	13	49	49	0.5	1/4	1/4	Chord	4/4	4	1	1/8	1/8	1	236								34			
13	13	99/2	99/2	0.5	3/8	3/8	Chord	4/4	4	1	1/8	1/8	1	237											
13	13	50	50	1.0	1/2	1/2	Chord	4/4	4	1	1/4	1/4	1	238											
13	13	48	48	1.5	0	0	Chord	4/4	4	2	3/8	1/4	3/2	239											
13	13	99/2	99/2	0.5	3/8	3/8	Chord	4/4	4	2	1/8	1/8	1	240											
13	13	50	50	1.0	1/2	1/2	Chord	4/4	4	2	1/4	1/4	1	241											
14	14	52	52	0.0	0	0	Dynamic	4/4	1	1	0					p									
14	14	52	52	0.0	0	0	Spanner	4/4	1	1	0													7	
14	14	52	52	1.0	0	0	Chord	4/4	1	1	1/4	1/4	1	242	O									7	
14	14	53	53	1.0	1/4	1/4	Chord	4/4	1	1	1/4	1/4	1	243	quam									7	
14	14	54	54	0.0	1/2	1/2	Dynamic	4/4	1	1	0					f									
14	14	54	54	0.0	1/2	1/2	Spanner	4/4	1	1	0														
14	14	54	54	1.0	1/2	1/2	Chord	4/4	1	1	1/4	1/4	1	244	tri-										
14	14	55	55	1.0	3/4	3/4	Chord	4/4	1	1	1/4	1/4	1	245	-stis										
14	14	52	52	0.0	0	0	Dynamic	4/4	2	1	0					p									
14	14	52	52	0.0	0	0	Spanner	4/4	2	1	0													8	
14	14	52	52	1.0	0	0	Chord	4/4	2	1	1/4	1/4	1	246	O									8	
14	14	53	53	1.0	1/4	1/4	Chord	4/4	2	1	1/4	1/4	1	247	quam									8	
14	14	54	54	0.0	1/2	1/2	Dynamic	4/4	2	1	0					f									
14	14	54	54	0.0	1/2	1/2	Spanner	4/4	2	1	0														
14	14	54	54	1.0	1/2	1/2	Chord	4/4	2	1	1/4	1/4	1	248	tri-										
14	14	55	55	1.0	3/4	3/4	Chord	4/4	2	1	1/4	1/4	1	249	-stis										
14	14	52	52	1.0	0	0	Chord	4/4	3	1	1/4	1/4	1	250											
14	14	53	53	1.0	1/4	1/4	Chord	4/4	3	1	1/4	1/4	1	251											
14	14	54	54	1.0	1/2	1/2	Chord	4/4	3	1	1/4	1/4	1	252											
14	14	55	55	1.0	3/4	3/4	Chord	4/4	3	1	1/4	1/4	1	253											
14	14	52	52	0.0	0	0	Dynamic	4/4	4	1	0					mf									
14	14	52	52	0.0	0	0	Spanner	4/4	4	1	0													9	
14	14	52	52	1.0	0	0	Chord	4/4	4	1	1/4	1/4	1	254										9	
14	14	53	53	1.0	1/4	1/4	Chord	4/4	4	1	1/4	1/4	1	255										9	
14	14	54	54	0.0	1/2	1/2	Dynamic	4/4	4	1	0					f									
14	14	54	54	0.0	1/2	1/2	Spanner	4/4	4	1	0														
14	14	54	54	1.0	1/2	1/2	Chord	4/4	4	1	1/4	1/4	1	256											
14	14	55	55	1.0	3/4	3/4	Chord	4/4	4	1	1/4	1/4	1	257											
15	15	58	58	0.0	1/2	1/2	Dynamic	4/4	1	1	0					p									
15	15	58	58	0.0	1/2	1/2	Spanner	4/4	1	1	0														13
15	15	58	58	1.0	1/2	1/2	Chord	4/4	1	1	1/4	1/4	1	258	et										13
15	15	59	59	1.0	3/4	3/4	Chord	4/4	1	1	1/4	1/4	1	259	af-										13
15	15	58	58	0.0	1/2	1/2	Dynamic	4/4	2	1	0					p									
15	15	58	58	0.0	1/2	1/2	Spanner	4/4	2	1	0														14
15	15	58	58	1.0	1/2	1/2	Chord	4/4	2	1	1/4	1/4	1	260	et										14
15	15	59	59	1.0	3/4	3/4	Chord	4/4	2	1	1/4	1/4	1	261	af-										14
15	15	56	56	0.0	0	0	Dynamic	4/4	3	1	0					p									
15	15	56	56	0.5	0	0	Chord	4/4	3	1	1/8	1/8	1	262								35			
15	15	113/2	113/2	0.5	1/8	1/8	Chord	4/4	3	1	1/8	1/8	1	263								35			
15	15	57	57	0.5	1/4	1/4	Chord	4/4	3	1	1/8	1/8	1	264								35			
15	15	115/2	115/2	0.5	3/8	3/8	Chord	4/4	3	1	1/8	1/8	1	265											
15	15	58	58	0.0	1/2	1/2	Spanner	4/4	3	1	0														15
15	15	58	58	0.5	1/2	1/2	Chord	4/4	3	1	1/8	1/8	1	266								36			15
15	15	117/2	117/2	0.5	5/8	5/8	Chord	4/4	3	1	1/8	1/8	1	267								36			15
15	15	59	59	0.5	3/4	3/4	Chord	4/4	3	1	1/8	1/8	1	268								36			15
15	15	119/2	119/2	0.5	7/8	7/8	Chord	4/4	3	1	1/8	1/8	1	269											15
15	15	58	58	1.5	1/2	1/2	Chord	4/4	3	2	3/8	1/4	3/2	270											15
15	15	119/2	119/2	0.5	7/8	7/8	Chord	4/4	3	2	1/8	1/8	1	271											15
15	15	58	58	1.0	1/2	1/2	Chord	4/4	4	1	1/4	1/4	1	272											
15	15	59	59	1.0	3/4	3/4	Chord	4/4	4	1	1/4	1/4	1	273											
16	16	60	60	1.0	0	0	Chord	4/4	1	1	1/4	1/4	1	274	-fli-										13
16	16	61	61	0.0	1/4	1/4	Spanner	4/4	1	1	0														
16	16	61	61	1.0	1/4	1/4	Chord	4/4	1	1	1/4	1/4	1	275	-cta										
16	16	62	62	0.0	1/2	1/2	Dynamic	4/4	1	1	0					p									
16	16	62	62	1.0	1/2	1/2	Chord	4/4	1	1	1/4	1/4	1	276	fu-										
16	16	63	63	1.0	3/4	3/4	Chord	4/4	1	1	1/4	1/4	1	277	-it										
16	16	60	60	1.0	0	0	Chord	4/4	2	1	1/4	1/4	1	278	-fli-										14
16	16	61	61	0.0	1/4	1/4	Spanner	4/4	2	1	0														
16	16	61	61	1.0	1/4	1/4	Chord	4/4	2	1	1/4	1/4	1	279	-cta										
16	16	62	62	0.0	1/2	1/2	Dynamic	4/4	2	1	0					p									
16	16	62	62	1.0	1/2	1/2	Chord	4/4	2	1	1/4	1/4	1	280	fu-										
16	16	63	63	1.0	3/4	3/4	Chord	4/4	2	1	1/4	1/4	1	281	-it										
16	16	60	60	2.0	0	0	Chord	4/4	3	1	1/2	1/2	1	282											15
16	16	61	61	0.0	1/4	1/4	Spanner	4/4	3	1	0														
16	16	62	62	0.0	1/2	1/2	Dynamic	4/4	3	1	0					p									
16	16	62	62	2.0	1/2	1/2	Chord	4/4	3	1	1/2	1/2	1	283								37			
16	16	60	60	1.0	0	0	Chord	4/4	3	2	1/4	1/4	1	284											
16	16	61	61	1.0	1/4	1/4	Chord	4/4	3	2	1/4	1/4	1	285											
16	16	62	62	2.0	1/2	1/2	Chord	4/4	3	2	1/2	1/2	1	286											
16	16	60	60	4.0	0	0	Chord	4/4	4	1	1	1	1	287											
17	17	64	64	1.0	0	0	Chord	4/4	1	1	1/4	1/4	1	288	il-										
17	17	65	65	1.0	1/4	1/4	Chord	4/4	1	1	1/4	1/4	1	289	-la										
17	17	66	66	1.0	1/2	1/2	Chord	4/4	1	1	1/4	1/4	1	290	be-										
17	17	67	67	1.0	3/4	3/4	Chord	4/4	1	1	1/4	1/4	1	291	-ne-										
17	17	64	64	1.0	0	0	Chord	4/4	2	1	1/4	1/4	1	292	il-										
17	17	65	65	1.0	1/4	1/4	Chord	4/4	2	1	1/4	1/4	1	293	-la										
17	17	66	66	1.0	1/2	1/2	Chord	4/4	2	1	1/4	1/4	1	294	be-										
17	17	67	67	1.0	3/4	3/4	Chord	4/4	2	1	1/4	1/4	1	295	-ne-										
17	17	64	64	1.0	0	0	Chord	4/4	3	1	1/4	1/4	1	296								37			
17	17	65	65	2.0	1/4	1/4	Chord	4/4	3	1	1/2	1/2	1	297								37			
17	17	67	67	1.0	3/4	3/4	Chord	4/4	3	1	1/4	1/4	1	298								37			
17	17	64	64	2.0	0	0	Chord	4/4	3	2	1/2	1/2	1	299											
17	17	66	66	2.0	1/2	1/2	Chord	4/4	3	2	1/2	1/2	1	300											
17	17	65	65	1.0	1/4	1/4	Chord	4/4	3	3	1/4	1/4	1	301											
17	17	64	64	4.0	0	0	Chord	4/4	4	1	1	1	1	302											
18	18	68	68	1.0	0	0	Chord	4/4	1	1	1/4	1/4	1	303	-di-										
18	18	69	69	1.0	1/4	1/4	Chord	4/4	1	1	1/4	1/4	1	304	-cta,										
18	18	70	70	0.0	1/2	1/2	Spanner	4/4	1	1	0														16
18	18	70	70	1.0	1/2	1/2	Chord	4/4	1	1	1/4	1/4	1	305	be-										16
18	18	71	71	1.0	3/4	3/4	Chord	4/4	1	1	1/4	1/4	1	306	-ne-										16
18	18	68	68	1.0	0	0	Chord	4/4	2	1	1/4	1/4	1	307	-di-										
18	18	69	69	1.0	1/4	1/4	Chord	4/4	2	1	1/4	1/4	1	308	-cta,										
18	18	70	70	0.0	1/2	1/2	Spanner	4/4	2	1	0														17
18	18	70	70	1.0	1/2	1/2	Chord	4/4	2	1	1/4	1/4	1	309	be-										17
18	18	71	71	1.0	3/4	3/4	Chord	4/4	2	1	1/4	1/4	1	310	-ne-										17
18	18	68	68	1.0	0	0	Chord	4/4	3	1	1/4	1/4	1	311								37			
18	18	69	69	1.0	1/4	1/4	Chord	4/4	3	1	1/4	1/4	1	312								37			
18	18	70	70	0.5	1/2	1/2	Chord	4/4	3	1	1/8	1/8	1	313											
18	18	141/2	141/2	0.5	5/8	5/8	Chord	4/4	3	1	1/8	1/8	1	314			articStaccatoAbove								
18	18	71	71	0.5	3/4	3/4	Chord	4/4	3	1	1/8	1/8	1	315			articStaccatoBelow								
18	18	143/2	143/2	0.5	7/8	7/8	Chord	4/4	3	1	1/8	1/8	1	316			articStaccatoBelow								
18	18	68	68	2.0	0	0	Chord	4/4	3	2	1/2	1/2	1	317											
18	18	70	70	1.0	1/2	1/2	Chord	4/4	3	2	1/4	1/4	1	318											
18	18	68	68	2.0	0	0	Chord	4/4	4	1	1/2	1/2	1	319											
18	18	70	70	0.0	1/2	1/2	Spanner	4/4	4	1	0														18
18	18	70	70	2.0	1/2	1/2	Chord	4/4	4	1	1/2	1/2	1	320											18
19	19	72	72	0.0	0	0	Spanner	4/4	1	1	0														
19	19	72	72	0.5	0	0	Chord	4/4	1	1	1/8	1/8	1	321	-di-										
19	19	145/2	145/2	0.5	1/8	1/8	Chord	4/4	1	1	1/8	1/8	1	322	-cta										
19	19	74	74	0.0	1/2	1/2	Dynamic	4/4	1	1	0					mf									
19	19	74	74	2.0	1/2	1/2	Chord	4/4	1	1	1/2	1/2	1	323	ma-										
19	19	72	72	0.0	0	0	Spanner	4/4	2	1	0														
19	19	72	72	0.5	0	0	Chord	4/4	2	1	1/8	1/8	1	324	-di-										
19	19	145/2	145/2	0.5	1/8	1/8	Chord	4/4	2	1	1/8	1/8	1	325	-cta										
19	19	74	74	0.0	1/2	1/2	Dynamic	4/4	2	1	0					mf									
19	19	74	74	2.0	1/2	1/2	Chord	4/4	2	1	1/2	1/2	1	326	ma-										
19	19	72	72	0.5	0	0	Chord	4/4	3	1	1/8	1/8	1	327								38			
19	19	145/2	145/2	0.5	1/8	1/8	Chord	4/4	3	1	1/8	1/8	1	328											
19	19	74	74	2.0	1/2	1/2	Chord	4/4	3	1	1/2	1/2	1	329											
19	19	72	72	1.0	0	0	Chord	4/4	3	2	1/4	1/4	1	330											
19	19	72	72	1.0	0	0	Chord	4/4	4	1	1/4	1/4	1	331											18
19	19	73	73	0.0	1/4	1/4	Spanner	4/4	4	1	0														
19	19	74	74	0.0	1/2	1/2	Dynamic	4/4	4	1	0					mf									
19	19	149/2	149/2	0.5	5/8	5/8	Chord	4/4	4	1	1/8	1/8	1	332											
19	19	75	75	0.5	3/4	3/4	Chord	4/4	4	1	1/8	1/8	1	333											
19	19	151/2	151/2	0.5	7/8	7/8	Chord	4/4	4	1	1/8	1/8	1	334											
20	20	76	76	2.0	0	0	Chord	4/4	1	1	1/2	1/2	1	335	-ter										
20	20	78	78	0.0	1/2	1/2	Dynamic	4/4	1	1	0					p									
20	20	157/2	157/2	0.5	5/8	5/8	Chord	4/4	1	1	1/8	1/8	1	336	u-							39			
20	20	79	79	0.5	3/4	3/4	Chord	4/4	1	1	1/8	1/8	1	337											
20	20	159/2	159/2	0.5	7/8	7/8	Chord	4/4	1	1	1/8	1/8	1	338	-ni-										
20	20	76	76	2.0	0	0	Chord	4/4	2	1	1/2	1/2	1	339	-ter										
20	20	78	78	0.0	1/2	1/2	Dynamic	4/4	2	1	0					p									
20	20	157/2	157/2	0.5	5/8	5/8	Chord	4/4	2	1	1/8	1/8	1	340	u-							40			
20	20	79	79	0.5	3/4	3/4	Chord	4/4	2	1	1/8	1/8	1	341											
20	20	159/2	159/2	0.5	7/8	7/8	Chord	4/4	2	1	1/8	1/8	1	342	-ni-										
20	20	76	76	2.0	0	0	Chord	4/4	3	1	1/2	1/2	1	343											
20	20	157/2	157/2	0.5	5/8	5/8	Chord	4/4	3	1	1/8	1/8	1	344								41			
20	20	79	79	0.5	3/4	3/4	Chord	4/4	3	1	1/8	1/8	1	345								41			
20	20	159/2	159/2	0.5	7/8	7/8	Chord	4/4	3	1	1/8	1/8	1	346											
20	20	78	78	2.0	1/2	1/2	Chord	4/4	3	2	1/2	1/2	1	347											
20	20	153/2	153/2	0.5	1/8	1/8	Chord	4/4	4	1	1/8	1/8	1	348											
20	20	77	77	0.5	1/4	1/4	Chord	4/4	4	1	1/8	1/8	1	349											
20	20	155/2	155/2	0.5	3/8	3/8	Chord	4/4	4	1	1/8	1/8	1	350											
20	20	78	78	0.0	1/2	1/2	Dynamic	4/4	4	1	0					p									
20	20	78	78	2.0	1/2	1/2	Chord	4/4	4	1	1/2	1/2	1	351											
21	21	80	80	1.0	0	0	Chord	4/4	1	1	1/4	1/4	1	352	-ge-							42			
21	21	81	81	0.75	1/4	1/4	Chord	4/4	1	1	3/16	1/8	3/2	353											
21	21	327/4	327/4	0.25	7/16	7/16	Chord	4/4	1	1	1/16	1/16	1	354	-ni-										
21	21	82	82	1.0	1/2	1/2	Chord	4/4	1	1	1/4	1/4	1	355	-ti,										
21	21	80	80	1.0	0	0	Chord	4/4	2	1	1/4	1/4	1	356	-ge-							43			
21	21	81	81	0.75	1/4	1/4	Chord	4/4	2	1	3/16	1/8	3/2	357											
21	21	327/4	327/4	0.25	7/16	7/16	Chord	4/4	2	1	1/16	1/16	1	358	-ni-										
21	21	82	82	2.0	1/2	1/2	Chord	4/4	2	1	1/2	1/2	1	359	-ti,										
21	21	80	80	1.0	0	0	Chord	4/4	3	1	1/4	1/4	1	360								44			
21	21	81	81	1.0	1/4	1/4	Chord	4/4	3	1	1/4	1/4	1	361											
21	21	82	82	0.5	1/2	1/2	Chord	4/4	3	1	1/8	1/8	1	362											
21	21	165/2	165/2	0.0	5/8	5/8	Spanner	4/4	3	1	0													10	
21	21	165/2	165/2	0.5	5/8	5/8	Chord	4/4	3	1	1/8	1/8	1	363								45		10	
21	21	83	83	0.5	3/4	3/4	Chord	4/4	3	1	1/8	1/8	1	364								45		10	
21	21	167/2	167/2	0.5	7/8	7/8	Chord	4/4	3	1	1/8	1/8	1	365										10	
21	21	163/2	163/2	0.5	3/8	3/8	Chord	4/4	3	2	1/8	1/8	1	366										10	
21	21	161/2	161/2	0.5	1/8	1/8	Chord	4/4	4	1	1/8	1/8	1	367								46			
21	21	81	81	0.5	1/4	1/4	Chord	4/4	4	1	1/8	1/8	1	368								46			
21	21	163/2	163/2	0.5	3/8	3/8	Chord	4/4	4	1	1/8	1/8	1	369											
21	21	82	82	1.0	1/2	1/2	Chord	4/4	4	1	1/4	1/4	1	370											
22	22	84	84	0.0	0	0	Dynamic	4/4	1	1	0					f									
22	22	84	84	2.0	0	0	Chord	4/4	1	1	1/2	1/2	1	371	ma-										
22	22	86	86	2.0	1/2	1/2	Chord	4/4	1	1	1/2	1/2	1	372	-ter										
22	22	84	84	0.0	0	0	Dynamic	4/4	2	1	0					f									
22	22	84	84	2.0	0	0	Chord	4/4	2	1	1/2	1/2	1	373	ma-										
22	22	86	86	2.0	1/2	1/2	Chord	4/4	2	1	1/2	1/2	1	374	-ter										
22	22	84	84	0.0	0	0	Dynamic	4/4	3	1	0					f									
22	22	84	84	0.0	0	0	Spanner	4/4	3	1	0														
22	22	84	84	2.0	0	0	Chord	4/4	3	1	1/2	1/2	1	375											
22	22	86	86	2.0	1/2	1/2	Chord	4/4	3	1	1/2	1/2	1	376											
22	22	169/2	169/2	0.5	1/8	1/8	Chord	4/4	4	1	1/8	1/8	1	377			articStaccatoAbove								
22	22	85	85	0.5	1/4	1/4	Chord	4/4	4	1	1/8	1/8	1	378			articStaccatoAbove								
22	22	171/2	171/2	0.5	3/8	3/8	Chord	4/4	4	1	1/8	1/8	1	379											
22	22	173/2	173/2	0.5	5/8	5/8	Chord	4/4	4	1	1/8	1/8	1	380			articStaccatoAbove								
22	22	87	87	0.5	3/4	3/4	Chord	4/4	4	1	1/8	1/8	1	381			articStaccatoAbove								
22	22	175/2	175/2	0.5	7/8	7/8	Chord	4/4	4	1	1/8	1/8	1	382			articStaccatoAbove								
23	23	88	88	0.0	0	0	Dynamic	4/4	1	1	0					p									
23	23	177/2	177/2	0.0	1/8	1/8	Spanner	4/4	1	1	0												0		
23	23	177/2	177/2	0.5	1/8	1/8	Chord	4/4	1	1	1/8	1/8	1	383	u-							47	0		
23	23	89	89	0.5	1/4	1/4	Chord	4/4	1	1	1/8	1/8	1	384									0		
23	23	179/2	179/2	0.5	3/8	3/8	Chord	4/4	1	1	1/8	1/8	1	385	-ni-								0		
23	23	90	90	1.0	1/2	1/2	Chord	4/4	1	1	1/4	1/4	1	386	-ge-							48	0		
23	23	91	91	0.0	3/4	3/4	StaffText	4/4	1	1	0							al					0		
23	23	91	91	0.75	3/4	3/4	Chord	4/4	1	1	3/16	1/8	3/2	387									0		
23	23	367/4	367/4	0.25	15/16	15/16	Chord	4/4	1	1	1/16	1/16	1	388	-ni-								0		
23	23	88	88	0.0	0	0	Dynamic	4/4	2	1	0					p									
23	23	177/2	177/2	0.0	1/8	1/8	Spanner	4/4	2	1	0												1		
23	23	177/2	177/2	0.5	1/8	1/8	Chord	4/4	2	1	1/8	1/8	1	389	u-							49	1		
23	23	89	89	0.5	1/4	1/4	Chord	4/4	2	1	1/8	1/8	1	390									1		
23	23	179/2	179/2	0.5	3/8	3/8	Chord	4/4	2	1	1/8	1/8	1	391	-ni-								1		
23	23	90	90	1.0	1/2	1/2	Chord	4/4	2	1	1/4	1/4	1	392	-ge-							50	1		
23	23	91	91	0.0	3/4	3/4	StaffText	4/4	2	1	0							al					1		
23	23	91	91	0.75	3/4	3/4	Chord	4/4	2	1	3/16	1/8	3/2	393									1		
23	23	367/4	367/4	0.25	15/16	15/16	Chord	4/4	2	1	1/16	1/16	1	394	-ni-								1		
23	23	177/2	177/2	0.5	1/8	1/8	Chord	4/4	3	1	1/8	1/8	1	395								51			
23	23	89	89	0.5	1/4	1/4	Chord	4/4	3	1	1/8	1/8	1	396								51			
23	23	179/2	179/2	0.5	3/8	3/8	Chord	4/4	3	1	1/8	1/8	1	397											
23	23	90	90	1.0	1/2	1/2	Chord	4/4	3	1	1/4	1/4	1	398								52			
23	23	91	91	1.0	3/4	3/4	Chord	4/4	3	1	1/4	1/4	1	399											
23	23	88	88	2.0	0	0	Chord	4/4	3	2	1/2	1/2	1	400											
23	23	90	90	2.0	1/2	1/2	Chord	4/4	3	2	1/2	1/2	1	401											
23	23	88	88	0.0	0	0	Dynamic	4/4	4	1	0					p									
23	23	88	88	2.0	0	0	Chord	4/4	4	1	1/2	1/2	1	402											
23	23	90	90	0.0	1/2	1/2	Spanner	4/4	4	1	0														19
23	23	90	90	2.0	1/2	1/2	Chord	4/4	4	1	1/2	1/2	1	403											19
24	24	92	92	0.0	0	0	Dynamic	4/4	1	1	0					pp									
24	24	92	92	0.0	0	0	Spanner	4/4	1	1	0														
24	24	92	92	1.0	0	0	Chord	4/4	1	1	1/4	1/4	1	404	-ti!										
24	24	92	92	0.0	0	0	Dynamic	4/4	2	1	0					pp									
24	24	92	92	0.0	0	0	Spanner	4/4	2	1	0														
24	24	92	92	1.0	0	0	Chord	4/4	2	1	1/4	1/4	1	405	-ti!										
24	24	92	92	0.5	0	0	Chord	4/4	3	1	1/8	1/8	1	406											
24	24	185/2	185/2	0.0	1/8	1/8	Spanner	4/4	3	1	0													11	
24	24	185/2	185/2	1.0	1/8	1/8	Chord	4/4	3	1	1/4	1/4	1	407										11	
24	24	187/2	187/2	0.5	3/8	3/8	Chord	4/4	3	1	1/8	1/8	1	408								53		11	
24	24	94	94	0.0	1/2	1/2	Dynamic	4/4	3	1	0					f						53			
24	24	94	94	0.0	1/2	1/2	Spanner	4/4	3	1	0											53			
24	24	94	94	0.5	1/2	1/2	Chord	4/4	3	1	1/8	1/8	1	409								53			
24	24	189/2	189/2	0.25	5/8	5/8	Chord	4/4	3	1	1/16	1/16	1	410								53			
24	24	379/4	379/4	0.25	11/16	11/16	Chord	4/4	3	1	1/16	1/16	1	411											
24	24	95	95	0.5	3/4	3/4	Chord	4/4	3	1	1/8	1/8	1	412								54			
24	24	191/2	191/2	0.5	7/8	7/8	Chord	4/4	3	1	1/8	1/8	1	413											
24	24	94	94	1.5	1/2	1/2	Chord	4/4	3	2	3/8	1/4	3/2	414											
24	24	191/2	191/2	0.5	7/8	7/8	Chord	4/4	3	2	1/8	1/8	1	415											
24	24	92	92	0.0	0	0	Dynamic	4/4	4	1	0					pp									
24	24	92	92	0.0	0	0	Spanner	4/4	4	1	0														
24	24	92	92	1.0	0	0	Chord	4/4	4	1	1/4	1/4	1	416											
24	24	93	93	1.0	1/4	1/4	Chord	4/4	4	1	1/4	1/4	1	417											
24	24	94	94	1.5	1/2	1/2	Chord	4/4	4	1	3/8	1/4	3/2	418											
24	24	191/2	191/2	0.5	7/8	7/8	Chord	4/4	4	1	1/8	1/8	1	419											
24	24	94	94	1.5	1/2	1/2	Chord	4/4	4	2	3/8	1/4	3/2	420								55			
24	24	191/2	191/2	0.5	7/8	7/8	Chord	4/4	4	2	1/8	1/8	1	421								55			
25	25	96	96	0.5	0	0	Chord	4/4	3	1	1/8	1/8	1	422											
25	25	193/2	193/2	0.5	1/8	1/8	Chord	4/4	3	1	1/8	1/8	1	423											
25	25	97	97	0.5	1/4	1/4	Chord	4/4	3	1	1/8	1/8	1	424											
25	25	195/2	195/2	0.5	3/8	3/8	Chord	4/4	3	1	1/8	1/8	1	425											
25	25	98	98	0.75	1/2	1/2	Chord	4/4	3	1	3/16	1/8	3/2	426								56			
25	25	395/4	395/4	0.25	11/16	11/16	Chord	4/4	3	1	1/16	1/16	1	427											
25	25	99	99	1.0	3/4	3/4	Chord	4/4	3	1	1/4	1/4	1	428			ornamentTrill								
25	25	96	96	0.75	0	0	Chord	4/4	3	2	3/16	1/8	3/2	429								57			
25	25	387/4	387/4	0.25	3/16	3/16	Chord	4/4	3	2	1/16	1/16	1	430											
25	25	97	97	0.125	1/4	1/4	Chord	4/4	3	2	1/32	1/32	1	431								58			
25	25	777/8	777/8	0.375	9/32	9/32	Chord	4/4	3	2	3/32	1/16	3/2	432											
25	25	195/2	195/2	0.125	3/8	3/8	Chord	4/4	3	2	1/32	1/32	1	433								59			
25	25	781/8	781/8	0.375	13/32	13/32	Chord	4/4	3	2	3/32	1/16	3/2	434											
25	25	98	98	0.5	1/2	1/2	Chord	4/4	3	2	1/8	1/8	1	435											
25	25	197/2	197/2	0.5	5/8	5/8	Chord	4/4	3	2	1/8	1/8	1	436											
25	25	99	99	0.5	3/4	3/4	Chord	4/4	3	2	1/8	1/8	1	437								60			
25	25	199/2	199/2	0.5	7/8	7/8	Chord	4/4	3	2	1/8	1/8	1	438											
25	25	96	96	0.5	0	0	Chord	4/4	4	1	1/8	1/8	1	439											
25	25	193/2	193/2	0.5	1/8	1/8	Chord	4/4	4	1	1/8	1/8	1	440											
25	25	97	97	0.5	1/4	1/4	Chord	4/4	4	1	1/8	1/8	1	441											
25	25	195/2	195/2	0.5	3/8	3/8	Chord	4/4	4	1	1/8	1/8	1	442											
25	25	98	98	0.5	1/2	1/2	Chord	4/4	4	1	1/8	1/8	1	443											
25	25	197/2	197/2	1.0	5/8	5/8	Chord	4/4	4	1	1/4	1/4	1	444											
25	25	199/2	199/2	0.5	7/8	7/8	Chord	4/4	4	1	1/8	1/8	1	445											
25	25	96	96	0.5	0	0	Chord	4/4	4	2	1/8	1/8	1	446								55, 61			
25	25	193/2	193/2	0.5	1/8	1/8	Chord	4/4	4	2	1/8	1/8	1	447								55			
25	25	97	97	0.5	1/4	1/4	Chord	4/4	4	2	1/8	1/8	1	448								55, 62			
25	25	195/2	195/2	0.5	3/8	3/8	Chord	4/4	4	2	1/8	1/8	1	449								55			
25	25	98	98	0.5	1/2	1/2	Chord	4/4	4	2	1/8	1/8	1	450								55, 63			
25	25	197/2	197/2	0.5	5/8	5/8	Chord	4/4	4	2	1/8	1/8	1	451								55			
25	25	99	99	0.0	3/4	3/4	Spanner	4/4	4	2	0											55			20
25	25	99	99	0.5	3/4	3/4	Chord	4/4	4	2	1/8	1/8	1	452								55, 64			20
25	25	199/2	199/2	0.5	7/8	7/8	Chord	4/4	4	2	1/8	1/8	1	453											20
26	26	100	100	0.5	0	0	Chord	4/4	3	1	1/8	1/8	1	454											
26	26	201/2	201/2	0.5	1/8	1/8	Chord	4/4	3	1	1/8	1/8	1	455											
26	26	101	101	1.0	1/4	1/4	Chord	4/4	3	1	1/4	1/4	1	456											
26	26	100	100	1.0	0	0	Chord	4/4	4	1	1/4	1/4	1	457											20
26	26	102	102	0.0	1/2	1/2	Dynamic	4/4	4	1	0					ppp									
26	26	100	100	1.0	0	0	Chord	4/4	4	2	1/4	1/4	1	458											
26	26	101	101	0.0	1/4	1/4	Spanner	4/4	4	2	0														
