mc	mn	quarterbeats	quarterbeats_all_endings	duration_qb	mc_onset	mn_onset	event	timesig	staff	voice	duration	nominal_duration	scalar	chord_id	lyrics_1	dynamics	articulation	staff_text	tempo	qpm	metronome_base	metronome_number	tempo_visible	slur	decrescendo_hairpin	crescendo_line	diminuendo_line	crescendo_hairpin
1	1	0	0	0.0	0	0	Tempo	2/4	1	1	0								Allegro	76.0			1.0					
1	1	0	0	0.0	0	0	Tempo	2/4	1	1	0								ùÖü=96	96.0	ùÖü	96.0	0.0					
1	1	0	0	0.0	0	0	Dynamic	2/4	2	1	0					other-dynamics												
1	1	0	0	0.5	0	0	Chord	2/4	2	1	1/8	1/8	1	0			articStaccatoAbove											
1	1	1/2	1/2	1.0	1/8	1/8	Chord	2/4	2	1	1/4	1/4	1	1										0				
1	1	3/2	3/2	0.25	3/8	3/8	Chord	2/4	2	1	1/16	1/16	1	2										0				
1	1	7/4	7/4	0.25	7/16	7/16	Chord	2/4	2	1	1/16	1/16	1	3														
1	1	1/2	1/2	0.5	1/8	1/8	Chord	2/4	3	1	1/8	1/8	1	4														
1	1	3/2	3/2	0.5	3/8	3/8	Chord	2/4	3	1	1/8	1/8	1	5														
1	1	0	0	1.0	0	0	Chord	2/4	3	2	1/4	1/4	1	6														
1	1	1	1	1.0	1/4	1/4	Chord	2/4	3	2	1/4	1/4	1	7														
2	2	2	2	0.5	0	0	Chord	2/4	2	1	1/8	1/8	1	8			articStaccatoAbove											
2	2	5/2	5/2	0.0	1/8	1/8	Spanner	2/4	2	1	0																	0
2	2	5/2	5/2	1.0	1/8	1/8	Chord	2/4	2	1	1/4	1/4	1	9										1				0
2	2	7/2	7/2	0.25	3/8	3/8	Chord	2/4	2	1	1/16	1/16	1	10										1				0
2	2	15/4	15/4	0.25	7/16	7/16	Chord	2/4	2	1	1/16	1/16	1	11														0
2	2	5/2	5/2	0.5	1/8	1/8	Chord	2/4	3	1	1/8	1/8	1	12														
2	2	7/2	7/2	0.5	3/8	3/8	Chord	2/4	3	1	1/8	1/8	1	13														
2	2	2	2	1.0	0	0	Chord	2/4	3	2	1/4	1/4	1	14														
2	2	3	3	1.0	1/4	1/4	Chord	2/4	3	2	1/4	1/4	1	15														
3	3	4	4	0.0	0	0	Dynamic	2/4	2	1	0					mf												
3	3	4	4	0.0	0	0	Spanner	2/4	2	1	0																	
3	3	4	4	0.5	0	0	Chord	2/4	2	1	1/8	1/8	1	16			articStaccatoAbove											
3	3	9/2	9/2	1.0	1/8	1/8	Chord	2/4	2	1	1/4	1/4	1	17										2				
3	3	11/2	11/2	0.25	3/8	3/8	Chord	2/4	2	1	1/16	1/16	1	18										2				
3	3	23/4	23/4	0.25	7/16	7/16	Chord	2/4	2	1	1/16	1/16	1	19														
3	3	9/2	9/2	0.5	1/8	1/8	Chord	2/4	3	1	1/8	1/8	1	20														
3	3	11/2	11/2	0.5	3/8	3/8	Chord	2/4	3	1	1/8	1/8	1	21														
3	3	4	4	1.0	0	0	Chord	2/4	3	2	1/4	1/4	1	22														
3	3	5	5	1.0	1/4	1/4	Chord	2/4	3	2	1/4	1/4	1	23														
4	4	6	6	0.5	0	0	Chord	2/4	2	1	1/8	1/8	1	24			articStaccatoAbove											
4	4	13/2	13/2	1.0	1/8	1/8	Chord	2/4	2	1	1/4	1/4	1	25										3				
4	4	15/2	15/2	0.0	3/8	3/8	Dynamic	2/4	2	1	0					p								3				
4	4	15/2	15/2	0.25	3/8	3/8	Chord	2/4	2	1	1/16	1/16	1	26										3				
4	4	31/4	31/4	0.25	7/16	7/16	Chord	2/4	2	1	1/16	1/16	1	27														
4	4	13/2	13/2	0.5	1/8	1/8	Chord	2/4	3	1	1/8	1/8	1	28														
4	4	15/2	15/2	0.5	3/8	3/8	Chord	2/4	3	1	1/8	1/8	1	29														
4	4	6	6	1.0	0	0	Chord	2/4	3	2	1/4	1/4	1	30														
4	4	7	7	1.0	1/4	1/4	Chord	2/4	3	2	1/4	1/4	1	31														
5	5	8	8	0.5	0	0	Chord	2/4	2	1	1/8	1/8	1	32			articStaccatoAbove											
5	5	17/2	17/2	1.0	1/8	1/8	Chord	2/4	2	1	1/4	1/4	1	33										4				
5	5	19/2	19/2	0.25	3/8	3/8	Chord	2/4	2	1	1/16	1/16	1	34										4				
5	5	39/4	39/4	0.25	7/16	7/16	Chord	2/4	2	1	1/16	1/16	1	35														
5	5	17/2	17/2	0.5	1/8	1/8	Chord	2/4	3	1	1/8	1/8	1	36														
5	5	19/2	19/2	0.5	3/8	3/8	Chord	2/4	3	1	1/8	1/8	1	37														
5	5	8	8	1.0	0	0	Chord	2/4	3	2	1/4	1/4	1	38														
5	5	9	9	1.0	1/4	1/4	Chord	2/4	3	2	1/4	1/4	1	39														
6	6	10	10	0.25	0	0	Chord	2/4	2	1	1/16	1/16	1	40										5				
6	6	41/4	41/4	0.25	1/16	1/16	Chord	2/4	2	1	1/16	1/16	1	41										5				
6	6	21/2	21/2	0.5	1/8	1/8	Chord	2/4	2	1	1/8	1/8	1	42														
6	6	23/2	23/2	0.5	3/8	3/8	Chord	2/4	2	1	1/8	1/8	1	43														
6	6	21/2	21/2	0.5	1/8	1/8	Chord	2/4	3	1	1/8	1/8	1	44														
6	6	23/2	23/2	0.5	3/8	3/8	Chord	2/4	3	1	1/8	1/8	1	45														
6	6	10	10	1.0	0	0	Chord	2/4	3	2	1/4	1/4	1	46														
6	6	11	11	1.0	1/4	1/4	Chord	2/4	3	2	1/4	1/4	1	47														
7	7	12	12	0.0	0	0	Dynamic	2/4	2	1	0					p												
7	7	12	12	0.5	0	0	Chord	2/4	2	1	1/8	1/8	1	48			articStaccatoBelow											
7	7	25/2	25/2	0.5	1/8	1/8	Chord	2/4	2	1	1/8	1/8	1	49			articStaccatoBelow											
7	7	13	13	1.0	1/4	1/4	Chord	2/4	2	1	1/4	1/4	1	50			ornamentTrill											
7	7	27/2	27/2	0.5	3/8	3/8	Chord	2/4	3	1	1/8	1/8	1	51														
7	7	12	12	1.0	0	0	Chord	2/4	3	2	1/4	1/4	1	52														
7	7	13	13	1.0	1/4	1/4	Chord	2/4	3	2	1/4	1/4	1	53														
8	8	14	14	0.5	0	0	Chord	2/4	2	1	1/8	1/8	1	54														
8	8	29/2	29/2	0.5	1/8	1/8	Chord	2/4	2	1	1/8	1/8	1	55														
8	8	15	15	1.0	1/4	1/4	Chord	2/4	2	1	1/4	1/4	1	56			ornamentTrill											
8	8	31/2	31/2	0.5	3/8	3/8	Chord	2/4	3	1	1/8	1/8	1	57														
8	8	14	14	1.0	0	0	Chord	2/4	3	2	1/4	1/4	1	58														
8	8	15	15	1.0	1/4	1/4	Chord	2/4	3	2	1/4	1/4	1	59														
9	9	16	16	0.5	0	0	Chord	2/4	2	1	1/8	1/8	1	60										6				
9	9	33/2	33/2	1.0	1/8	1/8	Chord	2/4	2	1	1/4	1/4	1	61			articAccentAbove											
9	9	35/2	35/2	0.5	3/8	3/8	Chord	2/4	2	1	1/8	1/8	1	62														
9	9	16	16	0.0	0	0	Dynamic	2/4	3	1	0					p												
9	9	16	16	0.0	0	0	Spanner	2/4	3	1	0																	1
9	9	33/2	33/2	0.5	1/8	1/8	Chord	2/4	3	1	1/8	1/8	1	63														1
9	9	35/2	35/2	0.0	3/8	3/8	Spanner	2/4	3	1	0																	
9	9	35/2	35/2	0.5	3/8	3/8	Chord	2/4	3	1	1/8	1/8	1	64														
9	9	16	16	1.0	0	0	Chord	2/4	3	2	1/4	1/4	1	65														
9	9	17	17	1.0	1/4	1/4	Chord	2/4	3	2	1/4	1/4	1	66														
10	10	18	18	0.5	0	0	Chord	2/4	2	1	1/8	1/8	1	67														
10	10	37/2	37/2	0.5	1/8	1/8	Chord	2/4	2	1	1/8	1/8	1	68														
10	10	39/2	39/2	0.5	3/8	3/8	Chord	2/4	2	1	1/8	1/8	1	69										7				
10	10	18	18	0.0	0	0	Spanner	2/4	3	1	0														0			
10	10	37/2	37/2	0.0	1/8	1/8	Dynamic	2/4	3	1	0					p									0			
10	10	37/2	37/2	0.5	1/8	1/8	Chord	2/4	3	1	1/8	1/8	1	70											0			
10	10	19	19	0.0	1/4	1/4	Spanner	2/4	3	1	0																	
10	10	39/2	39/2	0.0	3/8	3/8	Spanner	2/4	3	1	0																	2
10	10	39/2	39/2	0.5	3/8	3/8	Chord	2/4	3	1	1/8	1/8	1	71														2
10	10	18	18	1.0	0	0	Chord	2/4	3	2	1/4	1/4	1	72														2
10	10	19	19	1.0	1/4	1/4	Chord	2/4	3	2	1/4	1/4	1	73														2
11	11	20	20	0.5	0	0	Chord	2/4	2	1	1/8	1/8	1	74			articStaccatoAbove											
11	11	41/2	41/2	1.0	1/8	1/8	Chord	2/4	2	1	1/4	1/4	1	75			articStaccatoAbove											
11	11	43/2	43/2	0.5	3/8	3/8	Chord	2/4	2	1	1/8	1/8	1	76														
11	11	20	20	0.0	0	0	Dynamic	2/4	3	1	0					f												
11	11	20	20	0.0	0	0	Spanner	2/4	3	1	0																	
11	11	41/2	41/2	0.5	1/8	1/8	Chord	2/4	3	1	1/8	1/8	1	77														
11	11	43/2	43/2	0.5	3/8	3/8	Chord	2/4	3	1	1/8	1/8	1	78														
11	11	20	20	1.0	0	0	Chord	2/4	3	2	1/4	1/4	1	79														
11	11	21	21	1.0	1/4	1/4	Chord	2/4	3	2	1/4	1/4	1	80														
12	12	22	22	0.5	0	0	Chord	2/4	2	1	1/8	1/8	1	81			articStaccatoAbove											
12	12	45/2	45/2	1.0	1/8	1/8	Chord	2/4	2	1	1/4	1/4	1	82														
12	12	47/2	47/2	0.5	3/8	3/8	Chord	2/4	2	1	1/8	1/8	1	83										8				
12	12	45/2	45/2	0.5	1/8	1/8	Chord	2/4	3	1	1/8	1/8	1	84														
12	12	23	23	0.0	1/4	1/4	Dynamic	2/4	3	1	0					pp												
12	12	47/2	47/2	0.5	3/8	3/8	Chord	2/4	3	1	1/8	1/8	1	85														
12	12	22	22	1.0	0	0	Chord	2/4	3	2	1/4	1/4	1	86														
12	12	23	23	1.0	1/4	1/4	Chord	2/4	3	2	1/4	1/4	1	87														
13	13	24	24	0.5	0	0	Chord	2/4	2	1	1/8	1/8	1	88			articStaccatoAbove											
13	13	49/2	49/2	1.0	1/8	1/8	Chord	2/4	2	1	1/4	1/4	1	89														
13	13	51/2	51/2	0.5	3/8	3/8	Chord	2/4	2	1	1/8	1/8	1	90														
13	13	49/2	49/2	0.5	1/8	1/8	Chord	2/4	3	1	1/8	1/8	1	91														
13	13	51/2	51/2	0.5	3/8	3/8	Chord	2/4	3	1	1/8	1/8	1	92														
13	13	24	24	1.0	0	0	Chord	2/4	3	2	1/4	1/4	1	93														
13	13	25	25	1.0	1/4	1/4	Chord	2/4	3	2	1/4	1/4	1	94														
14	14	26	26	0.5	0	0	Chord	2/4	2	1	1/8	1/8	1	95										9				
14	14	53/2	53/2	1.0	1/8	1/8	Chord	2/4	2	1	1/4	1/4	1	96														
14	14	55/2	55/2	0.5	3/8	3/8	Chord	2/4	2	1	1/8	1/8	1	97														
14	14	53/2	53/2	0.5	1/8	1/8	Chord	2/4	3	1	1/8	1/8	1	98														
14	14	55/2	55/2	0.0	3/8	3/8	Dynamic	2/4	3	1	0					p												
14	14	55/2	55/2	0.5	3/8	3/8	Chord	2/4	3	1	1/8	1/8	1	99														
14	14	26	26	1.0	0	0	Chord	2/4	3	2	1/4	1/4	1	100														
14	14	27	27	1.0	1/4	1/4	Chord	2/4	3	2	1/4	1/4	1	101														
15	15	28	28	0.5	0	0	Chord	2/4	2	1	1/8	1/8	1	102										10				
15	15	57/2	57/2	1.0	1/8	1/8	Chord	2/4	2	1	1/4	1/4	1	103														
15	15	59/2	59/2	0.5	3/8	3/8	Chord	2/4	2	1	1/8	1/8	1	104														
15	15	28	28	0.0	0	0	Spanner	2/4	3	1	0															0		
15	15	57/2	57/2	0.5	1/8	1/8	Chord	2/4	3	1	1/8	1/8	1	105												0		
15	15	59/2	59/2	0.0	3/8	3/8	Spanner	2/4	3	1	0															0		3
15	15	59/2	59/2	0.5	3/8	3/8	Chord	2/4	3	1	1/8	1/8	1	106												0		3
15	15	28	28	1.0	0	0	Chord	2/4	3	2	1/4	1/4	1	107												0		3
15	15	29	29	1.0	1/4	1/4	Chord	2/4	3	2	1/4	1/4	1	108												0		3
16	16	30	30	0.5	0	0	Chord	2/4	2	1	1/8	1/8	1	109										11				
16	16	61/2	61/2	1.0	1/8	1/8	Chord	2/4	2	1	1/4	1/4	1	110														
16	16	63/2	63/2	0.5	3/8	3/8	Chord	2/4	2	1	1/8	1/8	1	111														
16	16	61/2	61/2	0.5	1/8	1/8	Chord	2/4	3	1	1/8	1/8	1	112												0		3
16	16	63/2	63/2	0.0	3/8	3/8	Spanner	2/4	3	1	0																	
16	16	63/2	63/2	0.0	3/8	3/8	Spanner	2/4	3	1	0																	
16	16	63/2	63/2	0.5	3/8	3/8	Chord	2/4	3	1	1/8	1/8	1	113														
16	16	30	30	1.0	0	0	Chord	2/4	3	2	1/4	1/4	1	114														
16	16	31	31	1.0	1/4	1/4	Chord	2/4	3	2	1/4	1/4	1	115														
17	17	32	32	0.5	0	0	Chord	2/4	2	1	1/8	1/8	1	116														
17	17	65/2	65/2	1.0	1/8	1/8	Chord	2/4	2	1	1/4	1/4	1	117			articAccentAbove											
17	17	67/2	67/2	0.5	3/8	3/8	Chord	2/4	2	1	1/8	1/8	1	118														
17	17	65/2	65/2	0.0	1/8	1/8	Dynamic	2/4	3	1	0					f												
17	17	65/2	65/2	0.5	1/8	1/8	Chord	2/4	3	1	1/8	1/8	1	119														
17	17	67/2	67/2	0.5	3/8	3/8	Chord	2/4	3	1	1/8	1/8	1	120														
17	17	32	32	1.0	0	0	Chord	2/4	3	2	1/4	1/4	1	121														
17	17	33	33	1.0	1/4	1/4	Chord	2/4	3	2	1/4	1/4	1	122														
18	18	34	34	0.25	0	0	Chord	2/4	2	1	1/16	1/16	1	123										12				
18	18	137/4	137/4	0.25	1/16	1/16	Chord	2/4	2	1	1/16	1/16	1	124										12				
18	18	69/2	69/2	0.25	1/8	1/8	Chord	2/4	2	1	1/16	1/16	1	125										12				
18	18	139/4	139/4	0.25	3/16	3/16	Chord	2/4	2	1	1/16	1/16	1	126														
18	18	35	35	0.5	1/4	1/4	Chord	2/4	2	1	1/8	1/8	1	127														
18	18	71/2	71/2	0.5	3/8	3/8	Chord	2/4	2	1	1/8	1/8	1	128														
18	18	34	34	1.0	0	0	Chord	2/4	2	2	1/4	1/4	1	129										13				
18	18	35	35	0.5	1/4	1/4	Chord	2/4	2	2	1/8	1/8	1	130														
18	18	71/2	71/2	0.5	3/8	3/8	Chord	2/4	2	2	1/8	1/8	1	131														
18	18	34	34	0.0	0	0	Spanner	2/4	3	1	0																	4
18	18	69/2	69/2	0.5	1/8	1/8	Chord	2/4	3	1	1/8	1/8	1	132														4
18	18	35	35	0.0	1/4	1/4	Spanner	2/4	3	1	0																	
18	18	71/2	71/2	0.5	3/8	3/8	Chord	2/4	3	1	1/8	1/8	1	133														
18	18	34	34	1.0	0	0	Chord	2/4	3	2	1/4	1/4	1	134														
18	18	35	35	1.0	1/4	1/4	Chord	2/4	3	2	1/4	1/4	1	135														
19	19	36	36	1.0	0	0	Chord	2/4	2	1	1/4	1/4	1	136										14				
19	19	37	37	1.0	1/4	1/4	Chord	2/4	2	1	1/4	1/4	1	137														
19	19	36	36	0.0	0	0	Spanner	2/4	3	1	0														1			
19	19	73/2	73/2	0.5	1/8	1/8	Chord	2/4	3	1	1/8	1/8	1	138											1			
19	19	75/2	75/2	0.0	3/8	3/8	Spanner	2/4	3	1	0																	
19	19	75/2	75/2	0.5	3/8	3/8	Chord	2/4	3	1	1/8	1/8	1	139														
19	19	36	36	1.0	0	0	Chord	2/4	3	2	1/4	1/4	1	140														
19	19	37	37	1.0	1/4	1/4	Chord	2/4	3	2	1/4	1/4	1	141														
20	20	38	38	0.5	0	0	Chord	2/4	2	1	1/8	1/8	1	142														
20	20	77/2	77/2	1.0	1/8	1/8	Chord	2/4	2	1	1/4	1/4	1	143			articAccentAbove											
20	20	79/2	79/2	0.5	3/8	3/8	Chord	2/4	2	1	1/8	1/8	1	144			articAccentAbove											
20	20	77/2	77/2	0.0	1/8	1/8	Dynamic	2/4	3	1	0					f												
20	20	77/2	77/2	0.5	1/8	1/8	Chord	2/4	3	1	1/8	1/8	1	145														
20	20	79/2	79/2	0.5	3/8	3/8	Chord	2/4	3	1	1/8	1/8	1	146														
20	20	38	38	1.0	0	0	Chord	2/4	3	2	1/4	1/4	1	147														
20	20	39	39	1.0	1/4	1/4	Chord	2/4	3	2	1/4	1/4	1	148														
21	21	40	40	0.5	0	0	Chord	2/4	2	1	1/8	1/8	1	149														
21	21	81/2	81/2	0.25	1/8	1/8	Chord	2/4	2	1	1/16	1/16	1	150										15				
21	21	163/4	163/4	0.25	3/16	3/16	Chord	2/4	2	1	1/16	1/16	1	151										15				
21	21	41	41	0.5	1/4	1/4	Chord	2/4	2	1	1/8	1/8	1	152										15				
21	21	83/2	83/2	0.25	3/8	3/8	Chord	2/4	2	1	1/16	1/16	1	153										15				
21	21	167/4	167/4	0.25	7/16	7/16	Chord	2/4	2	1	1/16	1/16	1	154														
21	21	40	40	0.5	0	0	Chord	2/4	2	2	1/8	1/8	1	155														
21	21	81/2	81/2	0.5	1/8	1/8	Chord	2/4	2	2	1/8	1/8	1	156														
21	21	41	41	0.5	1/4	1/4	Chord	2/4	2	2	1/8	1/8	1	157														
21	21	83/2	83/2	0.5	3/8	3/8	Chord	2/4	2	2	1/8	1/8	1	158														
21	21	81/2	81/2	0.5	1/8	1/8	Chord	2/4	3	1	1/8	1/8	1	159										16				
21	21	41	41	0.5	1/4	1/4	Chord	2/4	3	1	1/8	1/8	1	160										16				
21	21	83/2	83/2	0.5	3/8	3/8	Chord	2/4	3	1	1/8	1/8	1	161														
21	21	40	40	1.0	0	0	Chord	2/4	3	2	1/4	1/4	1	162														
21	21	41	41	1.0	1/4	1/4	Chord	2/4	3	2	1/4	1/4	1	163														
22	22	42	42	0.5	0	0	Chord	2/4	2	1	1/8	1/8	1	164														
22	22	85/2	85/2	1.0	1/8	1/8	Chord	2/4	2	1	1/4	1/4	1	165														
22	22	87/2	87/2	0.5	3/8	3/8	Chord	2/4	2	1	1/8	1/8	1	166														
22	22	85/2	85/2	0.0	1/8	1/8	Dynamic	2/4	3	1	0					p												
22	22	85/2	85/2	0.5	1/8	1/8	Chord	2/4	3	1	1/8	1/8	1	167														
22	22	87/2	87/2	0.5	3/8	3/8	Chord	2/4	3	1	1/8	1/8	1	168														
22	22	42	42	1.0	0	0	Chord	2/4	3	2	1/4	1/4	1	169														
22	22	43	43	1.0	1/4	1/4	Chord	2/4	3	2	1/4	1/4	1	170														
23	23	44	44	0.5	0	0	Chord	2/4	2	1	1/8	1/8	1	171														
23	23	89/2	89/2	0.25	1/8	1/8	Chord	2/4	2	1	1/16	1/16	1	172										17				
23	23	179/4	179/4	0.25	3/16	3/16	Chord	2/4	2	1	1/16	1/16	1	173										17				
23	23	45	45	0.5	1/4	1/4	Chord	2/4	2	1	1/8	1/8	1	174										17				
23	23	91/2	91/2	0.25	3/8	3/8	Chord	2/4	2	1	1/16	1/16	1	175										17				
23	23	183/4	183/4	0.25	7/16	7/16	Chord	2/4	2	1	1/16	1/16	1	176														
23	23	44	44	0.5	0	0	Chord	2/4	2	2	1/8	1/8	1	177														
23	23	89/2	89/2	0.5	1/8	1/8	Chord	2/4	2	2	1/8	1/8	1	178														
23	23	45	45	0.5	1/4	1/4	Chord	2/4	2	2	1/8	1/8	1	179														
23	23	91/2	91/2	0.5	3/8	3/8	Chord	2/4	2	2	1/8	1/8	1	180														
23	23	44	44	0.0	0	0	Spanner	2/4	3	1	0																0	
23	23	89/2	89/2	0.5	1/8	1/8	Chord	2/4	3	1	1/8	1/8	1	181										18			0	
23	23	45	45	0.5	1/4	1/4	Chord	2/4	3	1	1/8	1/8	1	182										18			0	
23	23	91/2	91/2	0.5	3/8	3/8	Chord	2/4	3	1	1/8	1/8	1	183													0	
23	23	44	44	1.0	0	0	Chord	2/4	3	2	1/4	1/4	1	184													0	
23	23	45	45	1.0	1/4	1/4	Chord	2/4	3	2	1/4	1/4	1	185													0	
24	24	46	46	0.5	0	0	Chord	2/4	2	1	1/8	1/8	1	186														
24	24	93/2	93/2	0.5	1/8	1/8	Chord	2/4	2	1	1/8	1/8	1	187														
24	24	47	47	1.0	1/4	1/4	Chord	2/4	2	1	1/4	1/4	1	188														
24	24	46	46	1.0	0	0	Chord	2/4	3	1	1/4	1/4	1	189													0	
24	24	47	47	0.0	1/4	1/4	Spanner	2/4	3	1	0																	
24	24	46	46	1.0	0	0	Chord	2/4	3	2	1/4	1/4	1	190														
25	25	48	48	0.0	0	0	Dynamic	2/4	1	1	0					p												
25	25	48	48	0.0	0	0	StaffText	2/4	1	1	0							<i>Alto solo</i>										
25	25	48	48	0.5	0	0	Chord	2/4	1	1	1/8	1/8	1	191	Quae													
25	25	97/2	97/2	1.0	1/8	1/8	Chord	2/4	1	1	1/4	1/4	1	192	m≈ì-									19				
25	25	99/2	99/2	0.25	3/8	3/8	Chord	2/4	1	1	1/16	1/16	1	193										19				
25	25	199/4	199/4	0.25	7/16	7/16	Chord	2/4	1	1	1/16	1/16	1	194														
25	25	48	48	0.0	0	0	Dynamic	2/4	2	1	0					p												
25	25	97/2	97/2	0.5	1/8	1/8	Chord	2/4	2	1	1/8	1/8	1	195														
25	25	99/2	99/2	0.5	3/8	3/8	Chord	2/4	2	1	1/8	1/8	1	196														
25	25	48	48	1.0	0	0	Chord	2/4	3	1	1/4	1/4	1	197														
25	25	49	49	1.0	1/4	1/4	Chord	2/4	3	1	1/4	1/4	1	198														
26	26	50	50	0.5	0	0	Chord	2/4	1	1	1/8	1/8	1	199	-re-		articStaccatissimoAbove											
26	26	101/2	101/2	1.0	1/8	1/8	Chord	2/4	1	1	1/4	1/4	1	200	-bat									20				
26	26	103/2	103/2	0.25	3/8	3/8	Chord	2/4	1	1	1/16	1/16	1	201										20				
26	26	207/4	207/4	0.25	7/16	7/16	Chord	2/4	1	1	1/16	1/16	1	202														
26	26	101/2	101/2	0.5	1/8	1/8	Chord	2/4	2	1	1/8	1/8	1	203														
26	26	103/2	103/2	0.5	3/8	3/8	Chord	2/4	2	1	1/8	1/8	1	204														
26	26	50	50	1.0	0	0	Chord	2/4	3	1	1/4	1/4	1	205														
26	26	51	51	1.0	1/4	1/4	Chord	2/4	3	1	1/4	1/4	1	206														
27	27	52	52	0.5	0	0	Chord	2/4	1	1	1/8	1/8	1	207	et		articStaccatissimoAbove											
27	27	105/2	105/2	1.0	1/8	1/8	Chord	2/4	1	1	1/4	1/4	1	208	do-									21				
27	27	107/2	107/2	0.25	3/8	3/8	Chord	2/4	1	1	1/16	1/16	1	209										21				
27	27	215/4	215/4	0.25	7/16	7/16	Chord	2/4	1	1	1/16	1/16	1	210														
27	27	105/2	105/2	1.0	1/8	1/8	Chord	2/4	2	1	1/4	1/4	1	211														
27	27	52	52	1.0	0	0	Chord	2/4	3	1	1/4	1/4	1	212														
27	27	53	53	1.0	1/4	1/4	Chord	2/4	3	1	1/4	1/4	1	213														
28	28	54	54	0.5	0	0	Chord	2/4	1	1	1/8	1/8	1	214	-le-		articStaccatissimoAbove											
28	28	109/2	109/2	1.0	1/8	1/8	Chord	2/4	1	1	1/4	1/4	1	215	-bat,									22				
28	28	111/2	111/2	0.25	3/8	3/8	Chord	2/4	1	1	1/16	1/16	1	216										22				
28	28	223/4	223/4	0.25	7/16	7/16	Chord	2/4	1	1	1/16	1/16	1	217														
28	28	109/2	109/2	0.5	1/8	1/8	Chord	2/4	2	1	1/8	1/8	1	218														
28	28	111/2	111/2	0.5	3/8	3/8	Chord	2/4	2	1	1/8	1/8	1	219														
28	28	54	54	1.0	0	0	Chord	2/4	3	1	1/4	1/4	1	220														
28	28	55	55	1.0	1/4	1/4	Chord	2/4	3	1	1/4	1/4	1	221														
29	29	56	56	0.5	0	0	Chord	2/4	1	1	1/8	1/8	1	222	et													
29	29	113/2	113/2	1.0	1/8	1/8	Chord	2/4	1	1	1/4	1/4	1	223	do-									23				
29	29	115/2	115/2	0.25	3/8	3/8	Chord	2/4	1	1	1/16	1/16	1	224										23				
29	29	231/4	231/4	0.25	7/16	7/16	Chord	2/4	1	1	1/16	1/16	1	225														
29	29	113/2	113/2	0.5	1/8	1/8	Chord	2/4	2	1	1/8	1/8	1	226														
29	29	115/2	115/2	0.5	3/8	3/8	Chord	2/4	2	1	1/8	1/8	1	227														
29	29	56	56	0.0	0	0	Dynamic	2/4	3	1	0					pp												
29	29	56	56	1.0	0	0	Chord	2/4	3	1	1/4	1/4	1	228										24				
29	29	57	57	1.0	1/4	1/4	Chord	2/4	3	1	1/4	1/4	1	229										24				
30	30	58	58	0.25	0	0	Chord	2/4	1	1	1/16	1/16	1	230	-le-													
30	30	233/4	233/4	0.25	1/16	1/16	Chord	2/4	1	1	1/16	1/16	1	231														
30	30	117/2	117/2	0.5	1/8	1/8	Chord	2/4	1	1	1/8	1/8	1	232	-bat													
30	30	117/2	117/2	0.5	1/8	1/8	Chord	2/4	2	1	1/8	1/8	1	233														
30	30	119/2	119/2	0.5	3/8	3/8	Chord	2/4	2	1	1/8	1/8	1	234														
30	30	58	58	1.0	0	0	Chord	2/4	3	1	1/4	1/4	1	235														
30	30	59	59	1.0	1/4	1/4	Chord	2/4	3	1	1/4	1/4	1	236														
31	31	60	60	0.5	0	0	Chord	2/4	1	1	1/8	1/8	1	237	et		articStaccatissimoAbove											
31	31	121/2	121/2	1.5	1/8	1/8	Chord	2/4	1	1	3/8	1/4	3/2	238	tre-		ornamentTrill											
31	31	121/2	121/2	0.5	1/8	1/8	Chord	2/4	2	1	1/8	1/8	1	239														
31	31	123/2	123/2	0.5	3/8	3/8	Chord	2/4	2	1	1/8	1/8	1	240														
31	31	60	60	0.0	0	0	Dynamic	2/4	3	1	0					p												
31	31	60	60	1.0	0	0	Chord	2/4	3	1	1/4	1/4	1	241														
31	31	61	61	1.0	1/4	1/4	Chord	2/4	3	1	1/4	1/4	1	242														
32	32	62	62	0.5	0	0	Chord	2/4	1	1	1/8	1/8	1	243	-me-		articStaccatissimoAbove											
32	32	125/2	125/2	1.5	1/8	1/8	Chord	2/4	1	1	3/8	1/4	3/2	244	-bat		ornamentTrill											
32	32	125/2	125/2	0.5	1/8	1/8	Chord	2/4	2	1	1/8	1/8	1	245														
32	32	127/2	127/2	0.5	3/8	3/8	Chord	2/4	2	1	1/8	1/8	1	246														
32	32	62	62	1.0	0	0	Chord	2/4	3	1	1/4	1/4	1	247														
32	32	63	63	1.0	1/4	1/4	Chord	2/4	3	1	1/4	1/4	1	248														
33	33	64	64	0.5	0	0	Chord	2/4	1	1	1/8	1/8	1	249	cum									25				
33	33	129/2	129/2	1.0	1/8	1/8	Chord	2/4	1	1	1/4	1/4	1	250														
33	33	131/2	131/2	0.5	3/8	3/8	Chord	2/4	1	1	1/8	1/8	1	251	vi-													
33	33	129/2	129/2	0.5	1/8	1/8	Chord	2/4	2	1	1/8	1/8	1	252														
33	33	131/2	131/2	0.5	3/8	3/8	Chord	2/4	2	1	1/8	1/8	1	253														
33	33	65	65	1.0	1/4	1/4	Chord	2/4	2	2	1/4	1/4	1	254										26				
33	33	64	64	1.0	0	0	Chord	2/4	3	1	1/4	1/4	1	255														
33	33	65	65	1.0	1/4	1/4	Chord	2/4	3	1	1/4	1/4	1	256														
34	34	66	66	0.5	0	0	Chord	2/4	1	1	1/8	1/8	1	257	-de-													
34	34	133/2	133/2	0.5	1/8	1/8	Chord	2/4	1	1	1/8	1/8	1	258	-bat													
34	34	66	66	0.5	0	0	Chord	2/4	2	1	1/8	1/8	1	259														
34	34	133/2	133/2	0.5	1/8	1/8	Chord	2/4	2	1	1/8	1/8	1	260														
34	34	135/2	135/2	0.5	3/8	3/8	Chord	2/4	2	1	1/8	1/8	1	261														
34	34	66	66	1.0	0	0	Chord	2/4	2	2	1/4	1/4	1	262														
34	34	66	66	1.0	0	0	Chord	2/4	3	1	1/4	1/4	1	263														
34	34	67	67	1.0	1/4	1/4	Chord	2/4	3	1	1/4	1/4	1	264														
35	35	68	68	1.0	0	0	Chord	2/4	1	1	1/4	1/4	1	265	na-													
35	35	69	69	1.0	1/4	1/4	Chord	2/4	1	1	1/4	1/4	1	266	-ti													
35	35	137/2	137/2	0.5	1/8	1/8	Chord	2/4	2	1	1/8	1/8	1	267														
35	35	139/2	139/2	0.5	3/8	3/8	Chord	2/4	2	1	1/8	1/8	1	268														
35	35	68	68	0.0	0	0	Spanner	2/4	3	1	0																	5
35	35	68	68	1.0	0	0	Chord	2/4	3	1	1/4	1/4	1	269														5
35	35	69	69	1.0	1/4	1/4	Chord	2/4	3	1	1/4	1/4	1	270														5
36	36	70	70	1.0	0	0	Chord	2/4	1	1	1/4	1/4	1	271	p≈ì-													
36	36	71	71	1.0	1/4	1/4	Chord	2/4	1	1	1/4	1/4	1	272	-nas,													
36	36	141/2	141/2	0.5	1/8	1/8	Chord	2/4	2	1	1/8	1/8	1	273														
36	36	143/2	143/2	0.5	3/8	3/8	Chord	2/4	2	1	1/8	1/8	1	274														
36	36	70	70	0.0	0	0	Spanner	2/4	3	1	0																	
36	36	70	70	0.0	0	0	Spanner	2/4	3	1	0														2			
36	36	70	70	1.0	0	0	Chord	2/4	3	1	1/4	1/4	1	275											2			
36	36	71	71	1.0	1/4	1/4	Chord	2/4	3	1	1/4	1/4	1	276											2			
37	37	72	72	1.0	0	0	Chord	2/4	1	1	1/4	1/4	1	277	p≈ì-													
37	37	73	73	1.0	1/4	1/4	Chord	2/4	1	1	1/4	1/4	1	278	-nas													
37	37	145/2	145/2	0.5	1/8	1/8	Chord	2/4	2	1	1/8	1/8	1	279														
37	37	147/2	147/2	0.5	3/8	3/8	Chord	2/4	2	1	1/8	1/8	1	280														
37	37	72	72	0.0	0	0	Spanner	2/4	3	1	0																	
37	37	72	72	1.0	0	0	Chord	2/4	3	1	1/4	1/4	1	281														
37	37	73	73	1.0	1/4	1/4	Chord	2/4	3	1	1/4	1/4	1	282														
38	38	74	74	0.75	0	0	Chord	2/4	1	1	3/16	1/8	3/2	283	in-													
38	38	299/4	299/4	0.25	3/16	3/16	Chord	2/4	1	1	1/16	1/16	1	284	-cly-													
38	38	75	75	1.0	1/4	1/4	Chord	2/4	1	1	1/4	1/4	1	285	-ti.													
38	38	149/2	149/2	0.5	1/8	1/8	Chord	2/4	2	1	1/8	1/8	1	286														
38	38	151/2	151/2	0.5	3/8	3/8	Chord	2/4	2	1	1/8	1/8	1	287														
38	38	74	74	1.0	0	0	Chord	2/4	3	1	1/4	1/4	1	288														
38	38	75	75	1.0	1/4	1/4	Chord	2/4	3	1	1/4	1/4	1	289														
39	39	76	76	0.5	0	0	Chord	2/4	1	1	1/8	1/8	1	290	Et		articStaccatissimoAbove											
39	39	153/2	153/2	1.0	1/8	1/8	Chord	2/4	1	1	1/4	1/4	1	291	tre-									27				
39	39	155/2	155/2	0.5	3/8	3/8	Chord	2/4	1	1	1/8	1/8	1	292														
39	39	153/2	153/2	0.5	1/8	1/8	Chord	2/4	2	1	1/8	1/8	1	293														
39	39	155/2	155/2	0.5	3/8	3/8	Chord	2/4	2	1	1/8	1/8	1	294														
39	39	76	76	0.0	0	0	Dynamic	2/4	3	1	0					mf												
39	39	153/2	153/2	0.5	1/8	1/8	Chord	2/4	3	1	1/8	1/8	1	295														
39	39	155/2	155/2	0.5	3/8	3/8	Chord	2/4	3	1	1/8	1/8	1	296														
39	39	76	76	1.0	0	0	Chord	2/4	3	2	1/4	1/4	1	297														
39	39	77	77	1.0	1/4	1/4	Chord	2/4	3	2	1/4	1/4	1	298														
40	40	78	78	0.5	0	0	Chord	2/4	1	1	1/8	1/8	1	299	-me-		articStaccatissimoAbove											
40	40	157/2	157/2	1.0	1/8	1/8	Chord	2/4	1	1	1/4	1/4	1	300	-bat,									28				
40	40	159/2	159/2	0.5	3/8	3/8	Chord	2/4	1	1	1/8	1/8	1	301														
40	40	157/2	157/2	0.5	1/8	1/8	Chord	2/4	2	1	1/8	1/8	1	302														
40	40	159/2	159/2	0.5	3/8	3/8	Chord	2/4	2	1	1/8	1/8	1	303														
40	40	157/2	157/2	0.5	1/8	1/8	Chord	2/4	3	1	1/8	1/8	1	304														
40	40	159/2	159/2	0.5	3/8	3/8	Chord	2/4	3	1	1/8	1/8	1	305														
40	40	78	78	1.0	0	0	Chord	2/4	3	2	1/4	1/4	1	306														
40	40	79	79	1.0	1/4	1/4	Chord	2/4	3	2	1/4	1/4	1	307														
41	41	80	80	0.5	0	0	Chord	2/4	1	1	1/8	1/8	1	308	cum		articStaccatissimoAbove											
41	41	161/2	161/2	1.0	1/8	1/8	Chord	2/4	1	1	1/4	1/4	1	309	vi-									29				
41	41	163/2	163/2	0.5	3/8	3/8	Chord	2/4	1	1	1/8	1/8	1	310														
41	41	161/2	161/2	0.5	1/8	1/8	Chord	2/4	2	1	1/8	1/8	1	311														
41	41	163/2	163/2	0.5	3/8	3/8	Chord	2/4	2	1	1/8	1/8	1	312														
41	41	80	80	0.0	0	0	Dynamic	2/4	3	1	0					pp												
41	41	161/2	161/2	0.5	1/8	1/8	Chord	2/4	3	1	1/8	1/8	1	313														
41	41	163/2	163/2	0.5	3/8	3/8	Chord	2/4	3	1	1/8	1/8	1	314														
41	41	80	80	1.0	0	0	Chord	2/4	3	2	1/4	1/4	1	315														
41	41	81	81	1.0	1/4	1/4	Chord	2/4	3	2	1/4	1/4	1	316														
42	42	82	82	0.5	0	0	Chord	2/4	1	1	1/8	1/8	1	317	-de-		articStaccatissimoAbove											
42	42	165/2	165/2	1.5	1/8	1/8	Chord	2/4	1	1	3/8	1/4	3/2	318	-bat													
42	42	165/2	165/2	0.5	1/8	1/8	Chord	2/4	2	1	1/8	1/8	1	319														
42	42	167/2	167/2	0.5	3/8	3/8	Chord	2/4	2	1	1/8	1/8	1	320														
42	42	165/2	165/2	0.5	1/8	1/8	Chord	2/4	3	1	1/8	1/8	1	321														
42	42	167/2	167/2	0.5	3/8	3/8	Chord	2/4	3	1	1/8	1/8	1	322														
42	42	82	82	1.0	0	0	Chord	2/4	3	2	1/4	1/4	1	323														
42	42	83	83	1.0	1/4	1/4	Chord	2/4	3	2	1/4	1/4	1	324														
43	43	84	84	0.0	0	0	Dynamic	2/4	1	1	0					p												
43	43	84	84	1.0	0	0	Chord	2/4	1	1	1/4	1/4	1	325	na-													
43	43	85	85	1.0	1/4	1/4	Chord	2/4	1	1	1/4	1/4	1	326	-ti													
43	43	169/2	169/2	0.5	1/8	1/8	Chord	2/4	2	1	1/8	1/8	1	327														
43	43	171/2	171/2	0.5	3/8	3/8	Chord	2/4	2	1	1/8	1/8	1	328														
43	43	84	84	0.0	0	0	Dynamic	2/4	3	1	0					p												
43	43	84	84	1.0	0	0	Chord	2/4	3	1	1/4	1/4	1	329														
43	43	85	85	1.0	1/4	1/4	Chord	2/4	3	1	1/4	1/4	1	330														
44	44	86	86	0.0	0	0	Spanner	2/4	1	1	0																	6
44	44	86	86	1.0	0	0	Chord	2/4	1	1	1/4	1/4	1	331	p≈ì-													6
44	44	87	87	1.0	1/4	1/4	Chord	2/4	1	1	1/4	1/4	1	332	-nas,													6
44	44	173/2	173/2	0.5	1/8	1/8	Chord	2/4	2	1	1/8	1/8	1	333														
44	44	175/2	175/2	0.5	3/8	3/8	Chord	2/4	2	1	1/8	1/8	1	334														
44	44	86	86	0.0	0	0	Spanner	2/4	3	1	0																	7
44	44	86	86	1.0	0	0	Chord	2/4	3	1	1/4	1/4	1	335														7
44	44	87	87	1.0	1/4	1/4	Chord	2/4	3	1	1/4	1/4	1	336														7
45	45	88	88	0.0	0	0	Dynamic	2/4	1	1	0					f												
45	45	88	88	0.0	0	0	Spanner	2/4	1	1	0																	
45	45	88	88	1.0	0	0	Chord	2/4	1	1	1/4	1/4	1	337	na-													
45	45	89	89	1.0	1/4	1/4	Chord	2/4	1	1	1/4	1/4	1	338	-ti													
45	45	177/2	177/2	0.5	1/8	1/8	Chord	2/4	2	1	1/8	1/8	1	339														
45	45	179/2	179/2	0.5	3/8	3/8	Chord	2/4	2	1	1/8	1/8	1	340														
45	45	88	88	0.0	0	0	Dynamic	2/4	3	1	0					f												
45	45	88	88	0.0	0	0	Spanner	2/4	3	1	0																	
45	45	177/2	177/2	0.5	1/8	1/8	Chord	2/4	3	1	1/8	1/8	1	341														
45	45	179/2	179/2	0.5	3/8	3/8	Chord	2/4	3	1	1/8	1/8	1	342														
45	45	88	88	1.0	0	0	Chord	2/4	3	2	1/4	1/4	1	343														
45	45	89	89	1.0	1/4	1/4	Chord	2/4	3	2	1/4	1/4	1	344														
46	46	90	90	0.5	0	0	Chord	2/4	1	1	1/8	1/8	1	345	p≈ì-									30				
46	46	181/2	181/2	0.25	1/8	1/8	Chord	2/4	1	1	1/16	1/16	1	346										30				
46	46	363/4	363/4	0.25	3/16	3/16	Chord	2/4	1	1	1/16	1/16	1	347										30				
46	46	91	91	0.5	1/4	1/4	Chord	2/4	1	1	1/8	1/8	1	348														
46	46	183/2	183/2	0.25	3/8	3/8	Chord	2/4	1	1	1/16	1/16	1	349	-nas									31				
46	46	367/4	367/4	0.25	7/16	7/16	Chord	2/4	1	1	1/16	1/16	1	350														
46	46	181/2	181/2	0.5	1/8	1/8	Chord	2/4	2	1	1/8	1/8	1	351														
46	46	183/2	183/2	0.5	3/8	3/8	Chord	2/4	2	1	1/8	1/8	1	352														
46	46	181/2	181/2	0.5	1/8	1/8	Chord	2/4	3	1	1/8	1/8	1	353														
46	46	183/2	183/2	0.5	3/8	3/8	Chord	2/4	3	1	1/8	1/8	1	354														
46	46	90	90	1.0	0	0	Chord	2/4	3	2	1/4	1/4	1	355														
46	46	91	91	1.0	1/4	1/4	Chord	2/4	3	2	1/4	1/4	1	356														
47	47	92	92	1.0	0	0	Chord	2/4	1	1	1/4	1/4	1	357	in-									32				
47	47	93	93	0.5	1/4	1/4	Chord	2/4	1	1	1/8	1/8	1	358														
47	47	187/2	187/2	0.5	3/8	3/8	Chord	2/4	1	1	1/8	1/8	1	359	-cly-													
47	47	185/2	185/2	0.5	1/8	1/8	Chord	2/4	2	1	1/8	1/8	1	360														
47	47	187/2	187/2	0.5	3/8	3/8	Chord	2/4	2	1	1/8	1/8	1	361														
47	47	92	92	0.0	0	0	Spanner	2/4	3	1	0														3			
47	47	92	92	2.0	0	0	Chord	2/4	3	1	1/2	1/2	1	362											3			
47	47	92	92	1.0	0	0	Chord	2/4	3	2	1/4	1/4	1	363											3			
47	47	93	93	1.0	1/4	1/4	Chord	2/4	3	2	1/4	1/4	1	364											3			
48	48	94	94	1.0	0	0	Chord	2/4	1	1	1/4	1/4	1	365	-ti													
48	48	189/2	189/2	0.5	1/8	1/8	Chord	2/4	2	1	1/8	1/8	1	366														
48	48	191/2	191/2	0.5	3/8	3/8	Chord	2/4	2	1	1/8	1/8	1	367														
48	48	94	94	1.0	0	0	Chord	2/4	3	1	1/4	1/4	1	368											3			
48	48	95	95	1.0	1/4	1/4	Chord	2/4	3	1	1/4	1/4	1	369											3			
49	49	96	96	0.0	0	0	Dynamic	2/4	1	1	0					p												
49	49	96	96	0.5	0	0	Chord	2/4	1	1	1/8	1/8	1	370	et													
49	49	193/2	193/2	1.0	1/8	1/8	Chord	2/4	1	1	1/4	1/4	1	371	tre-									33				
49	49	195/2	195/2	0.5	3/8	3/8	Chord	2/4	1	1	1/8	1/8	1	372														
49	49	193/2	193/2	0.5	1/8	1/8	Chord	2/4	2	1	1/8	1/8	1	373														
49	49	195/2	195/2	0.5	3/8	3/8	Chord	2/4	2	1	1/8	1/8	1	374														
49	49	96	96	0.0	0	0	Dynamic	2/4	3	1	0					p												
49	49	96	96	0.0	0	0	Spanner	2/4	3	1	0																	
49	49	96	96	1.0	0	0	Chord	2/4	3	1	1/4	1/4	1	375														
49	49	97	97	1.0	1/4	1/4	Chord	2/4	3	1	1/4	1/4	1	376														
50	50	98	98	0.5	0	0	Chord	2/4	1	1	1/8	1/8	1	377	-me-		articStaccatissimoAbove											
50	50	197/2	197/2	1.0	1/8	1/8	Chord	2/4	1	1	1/4	1/4	1	378	-bat,									34				
50	50	199/2	199/2	0.5	3/8	3/8	Chord	2/4	1	1	1/8	1/8	1	379														
50	50	197/2	197/2	0.5	1/8	1/8	Chord	2/4	2	1	1/8	1/8	1	380														
50	50	199/2	199/2	0.5	3/8	3/8	Chord	2/4	2	1	1/8	1/8	1	381														
50	50	98	98	1.0	0	0	Chord	2/4	3	1	1/4	1/4	1	382														
50	50	99	99	1.0	1/4	1/4	Chord	2/4	3	1	1/4	1/4	1	383														
51	51	100	100	0.5	0	0	Chord	2/4	1	1	1/8	1/8	1	384	cum		articStaccatissimoAbove											
51	51	201/2	201/2	1.0	1/8	1/8	Chord	2/4	1	1	1/4	1/4	1	385	vi-									35				
51	51	203/2	203/2	0.5	3/8	3/8	Chord	2/4	1	1	1/8	1/8	1	386														
51	51	201/2	201/2	0.5	1/8	1/8	Chord	2/4	2	1	1/8	1/8	1	387														
51	51	203/2	203/2	0.5	3/8	3/8	Chord	2/4	2	1	1/8	1/8	1	388														
51	51	100	100	0.0	0	0	Dynamic	2/4	3	1	0					pp												
51	51	100	100	1.0	0	0	Chord	2/4	3	1	1/4	1/4	1	389														
51	51	101	101	1.0	1/4	1/4	Chord	2/4	3	1	1/4	1/4	1	390														
52	52	102	102	0.5	0	0	Chord	2/4	1	1	1/8	1/8	1	391	-de-													
52	52	205/2	205/2	1.5	1/8	1/8	Chord	2/4	1	1	3/8	1/4	3/2	392	-bat													
52	52	205/2	205/2	0.5	1/8	1/8	Chord	2/4	2	1	1/8	1/8	1	393														
52	52	207/2	207/2	0.5	3/8	3/8	Chord	2/4	2	1	1/8	1/8	1	394														
52	52	102	102	1.0	0	0	Chord	2/4	3	1	1/4	1/4	1	395														
52	52	103	103	1.0	1/4	1/4	Chord	2/4	3	1	1/4	1/4	1	396														
53	53	104	104	0.0	0	0	Dynamic	2/4	1	1	0					p												
53	53	104	104	1.0	0	0	Chord	2/4	1	1	1/4	1/4	1	397	na-													
53	53	105	105	0.0	1/4	1/4	Spanner	2/4	1	1	0																	8
53	53	105	105	1.0	1/4	1/4	Chord	2/4	1	1	1/4	1/4	1	398	-ti													8
53	53	209/2	209/2	0.5	1/8	1/8	Chord	2/4	2	1	1/8	1/8	1	399														
53	53	211/2	211/2	0.5	3/8	3/8	Chord	2/4	2	1	1/8	1/8	1	400														
53	53	104	104	0.0	0	0	Dynamic	2/4	3	1	0					p												
53	53	104	104	1.0	0	0	Chord	2/4	3	1	1/4	1/4	1	401														
53	53	105	105	0.0	1/4	1/4	Spanner	2/4	3	1	0																	9
53	53	105	105	1.0	1/4	1/4	Chord	2/4	3	1	1/4	1/4	1	402														9
54	54	106	106	1.0	0	0	Chord	2/4	1	1	1/4	1/4	1	403	p≈ì-													8
54	54	107	107	1.0	1/4	1/4	Chord	2/4	1	1	1/4	1/4	1	404	-nas													8
54	54	213/2	213/2	0.5	1/8	1/8	Chord	2/4	2	1	1/8	1/8	1	405														
54	54	215/2	215/2	0.5	3/8	3/8	Chord	2/4	2	1	1/8	1/8	1	406														
54	54	106	106	1.0	0	0	Chord	2/4	3	1	1/4	1/4	1	407														9
54	54	107	107	1.0	1/4	1/4	Chord	2/4	3	1	1/4	1/4	1	408														9
55	55	108	108	0.0	0	0	Dynamic	2/4	1	1	0					f												
55	55	108	108	0.0	0	0	Spanner	2/4	1	1	0																	
55	55	108	108	1.0	0	0	Chord	2/4	1	1	1/4	1/4	1	409	na-													
55	55	109	109	1.0	1/4	1/4	Chord	2/4	1	1	1/4	1/4	1	410	-ti													
55	55	217/2	217/2	0.5	1/8	1/8	Chord	2/4	2	1	1/8	1/8	1	411														
55	55	219/2	219/2	0.5	3/8	3/8	Chord	2/4	2	1	1/8	1/8	1	412														
55	55	108	108	0.0	0	0	Dynamic	2/4	3	1	0					f												
55	55	108	108	0.0	0	0	Spanner	2/4	3	1	0																	
55	55	217/2	217/2	0.5	1/8	1/8	Chord	2/4	3	1	1/8	1/8	1	413														
55	55	219/2	219/2	0.5	3/8	3/8	Chord	2/4	3	1	1/8	1/8	1	414														
55	55	108	108	1.0	0	0	Chord	2/4	3	2	1/4	1/4	1	415														
55	55	109	109	1.0	1/4	1/4	Chord	2/4	3	2	1/4	1/4	1	416														
56	56	110	110	0.25	0	0	Chord	2/4	1	1	1/16	1/16	1	417	p≈ì-									36				
56	56	441/4	441/4	0.25	1/16	1/16	Chord	2/4	1	1	1/16	1/16	1	418										36				
56	56	221/2	221/2	0.25	1/8	1/8	Chord	2/4	1	1	1/16	1/16	1	419										36				
56	56	443/4	443/4	0.25	3/16	3/16	Chord	2/4	1	1	1/16	1/16	1	420										36				
56	56	111	111	0.5	1/4	1/4	Chord	2/4	1	1	1/8	1/8	1	421														
56	56	223/2	223/2	0.25	3/8	3/8	Chord	2/4	1	1	1/16	1/16	1	422	-nas													
56	56	447/4	447/4	0.25	7/16	7/16	Chord	2/4	1	1	1/16	1/16	1	423														
56	56	221/2	221/2	0.5	1/8	1/8	Chord	2/4	2	1	1/8	1/8	1	424														
56	56	223/2	223/2	0.5	3/8	3/8	Chord	2/4	2	1	1/8	1/8	1	425														
56	56	221/2	221/2	0.5	1/8	1/8	Chord	2/4	3	1	1/8	1/8	1	426														
56	56	223/2	223/2	0.5	3/8	3/8	Chord	2/4	3	1	1/8	1/8	1	427														
56	56	110	110	1.0	0	0	Chord	2/4	3	2	1/4	1/4	1	428														
56	56	111	111	1.0	1/4	1/4	Chord	2/4	3	2	1/4	1/4	1	429														
57	57	112	112	1.0	0	0	Chord	2/4	1	1	1/4	1/4	1	430	in-									37				
57	57	113	113	0.5	1/4	1/4	Chord	2/4	1	1	1/8	1/8	1	431														
57	57	227/2	227/2	0.5	3/8	3/8	Chord	2/4	1	1	1/8	1/8	1	432	-cly-													
57	57	225/2	225/2	0.5	1/8	1/8	Chord	2/4	2	1	1/8	1/8	1	433														
57	57	227/2	227/2	0.5	3/8	3/8	Chord	2/4	2	1	1/8	1/8	1	434														
57	57	112	112	0.0	0	0	Spanner	2/4	3	1	0														4			
57	57	112	112	2.0	0	0	Chord	2/4	3	1	1/2	1/2	1	435											4			
57	57	112	112	1.0	0	0	Chord	2/4	3	2	1/4	1/4	1	436											4			
57	57	113	113	1.0	1/4	1/4	Chord	2/4	3	2	1/4	1/4	1	437											4			
58	58	114	114	1.0	0	0	Chord	2/4	1	1	1/4	1/4	1	438	-ti.													
58	58	114	114	0.5	0	0	Chord	2/4	2	1	1/8	1/8	1	439														
58	58	229/2	229/2	1.0	1/8	1/8	Chord	2/4	2	1	1/4	1/4	1	440			articAccentAbove											
58	58	231/2	231/2	0.5	3/8	3/8	Chord	2/4	2	1	1/8	1/8	1	441			articAccentAbove											
58	58	114	114	0.0	0	0	Spanner	2/4	3	1	0																	
58	58	114	114	0.5	0	0	Chord	2/4	3	1	1/8	1/8	1	442														
58	58	229/2	229/2	0.0	1/8	1/8	Dynamic	2/4	3	1	0					f												
58	58	229/2	229/2	0.5	1/8	1/8	Chord	2/4	3	1	1/8	1/8	1	443														
58	58	231/2	231/2	0.5	3/8	3/8	Chord	2/4	3	1	1/8	1/8	1	444														
58	58	114	114	1.0	0	0	Chord	2/4	3	2	1/4	1/4	1	445														
58	58	115	115	1.0	1/4	1/4	Chord	2/4	3	2	1/4	1/4	1	446														
59	59	116	116	0.5	0	0	Chord	2/4	2	1	1/8	1/8	1	447														
59	59	233/2	233/2	0.25	1/8	1/8	Chord	2/4	2	1	1/16	1/16	1	448										38				
59	59	467/4	467/4	0.25	3/16	3/16	Chord	2/4	2	1	1/16	1/16	1	449										38				
59	59	117	117	0.5	1/4	1/4	Chord	2/4	2	1	1/8	1/8	1	450										38				
59	59	235/2	235/2	0.25	3/8	3/8	Chord	2/4	2	1	1/16	1/16	1	451										38				
59	59	471/4	471/4	0.25	7/16	7/16	Chord	2/4	2	1	1/16	1/16	1	452														
59	59	116	116	0.5	0	0	Chord	2/4	2	2	1/8	1/8	1	453														
59	59	233/2	233/2	0.5	1/8	1/8	Chord	2/4	2	2	1/8	1/8	1	454														
59	59	117	117	0.5	1/4	1/4	Chord	2/4	2	2	1/8	1/8	1	455														
59	59	235/2	235/2	0.5	3/8	3/8	Chord	2/4	2	2	1/8	1/8	1	456														
59	59	233/2	233/2	0.5	1/8	1/8	Chord	2/4	3	1	1/8	1/8	1	457														
59	59	235/2	235/2	0.5	3/8	3/8	Chord	2/4	3	1	1/8	1/8	1	458														
59	59	116	116	1.0	0	0	Chord	2/4	3	2	1/4	1/4	1	459														
59	59	117	117	1.0	1/4	1/4	Chord	2/4	3	2	1/4	1/4	1	460														
60	60	118	118	0.5	0	0	Chord	2/4	2	1	1/8	1/8	1	461														
60	60	237/2	237/2	1.0	1/8	1/8	Chord	2/4	2	1	1/4	1/4	1	462			articAccentAbove											
60	60	239/2	239/2	0.5	3/8	3/8	Chord	2/4	2	1	1/8	1/8	1	463														
60	60	237/2	237/2	0.0	1/8	1/8	Dynamic	2/4	3	1	0					p												
60	60	237/2	237/2	0.5	1/8	1/8	Chord	2/4	3	1	1/8	1/8	1	464														
60	60	239/2	239/2	0.5	3/8	3/8	Chord	2/4	3	1	1/8	1/8	1	465														
60	60	118	118	1.0	0	0	Chord	2/4	3	2	1/4	1/4	1	466														
60	60	119	119	1.0	1/4	1/4	Chord	2/4	3	2	1/4	1/4	1	467														
61	61	120	120	0.5	0	0	Chord	2/4	2	1	1/8	1/8	1	468														
61	61	241/2	241/2	0.25	1/8	1/8	Chord	2/4	2	1	1/16	1/16	1	469										39				
61	61	483/4	483/4	0.25	3/16	3/16	Chord	2/4	2	1	1/16	1/16	1	470										39				
61	61	121	121	0.5	1/4	1/4	Chord	2/4	2	1	1/8	1/8	1	471										39				
61	61	243/2	243/2	0.25	3/8	3/8	Chord	2/4	2	1	1/16	1/16	1	472										39				
61	61	487/4	487/4	0.25	7/16	7/16	Chord	2/4	2	1	1/16	1/16	1	473														
61	61	120	120	0.5	0	0	Chord	2/4	2	2	1/8	1/8	1	474														
61	61	241/2	241/2	0.5	1/8	1/8	Chord	2/4	2	2	1/8	1/8	1	475														
61	61	121	121	0.5	1/4	1/4	Chord	2/4	2	2	1/8	1/8	1	476														
61	61	243/2	243/2	0.5	3/8	3/8	Chord	2/4	2	2	1/8	1/8	1	477														
61	61	241/2	241/2	0.5	1/8	1/8	Chord	2/4	3	1	1/8	1/8	1	478														
61	61	243/2	243/2	0.5	3/8	3/8	Chord	2/4	3	1	1/8	1/8	1	479														
61	61	120	120	1.0	0	0	Chord	2/4	3	2	1/4	1/4	1	480														
61	61	121	121	1.0	1/4	1/4	Chord	2/4	3	2	1/4	1/4	1	481														
62	62	122	122	0.5	0	0	Chord	2/4	2	1	1/8	1/8	1	482														
62	62	245/2	245/2	0.5	1/8	1/8	Chord	2/4	2	1	1/8	1/8	1	483														
62	62	123	123	1.0	1/4	1/4	Chord	2/4	2	1	1/4	1/4	1	484														
62	62	122	122	1.0	0	0	Chord	2/4	3	1	1/4	1/4	1	485														
63	63	124	124	0.0	0	0	Dynamic	2/4	1	1	0					p												
63	63	124	124	1.0	0	0	Chord	2/4	1	1	1/4	1/4	1	486	Quae		ornamentTrill											
63	63	125	125	1.0	1/4	1/4	Chord	2/4	1	1	1/4	1/4	1	487	m≈ì-		ornamentTrill											
63	63	249/2	249/2	0.5	1/8	1/8	Chord	2/4	2	1	1/8	1/8	1	488														
63	63	251/2	251/2	0.5	3/8	3/8	Chord	2/4	2	1	1/8	1/8	1	489														
63	63	124	124	0.0	0	0	Dynamic	2/4	3	1	0					p												
63	63	124	124	1.0	0	0	Chord	2/4	3	1	1/4	1/4	1	490														
63	63	125	125	1.0	1/4	1/4	Chord	2/4	3	1	1/4	1/4	1	491														
64	64	126	126	1.0	0	0	Chord	2/4	1	1	1/4	1/4	1	492	-re-		ornamentTrill											
64	64	127	127	1.0	1/4	1/4	Chord	2/4	1	1	1/4	1/4	1	493	-bat		ornamentTrill											
64	64	253/2	253/2	0.5	1/8	1/8	Chord	2/4	2	1	1/8	1/8	1	494														
64	64	255/2	255/2	0.5	3/8	3/8	Chord	2/4	2	1	1/8	1/8	1	495														
64	64	126	126	1.0	0	0	Chord	2/4	3	1	1/4	1/4	1	496														
64	64	127	127	1.0	1/4	1/4	Chord	2/4	3	1	1/4	1/4	1	497														
65	65	128	128	1.0	0	0	Chord	2/4	1	1	1/4	1/4	1	498	et									40				
65	65	129	129	0.5	1/4	1/4	Chord	2/4	1	1	1/8	1/8	1	499														
65	65	259/2	259/2	0.5	3/8	3/8	Chord	2/4	1	1	1/8	1/8	1	500	do-													
65	65	257/2	257/2	0.5	1/8	1/8	Chord	2/4	2	1	1/8	1/8	1	501														
65	65	259/2	259/2	0.5	3/8	3/8	Chord	2/4	2	1	1/8	1/8	1	502														
65	65	128	128	1.0	0	0	Chord	2/4	3	1	1/4	1/4	1	503														
65	65	129	129	1.0	1/4	1/4	Chord	2/4	3	1	1/4	1/4	1	504														
66	66	130	130	0.5	0	0	Chord	2/4	1	1	1/8	1/8	1	505	-le-													
66	66	261/2	261/2	1.0	1/8	1/8	Chord	2/4	1	1	1/4	1/4	1	506	-bat,									41				
66	66	263/2	263/2	0.5	3/8	3/8	Chord	2/4	1	1	1/8	1/8	1	507														
66	66	261/2	261/2	0.5	1/8	1/8	Chord	2/4	2	1	1/8	1/8	1	508														
66	66	263/2	263/2	0.5	3/8	3/8	Chord	2/4	2	1	1/8	1/8	1	509														
66	66	130	130	1.0	0	0	Chord	2/4	3	1	1/4	1/4	1	510														
66	66	131	131	1.0	1/4	1/4	Chord	2/4	3	1	1/4	1/4	1	511														
67	67	132	132	0.25	0	0	Chord	2/4	1	1	1/16	1/16	1	512	et									42				
67	67	529/4	529/4	0.25	1/16	1/16	Chord	2/4	1	1	1/16	1/16	1	513										42				
67	67	265/2	265/2	1.0	1/8	1/8	Chord	2/4	1	1	1/4	1/4	1	514														
67	67	267/2	267/2	0.5	3/8	3/8	Chord	2/4	1	1	1/8	1/8	1	515	do-													
67	67	265/2	265/2	0.5	1/8	1/8	Chord	2/4	2	1	1/8	1/8	1	516														
67	67	267/2	267/2	0.5	3/8	3/8	Chord	2/4	2	1	1/8	1/8	1	517														
67	67	132	132	1.0	0	0	Chord	2/4	3	1	1/4	1/4	1	518														
67	67	133	133	1.0	1/4	1/4	Chord	2/4	3	1	1/4	1/4	1	519														
68	68	134	134	0.25	0	0	Chord	2/4	1	1	1/16	1/16	1	520	-le-													
68	68	537/4	537/4	0.25	1/16	1/16	Chord	2/4	1	1	1/16	1/16	1	521														
68	68	269/2	269/2	0.5	1/8	1/8	Chord	2/4	1	1	1/8	1/8	1	522	-bat													
68	68	134	134	0.5	0	0	Chord	2/4	2	1	1/8	1/8	1	523														
68	68	269/2	269/2	1.0	1/8	1/8	Chord	2/4	2	1	1/4	1/4	1	524			articAccentAbove											
68	68	271/2	271/2	0.5	3/8	3/8	Chord	2/4	2	1	1/8	1/8	1	525			articAccentAbove											
68	68	269/2	269/2	0.0	1/8	1/8	Dynamic	2/4	3	1	0					f												
68	68	269/2	269/2	0.5	1/8	1/8	Chord	2/4	3	1	1/8	1/8	1	526														
68	68	271/2	271/2	0.5	3/8	3/8	Chord	2/4	3	1	1/8	1/8	1	527														
68	68	134	134	1.0	0	0	Chord	2/4	3	2	1/4	1/4	1	528														
68	68	135	135	1.0	1/4	1/4	Chord	2/4	3	2	1/4	1/4	1	529														
69	69	136	136	0.5	0	0	Chord	2/4	2	1	1/8	1/8	1	530														
69	69	273/2	273/2	0.25	1/8	1/8	Chord	2/4	2	1	1/16	1/16	1	531										43				
69	69	547/4	547/4	0.25	3/16	3/16	Chord	2/4	2	1	1/16	1/16	1	532										43				
69	69	137	137	0.5	1/4	1/4	Chord	2/4	2	1	1/8	1/8	1	533										43				
69	69	275/2	275/2	0.25	3/8	3/8	Chord	2/4	2	1	1/16	1/16	1	534										43				
69	69	551/4	551/4	0.25	7/16	7/16	Chord	2/4	2	1	1/16	1/16	1	535														
69	69	136	136	1.0	0	0	Chord	2/4	2	2	1/4	1/4	1	536														
69	69	137	137	1.0	1/4	1/4	Chord	2/4	2	2	1/4	1/4	1	537														
69	69	273/2	273/2	0.5	1/8	1/8	Chord	2/4	3	1	1/8	1/8	1	538										44				
69	69	137	137	0.5	1/4	1/4	Chord	2/4	3	1	1/8	1/8	1	539										44				
69	69	275/2	275/2	0.5	3/8	3/8	Chord	2/4	3	1	1/8	1/8	1	540														
69	69	136	136	1.0	0	0	Chord	2/4	3	2	1/4	1/4	1	541														
69	69	137	137	1.0	1/4	1/4	Chord	2/4	3	2	1/4	1/4	1	542														
70	70	138	138	1.0	0	0	Chord	2/4	1	1	1/4	1/4	1	543	et		ornamentTrill											
70	70	139	139	1.0	1/4	1/4	Chord	2/4	1	1	1/4	1/4	1	544	tre-		ornamentTrill											
70	70	138	138	0.5	0	0	Chord	2/4	2	1	1/8	1/8	1	545														
70	70	277/2	277/2	0.5	1/8	1/8	Chord	2/4	2	1	1/8	1/8	1	546														
70	70	279/2	279/2	0.5	3/8	3/8	Chord	2/4	2	1	1/8	1/8	1	547														
70	70	138	138	0.0	0	0	Dynamic	2/4	3	1	0					p												
70	70	138	138	1.0	0	0	Chord	2/4	3	1	1/4	1/4	1	548														
70	70	139	139	1.0	1/4	1/4	Chord	2/4	3	1	1/4	1/4	1	549														
71	71	140	140	1.0	0	0	Chord	2/4	1	1	1/4	1/4	1	550	-me-		ornamentTrill											
71	71	141	141	1.0	1/4	1/4	Chord	2/4	1	1	1/4	1/4	1	551	-bat		ornamentTrill											
71	71	281/2	281/2	0.5	1/8	1/8	Chord	2/4	2	1	1/8	1/8	1	552														
71	71	283/2	283/2	0.5	3/8	3/8	Chord	2/4	2	1	1/8	1/8	1	553														
71	71	140	140	1.0	0	0	Chord	2/4	3	1	1/4	1/4	1	554														
71	71	141	141	1.0	1/4	1/4	Chord	2/4	3	1	1/4	1/4	1	555														
72	72	142	142	1.0	0	0	Chord	2/4	1	1	1/4	1/4	1	556	cum									45				
72	72	143	143	0.5	1/4	1/4	Chord	2/4	1	1	1/8	1/8	1	557														
72	72	287/2	287/2	0.5	3/8	3/8	Chord	2/4	1	1	1/8	1/8	1	558	vi-													
72	72	285/2	285/2	0.5	1/8	1/8	Chord	2/4	2	1	1/8	1/8	1	559														
72	72	287/2	287/2	0.5	3/8	3/8	Chord	2/4	2	1	1/8	1/8	1	560														
72	72	142	142	1.0	0	0	Chord	2/4	3	1	1/4	1/4	1	561														
72	72	143	143	1.0	1/4	1/4	Chord	2/4	3	1	1/4	1/4	1	562														
73	73	144	144	0.5	0	0	Chord	2/4	1	1	1/8	1/8	1	563	-de-													
73	73	289/2	289/2	1.0	1/8	1/8	Chord	2/4	1	1	1/4	1/4	1	564	-bat,									46				
73	73	291/2	291/2	0.5	3/8	3/8	Chord	2/4	1	1	1/8	1/8	1	565														
73	73	289/2	289/2	0.5	1/8	1/8	Chord	2/4	2	1	1/8	1/8	1	566														
73	73	291/2	291/2	0.5	3/8	3/8	Chord	2/4	2	1	1/8	1/8	1	567														
73	73	144	144	1.0	0	0	Chord	2/4	3	1	1/4	1/4	1	568														
73	73	145	145	1.0	1/4	1/4	Chord	2/4	3	1	1/4	1/4	1	569														
74	74	146	146	0.25	0	0	Chord	2/4	1	1	1/16	1/16	1	570	cum									47				
74	74	585/4	585/4	0.25	1/16	1/16	Chord	2/4	1	1	1/16	1/16	1	571										47				
74	74	293/2	293/2	1.0	1/8	1/8	Chord	2/4	1	1	1/4	1/4	1	572														
74	74	295/2	295/2	0.25	3/8	3/8	Chord	2/4	1	1	1/16	1/16	1	573	vi-													
74	74	591/4	591/4	0.25	7/16	7/16	Chord	2/4	1	1	1/16	1/16	1	574														
74	74	293/2	293/2	0.5	1/8	1/8	Chord	2/4	2	1	1/8	1/8	1	575														
74	74	295/2	295/2	0.5	3/8	3/8	Chord	2/4	2	1	1/8	1/8	1	576														
74	74	146	146	1.0	0	0	Chord	2/4	3	1	1/4	1/4	1	577														
74	74	147	147	1.0	1/4	1/4	Chord	2/4	3	1	1/4	1/4	1	578														
75	75	148	148	0.25	0	0	Chord	2/4	1	1	1/16	1/16	1	579	-de-													
75	75	593/4	593/4	0.25	1/16	1/16	Chord	2/4	1	1	1/16	1/16	1	580														
75	75	297/2	297/2	0.5	1/8	1/8	Chord	2/4	1	1	1/8	1/8	1	581	-bat,													
75	75	148	148	0.5	0	0	Chord	2/4	2	1	1/8	1/8	1	582														
75	75	297/2	297/2	1.0	1/8	1/8	Chord	2/4	2	1	1/4	1/4	1	583			articAccentAbove											
75	75	299/2	299/2	0.5	3/8	3/8	Chord	2/4	2	1	1/8	1/8	1	584			articAccentAbove											
75	75	297/2	297/2	0.0	1/8	1/8	Dynamic	2/4	3	1	0					f												
75	75	297/2	297/2	0.5	1/8	1/8	Chord	2/4	3	1	1/8	1/8	1	585														
75	75	299/2	299/2	0.5	3/8	3/8	Chord	2/4	3	1	1/8	1/8	1	586														
75	75	148	148	1.0	0	0	Chord	2/4	3	2	1/4	1/4	1	587														
75	75	149	149	1.0	1/4	1/4	Chord	2/4	3	2	1/4	1/4	1	588														
76	76	150	150	0.5	0	0	Chord	2/4	2	1	1/8	1/8	1	589														
76	76	301/2	301/2	0.25	1/8	1/8	Chord	2/4	2	1	1/16	1/16	1	590										48				
76	76	603/4	603/4	0.25	3/16	3/16	Chord	2/4	2	1	1/16	1/16	1	591										48				
76	76	151	151	0.5	1/4	1/4	Chord	2/4	2	1	1/8	1/8	1	592										48				
76	76	303/2	303/2	0.25	3/8	3/8	Chord	2/4	2	1	1/16	1/16	1	593										48				
76	76	607/4	607/4	0.25	7/16	7/16	Chord	2/4	2	1	1/16	1/16	1	594														
76	76	150	150	1.0	0	0	Chord	2/4	2	2	1/4	1/4	1	595														
76	76	151	151	1.0	1/4	1/4	Chord	2/4	2	2	1/4	1/4	1	596														
76	76	301/2	301/2	0.5	1/8	1/8	Chord	2/4	3	1	1/8	1/8	1	597										49				
76	76	151	151	0.5	1/4	1/4	Chord	2/4	3	1	1/8	1/8	1	598										49				
76	76	303/2	303/2	0.5	3/8	3/8	Chord	2/4	3	1	1/8	1/8	1	599														
76	76	150	150	1.0	0	0	Chord	2/4	3	2	1/4	1/4	1	600														
76	76	151	151	1.0	1/4	1/4	Chord	2/4	3	2	1/4	1/4	1	601														
77	77	152	152	0.5	0	0	Chord	2/4	2	1	1/8	1/8	1	602														
77	77	305/2	305/2	0.25	1/8	1/8	Chord	2/4	2	1	1/16	1/16	1	603										50				
77	77	611/4	611/4	0.25	3/16	3/16	Chord	2/4	2	1	1/16	1/16	1	604														
77	77	307/2	307/2	0.5	3/8	3/8	Chord	2/4	2	1	1/8	1/8	1	605														
77	77	152	152	1.0	0	0	Chord	2/4	3	1	1/4	1/4	1	606														
77	77	153	153	1.0	1/4	1/4	Chord	2/4	3	1	1/4	1/4	1	607														
78	78	154	154	0.5	0	0	Chord	2/4	1	1	1/8	1/8	1	608	et		articStaccatissimoAbove											
78	78	309/2	309/2	1.0	1/8	1/8	Chord	2/4	1	1	1/4	1/4	1	609	tre-									51				
78	78	311/2	311/2	0.5	3/8	3/8	Chord	2/4	1	1	1/8	1/8	1	610														
78	78	309/2	309/2	0.5	1/8	1/8	Chord	2/4	2	1	1/8	1/8	1	611														
78	78	311/2	311/2	0.5	3/8	3/8	Chord	2/4	2	1	1/8	1/8	1	612														
78	78	154	154	0.0	0	0	Dynamic	2/4	3	1	0					p												
78	78	154	154	1.0	0	0	Chord	2/4	3	1	1/4	1/4	1	613														
78	78	155	155	1.0	1/4	1/4	Chord	2/4	3	1	1/4	1/4	1	614														
79	79	156	156	0.5	0	0	Chord	2/4	1	1	1/8	1/8	1	615	-me-		articStaccatissimoAbove											
79	79	313/2	313/2	1.5	1/8	1/8	Chord	2/4	1	1	3/8	1/4	3/2	616	-bat,		ornamentTrill											
79	79	313/2	313/2	0.5	1/8	1/8	Chord	2/4	2	1	1/8	1/8	1	617														
79	79	315/2	315/2	0.5	3/8	3/8	Chord	2/4	2	1	1/8	1/8	1	618														
79	79	156	156	1.0	0	0	Chord	2/4	3	1	1/4	1/4	1	619														
79	79	157	157	1.0	1/4	1/4	Chord	2/4	3	1	1/4	1/4	1	620														
80	80	158	158	0.5	0	0	Chord	2/4	1	1	1/8	1/8	1	621	cum		articStaccatissimoAbove											
80	80	317/2	317/2	1.0	1/8	1/8	Chord	2/4	1	1	1/4	1/4	1	622	vi-									52				
80	80	319/2	319/2	0.5	3/8	3/8	Chord	2/4	1	1	1/8	1/8	1	623														
80	80	317/2	317/2	0.5	1/8	1/8	Chord	2/4	2	1	1/8	1/8	1	624														
80	80	319/2	319/2	0.5	3/8	3/8	Chord	2/4	2	1	1/8	1/8	1	625														
80	80	158	158	0.0	0	0	Dynamic	2/4	3	1	0					pp												
80	80	158	158	1.0	0	0	Chord	2/4	3	1	1/4	1/4	1	626														
80	80	159	159	1.0	1/4	1/4	Chord	2/4	3	1	1/4	1/4	1	627														
81	81	160	160	0.5	0	0	Chord	2/4	1	1	1/8	1/8	1	628	-de-													
81	81	321/2	321/2	1.5	1/8	1/8	Chord	2/4	1	1	3/8	1/4	3/2	629	-bat													
81	81	321/2	321/2	0.5	1/8	1/8	Chord	2/4	2	1	1/8	1/8	1	630														
81	81	323/2	323/2	0.5	3/8	3/8	Chord	2/4	2	1	1/8	1/8	1	631														
81	81	160	160	1.0	0	0	Chord	2/4	3	1	1/4	1/4	1	632														
81	81	161	161	1.0	1/4	1/4	Chord	2/4	3	1	1/4	1/4	1	633														
82	82	162	162	0.0	0	0	Dynamic	2/4	1	1	0					p												
82	82	162	162	1.0	0	0	Chord	2/4	1	1	1/4	1/4	1	634	na-													
82	82	163	163	0.0	1/4	1/4	Spanner	2/4	1	1	0																	10
82	82	163	163	1.0	1/4	1/4	Chord	2/4	1	1	1/4	1/4	1	635	-ti													10
82	82	325/2	325/2	0.5	1/8	1/8	Chord	2/4	2	1	1/8	1/8	1	636														
82	82	327/2	327/2	0.5	3/8	3/8	Chord	2/4	2	1	1/8	1/8	1	637														
82	82	162	162	0.0	0	0	Dynamic	2/4	3	1	0					p												
82	82	162	162	0.0	0	0	Spanner	2/4	3	1	0																	11
82	82	162	162	1.0	0	0	Chord	2/4	3	1	1/4	1/4	1	638														11
82	82	163	163	1.0	1/4	1/4	Chord	2/4	3	1	1/4	1/4	1	639														11
83	83	164	164	1.0	0	0	Chord	2/4	1	1	1/4	1/4	1	640	p≈ì-													10
83	83	165	165	1.0	1/4	1/4	Chord	2/4	1	1	1/4	1/4	1	641	-nas,													10
83	83	329/2	329/2	0.5	1/8	1/8	Chord	2/4	2	1	1/8	1/8	1	642														
83	83	331/2	331/2	0.5	3/8	3/8	Chord	2/4	2	1	1/8	1/8	1	643														
83	83	164	164	1.0	0	0	Chord	2/4	3	1	1/4	1/4	1	644														11
83	83	165	165	1.0	1/4	1/4	Chord	2/4	3	1	1/4	1/4	1	645														11
84	84	166	166	0.0	0	0	Dynamic	2/4	1	1	0					f												
84	84	166	166	0.0	0	0	Spanner	2/4	1	1	0																	
84	84	166	166	1.0	0	0	Chord	2/4	1	1	1/4	1/4	1	646	na-													
84	84	167	167	1.0	1/4	1/4	Chord	2/4	1	1	1/4	1/4	1	647	-ti													
84	84	333/2	333/2	0.5	1/8	1/8	Chord	2/4	2	1	1/8	1/8	1	648														
84	84	335/2	335/2	0.5	3/8	3/8	Chord	2/4	2	1	1/8	1/8	1	649														
84	84	166	166	0.0	0	0	Dynamic	2/4	3	1	0					f												
84	84	166	166	0.0	0	0	Spanner	2/4	3	1	0																	
84	84	166	166	1.0	0	0	Chord	2/4	3	1	1/4	1/4	1	650														
84	84	167	167	1.0	1/4	1/4	Chord	2/4	3	1	1/4	1/4	1	651														
85	85	168	168	0.75	0	0	Chord	2/4	1	1	3/16	1/8	3/2	652	p≈ì-		ornamentTrill							53				
85	85	675/4	675/4	0.125	3/16	3/16	Chord	2/4	1	1	1/32	1/32	1	653										53				
85	85	1351/8	1351/8	0.125	7/32	7/32	Chord	2/4	1	1	1/32	1/32	1	654														
85	85	169	169	0.75	1/4	1/4	Chord	2/4	1	1	3/16	1/8	3/2	655	-nas		ornamentTrill							54				
85	85	679/4	679/4	0.125	7/16	7/16	Chord	2/4	1	1	1/32	1/32	1	656										54				
85	85	1359/8	1359/8	0.125	15/32	15/32	Chord	2/4	1	1	1/32	1/32	1	657														
85	85	337/2	337/2	0.5	1/8	1/8	Chord	2/4	2	1	1/8	1/8	1	658														
85	85	339/2	339/2	0.5	3/8	3/8	Chord	2/4	2	1	1/8	1/8	1	659														
85	85	168	168	1.0	0	0	Chord	2/4	3	1	1/4	1/4	1	660														
85	85	169	169	1.0	1/4	1/4	Chord	2/4	3	1	1/4	1/4	1	661														
86	86	170	170	1.0	0	0	Chord	2/4	1	1	1/4	1/4	1	662	in-									55				
86	86	171	171	0.5	1/4	1/4	Chord	2/4	1	1	1/8	1/8	1	663														
86	86	343/2	343/2	0.5	3/8	3/8	Chord	2/4	1	1	1/8	1/8	1	664	-cly-													
86	86	341/2	341/2	0.5	1/8	1/8	Chord	2/4	2	1	1/8	1/8	1	665														
86	86	343/2	343/2	0.5	3/8	3/8	Chord	2/4	2	1	1/8	1/8	1	666														
86	86	170	170	1.0	0	0	Chord	2/4	3	1	1/4	1/4	1	667														
86	86	171	171	1.0	1/4	1/4	Chord	2/4	3	1	1/4	1/4	1	668														
87	87	172	172	1.0	0	0	Chord	2/4	1	1	1/4	1/4	1	669	-ti.													
87	87	345/2	345/2	0.5	1/8	1/8	Chord	2/4	2	1	1/8	1/8	1	670														
87	87	347/2	347/2	0.5	3/8	3/8	Chord	2/4	2	1	1/8	1/8	1	671														
87	87	172	172	0.0	0	0	Spanner	2/4	3	1	0														5			
87	87	172	172	1.0	0	0	Chord	2/4	3	1	1/4	1/4	1	672											5			
87	87	173	173	1.0	1/4	1/4	Chord	2/4	3	1	1/4	1/4	1	673											5			
88	88	174	174	0.5	0	0	Chord	2/4	1	1	1/8	1/8	1	674	Et		articStaccatissimoAbove											
88	88	349/2	349/2	1.0	1/8	1/8	Chord	2/4	1	1	1/4	1/4	1	675	tre-									56				
88	88	351/2	351/2	0.5	3/8	3/8	Chord	2/4	1	1	1/8	1/8	1	676														
88	88	349/2	349/2	0.5	1/8	1/8	Chord	2/4	2	1	1/8	1/8	1	677														
88	88	351/2	351/2	0.5	3/8	3/8	Chord	2/4	2	1	1/8	1/8	1	678														
88	88	174	174	0.0	0	0	Dynamic	2/4	3	1	0					p												
88	88	174	174	0.0	0	0	Spanner	2/4	3	1	0																	
88	88	174	174	1.0	0	0	Chord	2/4	3	1	1/4	1/4	1	679														
88	88	175	175	1.0	1/4	1/4	Chord	2/4	3	1	1/4	1/4	1	680														
89	89	176	176	0.5	0	0	Chord	2/4	1	1	1/8	1/8	1	681	-me-													
89	89	353/2	353/2	1.5	1/8	1/8	Chord	2/4	1	1	3/8	1/4	3/2	682	-bat,													
89	89	353/2	353/2	0.5	1/8	1/8	Chord	2/4	2	1	1/8	1/8	1	683														
89	89	355/2	355/2	0.5	3/8	3/8	Chord	2/4	2	1	1/8	1/8	1	684														
89	89	176	176	1.0	0	0	Chord	2/4	3	1	1/4	1/4	1	685														
89	89	177	177	1.0	1/4	1/4	Chord	2/4	3	1	1/4	1/4	1	686														
90	90	178	178	0.5	0	0	Chord	2/4	1	1	1/8	1/8	1	687	cum		articStaccatissimoAbove											
90	90	357/2	357/2	1.0	1/8	1/8	Chord	2/4	1	1	1/4	1/4	1	688	vi-									57				
90	90	359/2	359/2	0.5	3/8	3/8	Chord	2/4	1	1	1/8	1/8	1	689														
90	90	357/2	357/2	0.5	1/8	1/8	Chord	2/4	2	1	1/8	1/8	1	690														
90	90	359/2	359/2	0.5	3/8	3/8	Chord	2/4	2	1	1/8	1/8	1	691														
90	90	178	178	0.0	0	0	Dynamic	2/4	3	1	0					pp												
90	90	178	178	1.0	0	0	Chord	2/4	3	1	1/4	1/4	1	692														
90	90	179	179	1.0	1/4	1/4	Chord	2/4	3	1	1/4	1/4	1	693														
91	91	180	180	0.5	0	0	Chord	2/4	1	1	1/8	1/8	1	694	-de-													
91	91	361/2	361/2	1.5	1/8	1/8	Chord	2/4	1	1	3/8	1/4	3/2	695	-bat													
91	91	361/2	361/2	0.5	1/8	1/8	Chord	2/4	2	1	1/8	1/8	1	696														
91	91	363/2	363/2	0.5	3/8	3/8	Chord	2/4	2	1	1/8	1/8	1	697														
91	91	180	180	1.0	0	0	Chord	2/4	3	1	1/4	1/4	1	698														
91	91	181	181	1.0	1/4	1/4	Chord	2/4	3	1	1/4	1/4	1	699														
92	92	182	182	0.0	0	0	Dynamic	2/4	1	1	0					p												
92	92	182	182	1.0	0	0	Chord	2/4	1	1	1/4	1/4	1	700	na-													
92	92	183	183	1.0	1/4	1/4	Chord	2/4	1	1	1/4	1/4	1	701	-ti													
92	92	365/2	365/2	0.5	1/8	1/8	Chord	2/4	2	1	1/8	1/8	1	702														
92	92	367/2	367/2	0.5	3/8	3/8	Chord	2/4	2	1	1/8	1/8	1	703														
92	92	182	182	0.0	0	0	Dynamic	2/4	3	1	0					p												
92	92	182	182	1.0	0	0	Chord	2/4	3	1	1/4	1/4	1	704														
92	92	183	183	1.0	1/4	1/4	Chord	2/4	3	1	1/4	1/4	1	705														
93	93	184	184	1.0	0	0	Chord	2/4	1	1	1/4	1/4	1	706	p≈ì-													
93	93	185	185	1.0	1/4	1/4	Chord	2/4	1	1	1/4	1/4	1	707	-nas													
93	93	369/2	369/2	0.5	1/8	1/8	Chord	2/4	2	1	1/8	1/8	1	708														
93	93	371/2	371/2	0.5	3/8	3/8	Chord	2/4	2	1	1/8	1/8	1	709														
93	93	184	184	1.0	0	0	Chord	2/4	3	1	1/4	1/4	1	710														
93	93	185	185	1.0	1/4	1/4	Chord	2/4	3	1	1/4	1/4	1	711														
94	94	186	186	0.0	0	0	Dynamic	2/4	1	1	0					f												
94	94	186	186	1.0	0	0	Chord	2/4	1	1	1/4	1/4	1	712	na-													
94	94	187	187	1.0	1/4	1/4	Chord	2/4	1	1	1/4	1/4	1	713	-ti													
94	94	373/2	373/2	0.5	1/8	1/8	Chord	2/4	2	1	1/8	1/8	1	714														
94	94	375/2	375/2	0.5	3/8	3/8	Chord	2/4	2	1	1/8	1/8	1	715														
94	94	186	186	0.0	0	0	Dynamic	2/4	3	1	0					f												
94	94	186	186	1.0	0	0	Chord	2/4	3	1	1/4	1/4	1	716														
94	94	187	187	1.0	1/4	1/4	Chord	2/4	3	1	1/4	1/4	1	717														
95	95	188	188	0.25	0	0	Chord	2/4	1	1	1/16	1/16	1	718	p≈ì-									58				
95	95	753/4	753/4	0.25	1/16	1/16	Chord	2/4	1	1	1/16	1/16	1	719										58				
95	95	377/2	377/2	0.25	1/8	1/8	Chord	2/4	1	1	1/16	1/16	1	720										58				
95	95	755/4	755/4	0.25	3/16	3/16	Chord	2/4	1	1	1/16	1/16	1	721														
95	95	189	189	0.75	1/4	1/4	Chord	2/4	1	1	3/16	1/8	3/2	722	-nas									59				
95	95	759/4	759/4	0.125	7/16	7/16	Chord	2/4	1	1	1/32	1/32	1	723										59				
95	95	1519/8	1519/8	0.125	15/32	15/32	Chord	2/4	1	1	1/32	1/32	1	724														
95	95	377/2	377/2	0.5	1/8	1/8	Chord	2/4	2	1	1/8	1/8	1	725														
95	95	379/2	379/2	0.5	3/8	3/8	Chord	2/4	2	1	1/8	1/8	1	726														
95	95	188	188	1.0	0	0	Chord	2/4	3	1	1/4	1/4	1	727														
95	95	189	189	1.0	1/4	1/4	Chord	2/4	3	1	1/4	1/4	1	728														
96	96	190	190	1.0	0	0	Chord	2/4	1	1	1/4	1/4	1	729	in-									60				
96	96	191	191	0.5	1/4	1/4	Chord	2/4	1	1	1/8	1/8	1	730														
96	96	383/2	383/2	0.5	3/8	3/8	Chord	2/4	1	1	1/8	1/8	1	731	-cly-													
96	96	381/2	381/2	0.5	1/8	1/8	Chord	2/4	2	1	1/8	1/8	1	732														
96	96	383/2	383/2	0.5	3/8	3/8	Chord	2/4	2	1	1/8	1/8	1	733														
96	96	190	190	0.0	0	0	Spanner	2/4	3	1	0														6			
96	96	190	190	1.0	0	0	Chord	2/4	3	1	1/4	1/4	1	734											6			
96	96	191	191	1.0	1/4	1/4	Chord	2/4	3	1	1/4	1/4	1	735											6			
97	97	192	192	1.0	0	0	Chord	2/4	1	1	1/4	1/4	1	736	-ti.													
97	97	192	192	0.5	0	0	Chord	2/4	2	1	1/8	1/8	1	737														
97	97	385/2	385/2	1.0	1/8	1/8	Chord	2/4	2	1	1/4	1/4	1	738			articAccentAbove											
97	97	387/2	387/2	0.5	3/8	3/8	Chord	2/4	2	1	1/8	1/8	1	739			articAccentAbove											
97	97	192	192	0.0	0	0	Spanner	2/4	3	1	0																	
97	97	385/2	385/2	0.0	1/8	1/8	Dynamic	2/4	3	1	0					f												
97	97	385/2	385/2	0.5	1/8	1/8	Chord	2/4	3	1	1/8	1/8	1	740														
97	97	387/2	387/2	0.5	3/8	3/8	Chord	2/4	3	1	1/8	1/8	1	741														
97	97	192	192	1.0	0	0	Chord	2/4	3	2	1/4	1/4	1	742														
97	97	193	193	1.0	1/4	1/4	Chord	2/4	3	2	1/4	1/4	1	743														
98	98	194	194	0.5	0	0	Chord	2/4	2	1	1/8	1/8	1	744														
98	98	389/2	389/2	0.25	1/8	1/8	Chord	2/4	2	1	1/16	1/16	1	745										61				
98	98	779/4	779/4	0.25	3/16	3/16	Chord	2/4	2	1	1/16	1/16	1	746										61				
98	98	195	195	0.5	1/4	1/4	Chord	2/4	2	1	1/8	1/8	1	747										61				
98	98	391/2	391/2	0.25	3/8	3/8	Chord	2/4	2	1	1/16	1/16	1	748										61				
98	98	783/4	783/4	0.25	7/16	7/16	Chord	2/4	2	1	1/16	1/16	1	749														
98	98	194	194	1.0	0	0	Chord	2/4	2	2	1/4	1/4	1	750														
98	98	195	195	1.0	1/4	1/4	Chord	2/4	2	2	1/4	1/4	1	751														
98	98	389/2	389/2	0.5	1/8	1/8	Chord	2/4	3	1	1/8	1/8	1	752										62				
98	98	195	195	0.5	1/4	1/4	Chord	2/4	3	1	1/8	1/8	1	753										62				
98	98	391/2	391/2	0.5	3/8	3/8	Chord	2/4	3	1	1/8	1/8	1	754														
98	98	194	194	1.0	0	0	Chord	2/4	3	2	1/4	1/4	1	755														
98	98	195	195	1.0	1/4	1/4	Chord	2/4	3	2	1/4	1/4	1	756														
99	99	196	196	0.5	0	0	Chord	2/4	2	1	1/8	1/8	1	757														
99	99	393/2	393/2	1.0	1/8	1/8	Chord	2/4	2	1	1/4	1/4	1	758			articAccentAbove											
99	99	395/2	395/2	0.5	3/8	3/8	Chord	2/4	2	1	1/8	1/8	1	759			articAccentAbove											
99	99	393/2	393/2	0.0	1/8	1/8	Dynamic	2/4	3	1	0					p												
99	99	393/2	393/2	0.5	1/8	1/8	Chord	2/4	3	1	1/8	1/8	1	760														
99	99	395/2	395/2	0.5	3/8	3/8	Chord	2/4	3	1	1/8	1/8	1	761														
99	99	196	196	1.0	0	0	Chord	2/4	3	2	1/4	1/4	1	762														
99	99	197	197	1.0	1/4	1/4	Chord	2/4	3	2	1/4	1/4	1	763														
100	100	198	198	0.5	0	0	Chord	2/4	2	1	1/8	1/8	1	764														
100	100	397/2	397/2	0.25	1/8	1/8	Chord	2/4	2	1	1/16	1/16	1	765										63				
100	100	795/4	795/4	0.25	3/16	3/16	Chord	2/4	2	1	1/16	1/16	1	766										63				
100	100	199	199	0.5	1/4	1/4	Chord	2/4	2	1	1/8	1/8	1	767										63				
100	100	399/2	399/2	0.25	3/8	3/8	Chord	2/4	2	1	1/16	1/16	1	768										63				
100	100	799/4	799/4	0.25	7/16	7/16	Chord	2/4	2	1	1/16	1/16	1	769														
100	100	198	198	0.5	0	0	Chord	2/4	2	2	1/8	1/8	1	770														
100	100	397/2	397/2	0.5	1/8	1/8	Chord	2/4	2	2	1/8	1/8	1	771														
100	100	199	199	0.5	1/4	1/4	Chord	2/4	2	2	1/8	1/8	1	772														
100	100	399/2	399/2	0.5	3/8	3/8	Chord	2/4	2	2	1/8	1/8	1	773														
100	100	397/2	397/2	0.5	1/8	1/8	Chord	2/4	3	1	1/8	1/8	1	774										64				
100	100	199	199	0.5	1/4	1/4	Chord	2/4	3	1	1/8	1/8	1	775										64				
100	100	399/2	399/2	0.5	3/8	3/8	Chord	2/4	3	1	1/8	1/8	1	776														
100	100	198	198	1.0	0	0	Chord	2/4	3	2	1/4	1/4	1	777														
100	100	199	199	1.0	1/4	1/4	Chord	2/4	3	2	1/4	1/4	1	778														
101	101	200	200	0.5	0	0	Chord	2/4	2	1	1/8	1/8	1	779														
101	101	401/2	401/2	0.25	1/8	1/8	Chord	2/4	2	1	1/16	1/16	1	780			articAccentAbove							65				
101	101	803/4	803/4	0.25	3/16	3/16	Chord	2/4	2	1	1/16	1/16	1	781										65				
101	101	201	201	0.5	1/4	1/4	Chord	2/4	2	1	1/8	1/8	1	782														
101	101	403/2	403/2	0.25	3/8	3/8	Chord	2/4	2	1	1/16	1/16	1	783			articAccentAbove							66				
101	101	807/4	807/4	0.25	7/16	7/16	Chord	2/4	2	1	1/16	1/16	1	784										66				
101	101	200	200	0.5	0	0	Chord	2/4	2	2	1/8	1/8	1	785														
101	101	401/2	401/2	0.5	1/8	1/8	Chord	2/4	2	2	1/8	1/8	1	786														
101	101	201	201	0.5	1/4	1/4	Chord	2/4	2	2	1/8	1/8	1	787														
101	101	403/2	403/2	0.5	3/8	3/8	Chord	2/4	2	2	1/8	1/8	1	788														
101	101	200	200	0.5	0	0	Chord	2/4	3	1	1/8	1/8	1	789														
101	101	401/2	401/2	0.0	1/8	1/8	Dynamic	2/4	3	1	0					ff												
101	101	200	200	0.5	0	0	Chord	2/4	3	2	1/8	1/8	1	790														
102	102	202	202	0.5	0	0	Chord	2/4	2	1	1/8	1/8	1	791														
102	102	405/2	405/2	0.5	1/8	1/8	Chord	2/4	2	1	1/8	1/8	1	792			articAccentAbove											
102	102	203	203	0.5	1/4	1/4	Chord	2/4	2	1	1/8	1/8	1	793			articAccentBelow											
102	102	407/2	407/2	0.5	3/8	3/8	Chord	2/4	2	1	1/8	1/8	1	794			articAccentBelow											
102	102	202	202	0.5	0	0	Chord	2/4	2	2	1/8	1/8	1	795														
102	102	405/2	405/2	0.25	1/8	1/8	Chord	2/4	2	2	1/16	1/16	1	796														
102	102	811/4	811/4	0.25	3/16	3/16	Chord	2/4	2	2	1/16	1/16	1	797														
102	102	405/2	405/2	0.5	1/8	1/8	Chord	2/4	3	1	1/8	1/8	1	798														
102	102	203	203	0.5	1/4	1/4	Chord	2/4	3	1	1/8	1/8	1	799														
102	102	407/2	407/2	0.5	3/8	3/8	Chord	2/4	3	1	1/8	1/8	1	800														
103	103	204	204	1.0	0	0	Chord	2/4	2	1	1/4	1/4	1	801														
103	103	204	204	1.0	0	0	Chord	2/4	3	1	1/4	1/4	1	802														
