mc	mn	quarterbeats	quarterbeats_all_endings	duration_qb	mc_onset	mn_onset	event	timesig	staff	voice	duration	gracenote	nominal_duration	scalar	chord_id	lyrics_1	dynamics	articulation	staff_text	tempo	qpm	metronome_base	metronome_number	tempo_visible	slur	crescendo_hairpin	decrescendo_hairpin	diminuendo_line	HairPin:3_dim. e rit.	crescendo_line
1	1	0	0	0.0	0	0	Tempo	4/4	1	1	0									Largo	35.0			1.0						
1	1	0	0	0.0	0	0	StaffText	4/4	1	1	0								Sopr. Solo											
1	1	0	0	0.0	0	0	Dynamic	4/4	1	1	0						p													
1	1	0	0	0.0	0	0	Tempo	4/4	1	1	0									ùÖü=76	76.0	ùÖü	76.0	0.0						
1	1	0	0	1.5	0	0	Chord	4/4	1	1	3/8		1/4	3/2	0	Quis														
1	1	3/2	3/2	0.5	3/8	3/8	Chord	4/4	1	1	1/8		1/8	1	1	est														
1	1	2	2	0.25	1/2	1/2	Chord	4/4	1	1	1/16		1/16	1	2	ho-									0					
1	1	9/4	9/4	0.25	9/16	9/16	Chord	4/4	1	1	1/16		1/16	1	3															
1	1	5/2	5/2	0.0	5/8	5/8	Chord	4/4	1	1	0	appoggiatura	1/8	1	4															
1	1	5/2	5/2	1.0	5/8	5/8	Chord	4/4	1	1	1/4		1/4	1	5	-mo,														
1	1	0	0	0.5	0	0	Chord	4/4	3	1	1/8		1/8	1	6															
1	1	1/2	1/2	0.5	1/8	1/8	Chord	4/4	3	1	1/8		1/8	1	7															
1	1	1	1	0.5	1/4	1/4	Chord	4/4	3	1	1/8		1/8	1	8															
1	1	3/2	3/2	0.5	3/8	3/8	Chord	4/4	3	1	1/8		1/8	1	9															
1	1	2	2	0.5	1/2	1/2	Chord	4/4	3	1	1/8		1/8	1	10															
1	1	5/2	5/2	0.5	5/8	5/8	Chord	4/4	3	1	1/8		1/8	1	11															
1	1	3	3	0.5	3/4	3/4	Chord	4/4	3	1	1/8		1/8	1	12															
1	1	7/2	7/2	0.5	7/8	7/8	Chord	4/4	3	1	1/8		1/8	1	13															
1	1	0	0	0.0	0	0	Dynamic	4/4	4	1	0						p													
1	1	0	0	0.5	0	0	Chord	4/4	4	1	1/8		1/8	1	14															
1	1	1/2	1/2	0.5	1/8	1/8	Chord	4/4	4	1	1/8		1/8	1	15															
1	1	1	1	0.5	1/4	1/4	Chord	4/4	4	1	1/8		1/8	1	16															
1	1	3/2	3/2	0.5	3/8	3/8	Chord	4/4	4	1	1/8		1/8	1	17															
1	1	2	2	0.5	1/2	1/2	Chord	4/4	4	1	1/8		1/8	1	18															
1	1	5/2	5/2	0.5	5/8	5/8	Chord	4/4	4	1	1/8		1/8	1	19															
1	1	3	3	0.5	3/4	3/4	Chord	4/4	4	1	1/8		1/8	1	20															
1	1	7/2	7/2	0.5	7/8	7/8	Chord	4/4	4	1	1/8		1/8	1	21															
2	2	4	4	1.0	0	0	Chord	4/4	1	1	1/4		1/4	1	22	qui														
2	2	5	5	1.0	1/4	1/4	Chord	4/4	1	1	1/4		1/4	1	23	non														
2	2	6	6	0.5	1/2	1/2	Chord	4/4	1	1	1/8		1/8	1	24	fle-														
2	2	13/2	13/2	0.0	5/8	5/8	Chord	4/4	1	1	0	appoggiatura	1/8	1	25															
2	2	13/2	13/2	1.5	5/8	5/8	Chord	4/4	1	1	3/8		1/4	3/2	26	-ret,														
2	2	4	4	0.5	0	0	Chord	4/4	3	1	1/8		1/8	1	27															
2	2	9/2	9/2	0.5	1/8	1/8	Chord	4/4	3	1	1/8		1/8	1	28															
2	2	5	5	0.5	1/4	1/4	Chord	4/4	3	1	1/8		1/8	1	29															
2	2	11/2	11/2	0.5	3/8	3/8	Chord	4/4	3	1	1/8		1/8	1	30															
2	2	6	6	0.5	1/2	1/2	Chord	4/4	3	1	1/8		1/8	1	31															
2	2	13/2	13/2	0.5	5/8	5/8	Chord	4/4	3	1	1/8		1/8	1	32															
2	2	7	7	0.5	3/4	3/4	Chord	4/4	3	1	1/8		1/8	1	33															
2	2	15/2	15/2	0.5	7/8	7/8	Chord	4/4	3	1	1/8		1/8	1	34															
2	2	4	4	0.5	0	0	Chord	4/4	4	1	1/8		1/8	1	35															
2	2	9/2	9/2	0.5	1/8	1/8	Chord	4/4	4	1	1/8		1/8	1	36															
2	2	5	5	0.5	1/4	1/4	Chord	4/4	4	1	1/8		1/8	1	37															
2	2	11/2	11/2	0.5	3/8	3/8	Chord	4/4	4	1	1/8		1/8	1	38															
2	2	6	6	0.5	1/2	1/2	Chord	4/4	4	1	1/8		1/8	1	39															
2	2	13/2	13/2	0.5	5/8	5/8	Chord	4/4	4	1	1/8		1/8	1	40															
2	2	7	7	0.5	3/4	3/4	Chord	4/4	4	1	1/8		1/8	1	41															
2	2	15/2	15/2	0.5	7/8	7/8	Chord	4/4	4	1	1/8		1/8	1	42															
3	3	8	8	1.5	0	0	Chord	4/4	1	1	3/8		1/4	3/2	43	Chri-														
3	3	19/2	19/2	0.5	3/8	3/8	Chord	4/4	1	1	1/8		1/8	1	44	-sti														
3	3	10	10	0.0	1/2	1/2	Chord	4/4	1	1	0	appoggiatura	1/8	1	45															
3	3	10	10	1.5	1/2	1/2	Chord	4/4	1	1	3/8		1/4	3/2	46	ma-														
3	3	23/2	23/2	0.5	7/8	7/8	Chord	4/4	1	1	1/8		1/8	1	47	-trem														
3	3	8	8	0.5	0	0	Chord	4/4	3	1	1/8		1/8	1	48															
3	3	17/2	17/2	0.5	1/8	1/8	Chord	4/4	3	1	1/8		1/8	1	49															
3	3	9	9	0.5	1/4	1/4	Chord	4/4	3	1	1/8		1/8	1	50															
3	3	19/2	19/2	0.5	3/8	3/8	Chord	4/4	3	1	1/8		1/8	1	51															
3	3	10	10	0.5	1/2	1/2	Chord	4/4	3	1	1/8		1/8	1	52															
3	3	21/2	21/2	0.5	5/8	5/8	Chord	4/4	3	1	1/8		1/8	1	53															
3	3	11	11	0.5	3/4	3/4	Chord	4/4	3	1	1/8		1/8	1	54															
3	3	23/2	23/2	0.5	7/8	7/8	Chord	4/4	3	1	1/8		1/8	1	55															
3	3	8	8	0.5	0	0	Chord	4/4	4	1	1/8		1/8	1	56															
3	3	17/2	17/2	0.5	1/8	1/8	Chord	4/4	4	1	1/8		1/8	1	57															
3	3	9	9	0.5	1/4	1/4	Chord	4/4	4	1	1/8		1/8	1	58															
3	3	19/2	19/2	0.5	3/8	3/8	Chord	4/4	4	1	1/8		1/8	1	59															
3	3	10	10	0.5	1/2	1/2	Chord	4/4	4	1	1/8		1/8	1	60															
3	3	21/2	21/2	0.5	5/8	5/8	Chord	4/4	4	1	1/8		1/8	1	61															
3	3	11	11	0.5	3/4	3/4	Chord	4/4	4	1	1/8		1/8	1	62															
3	3	23/2	23/2	0.5	7/8	7/8	Chord	4/4	4	1	1/8		1/8	1	63															
4	4	12	12	1.0	0	0	Chord	4/4	1	1	1/4		1/4	1	64	si														
4	4	13	13	1.0	1/4	1/4	Chord	4/4	1	1	1/4		1/4	1	65	vi-														
4	4	14	14	0.5	1/2	1/2	Chord	4/4	1	1	1/8		1/8	1	66	-de-														
4	4	29/2	29/2	0.5	5/8	5/8	Chord	4/4	1	1	1/8		1/8	1	67	-ret														
4	4	31/2	31/2	0.5	7/8	7/8	Chord	4/4	1	1	1/8		1/8	1	68	in														
4	4	12	12	0.5	0	0	Chord	4/4	3	1	1/8		1/8	1	69															
4	4	25/2	25/2	0.5	1/8	1/8	Chord	4/4	3	1	1/8		1/8	1	70															
4	4	13	13	0.5	1/4	1/4	Chord	4/4	3	1	1/8		1/8	1	71															
4	4	27/2	27/2	0.5	3/8	3/8	Chord	4/4	3	1	1/8		1/8	1	72															
4	4	14	14	0.5	1/2	1/2	Chord	4/4	3	1	1/8		1/8	1	73															
4	4	29/2	29/2	0.5	5/8	5/8	Chord	4/4	3	1	1/8		1/8	1	74															
4	4	25/2	25/2	0.5	1/8	1/8	Chord	4/4	4	1	1/8		1/8	1	75															
4	4	13	13	0.5	1/4	1/4	Chord	4/4	4	1	1/8		1/8	1	76															
4	4	27/2	27/2	0.5	3/8	3/8	Chord	4/4	4	1	1/8		1/8	1	77															
4	4	14	14	1.0	1/2	1/2	Chord	4/4	4	1	1/4		1/4	1	78															
4	4	14	14	0.5	1/2	1/2	Chord	4/4	4	2	1/8		1/8	1	79															
4	4	29/2	29/2	0.5	5/8	5/8	Chord	4/4	4	2	1/8		1/8	1	80															
5	5	16	16	4.0	0	0	Chord	4/4	1	1	1		1	1	81	tan-														
5	5	16	16	0.0	0	0	Dynamic	4/4	3	1	0						p													
5	5	16	16	0.0	0	0	Spanner	4/4	3	1	0															0				
5	5	16	16	4.0	0	0	Chord	4/4	3	1	1		1	1	82											0				
5	5	17	17	1.0	1/4	1/4	Chord	4/4	3	2	1/4		1/4	1	83											0				
5	5	18	18	1.0	1/2	1/2	Chord	4/4	3	2	1/4		1/4	1	84											0				
5	5	19	19	1.0	3/4	3/4	Chord	4/4	3	2	1/4		1/4	1	85											0				
5	5	17	17	1.0	1/4	1/4	Chord	4/4	4	1	1/4		1/4	1	86															
5	5	18	18	1.0	1/2	1/2	Chord	4/4	4	1	1/4		1/4	1	87															
5	5	19	19	1.0	3/4	3/4	Chord	4/4	4	1	1/4		1/4	1	88															
6	6	20	20	1.0	0	0	Chord	4/4	1	1	1/4		1/4	1	89															
6	6	21	21	0.125	1/4	1/4	Chord	4/4	1	1	1/32		1/32	1	90	-to									1					
6	6	169/8	169/8	0.375	9/32	9/32	Chord	4/4	1	1	3/32		1/16	3/2	91															
6	6	43/2	43/2	0.125	3/8	3/8	Chord	4/4	1	1	1/32		1/32	1	92	sup-									2					
6	6	173/8	173/8	0.375	13/32	13/32	Chord	4/4	1	1	3/32		1/16	3/2	93															
6	6	22	22	0.0	1/2	1/2	Chord	4/4	1	1	0	appoggiatura	1/8	1	94															
6	6	22	22	0.75	1/2	1/2	Chord	4/4	1	1	3/16		1/8	3/2	95	-pli-														
6	6	91/4	91/4	0.25	11/16	11/16	Chord	4/4	1	1	1/16		1/16	1	96	-ci-														
6	6	23	23	1.0	3/4	3/4	Chord	4/4	1	1	1/4		1/4	1	97	-o?														
6	6	20	20	0.0	0	0	Spanner	4/4	3	1	0																			
6	6	20	20	0.0	0	0	Spanner	4/4	3	1	0																0			
6	6	20	20	1.0	0	0	Chord	4/4	3	1	1/4		1/4	1	98												0			
6	6	21	21	0.5	1/4	1/4	Chord	4/4	3	1	1/8		1/8	1	99										3		0			
6	6	43/2	43/2	0.5	3/8	3/8	Chord	4/4	3	1	1/8		1/8	1	100										3		0			
6	6	22	22	0.0	1/2	1/2	Dynamic	4/4	3	1	0						pp													
6	6	22	22	0.0	1/2	1/2	Spanner	4/4	3	1	0																			
6	6	22	22	2.0	1/2	1/2	Chord	4/4	3	1	1/2		1/2	1	101															
6	6	20	20	2.0	0	0	Chord	4/4	3	2	1/2		1/2	1	102															
6	6	22	22	2.0	1/2	1/2	Chord	4/4	3	2	1/2		1/2	1	103															
6	6	20	20	1.0	0	0	Chord	4/4	4	1	1/4		1/4	1	104															
6	6	21	21	1.0	1/4	1/4	Chord	4/4	4	1	1/4		1/4	1	105															
6	6	22	22	2.0	1/2	1/2	Chord	4/4	4	1	1/2		1/2	1	106															
6	6	22	22	2.0	1/2	1/2	Chord	4/4	4	3	1/2		1/2	1	107															
7	7	24	24	0.0	0	0	Dynamic	4/4	2	1	0						p													
7	7	24	24	0.0	0	0	StaffText	4/4	2	1	0								Alto. Solo											
7	7	24	24	1.5	0	0	Chord	4/4	2	1	3/8		1/4	3/2	108	Quis														
7	7	51/2	51/2	0.5	3/8	3/8	Chord	4/4	2	1	1/8		1/8	1	109	non														
7	7	26	26	0.25	1/2	1/2	Chord	4/4	2	1	1/16		1/16	1	110	pos-														
7	7	105/4	105/4	0.25	9/16	9/16	Chord	4/4	2	1	1/16		1/16	1	111															
7	7	53/2	53/2	0.0	5/8	5/8	Chord	4/4	2	1	0	appoggiatura	1/8	1	112															
7	7	53/2	53/2	1.0	5/8	5/8	Chord	4/4	2	1	1/4		1/4	1	113	-set														
7	7	24	24	0.0	0	0	StaffText	4/4	3	1	0								a tempo											
7	7	24	24	0.5	0	0	Chord	4/4	3	1	1/8		1/8	1	114															
7	7	49/2	49/2	0.5	1/8	1/8	Chord	4/4	3	1	1/8		1/8	1	115															
7	7	25	25	0.5	1/4	1/4	Chord	4/4	3	1	1/8		1/8	1	116															
7	7	51/2	51/2	0.5	3/8	3/8	Chord	4/4	3	1	1/8		1/8	1	117															
7	7	26	26	0.5	1/2	1/2	Chord	4/4	3	1	1/8		1/8	1	118															
7	7	53/2	53/2	0.5	5/8	5/8	Chord	4/4	3	1	1/8		1/8	1	119															
7	7	27	27	0.5	3/4	3/4	Chord	4/4	3	1	1/8		1/8	1	120															
7	7	55/2	55/2	0.5	7/8	7/8	Chord	4/4	3	1	1/8		1/8	1	121															
7	7	24	24	0.0	0	0	Dynamic	4/4	4	1	0						p													
7	7	24	24	0.5	0	0	Chord	4/4	4	1	1/8		1/8	1	122															
7	7	49/2	49/2	0.5	1/8	1/8	Chord	4/4	4	1	1/8		1/8	1	123															
7	7	25	25	0.5	1/4	1/4	Chord	4/4	4	1	1/8		1/8	1	124															
7	7	51/2	51/2	0.5	3/8	3/8	Chord	4/4	4	1	1/8		1/8	1	125															
7	7	26	26	0.5	1/2	1/2	Chord	4/4	4	1	1/8		1/8	1	126															
7	7	53/2	53/2	0.5	5/8	5/8	Chord	4/4	4	1	1/8		1/8	1	127															
7	7	27	27	0.5	3/4	3/4	Chord	4/4	4	1	1/8		1/8	1	128															
7	7	55/2	55/2	0.5	7/8	7/8	Chord	4/4	4	1	1/8		1/8	1	129															
8	8	28	28	1.0	0	0	Chord	4/4	2	1	1/4		1/4	1	130	con-														
8	8	29	29	1.0	1/4	1/4	Chord	4/4	2	1	1/4		1/4	1	131	-tri-														
8	8	30	30	0.5	1/2	1/2	Chord	4/4	2	1	1/8		1/8	1	132	-sta-														
8	8	61/2	61/2	0.0	5/8	5/8	Chord	4/4	2	1	0	appoggiatura	1/8	1	133															
8	8	61/2	61/2	1.5	5/8	5/8	Chord	4/4	2	1	3/8		1/4	3/2	134	-ri,														
8	8	28	28	0.5	0	0	Chord	4/4	3	1	1/8		1/8	1	135															
8	8	57/2	57/2	0.5	1/8	1/8	Chord	4/4	3	1	1/8		1/8	1	136															
8	8	29	29	0.5	1/4	1/4	Chord	4/4	3	1	1/8		1/8	1	137															
8	8	59/2	59/2	0.5	3/8	3/8	Chord	4/4	3	1	1/8		1/8	1	138															
8	8	30	30	0.5	1/2	1/2	Chord	4/4	3	1	1/8		1/8	1	139															
8	8	61/2	61/2	0.5	5/8	5/8	Chord	4/4	3	1	1/8		1/8	1	140															
8	8	31	31	0.5	3/4	3/4	Chord	4/4	3	1	1/8		1/8	1	141															
8	8	63/2	63/2	0.5	7/8	7/8	Chord	4/4	3	1	1/8		1/8	1	142															
8	8	28	28	0.5	0	0	Chord	4/4	4	1	1/8		1/8	1	143															
8	8	57/2	57/2	0.5	1/8	1/8	Chord	4/4	4	1	1/8		1/8	1	144															
8	8	29	29	0.5	1/4	1/4	Chord	4/4	4	1	1/8		1/8	1	145															
8	8	59/2	59/2	0.5	3/8	3/8	Chord	4/4	4	1	1/8		1/8	1	146															
8	8	30	30	0.5	1/2	1/2	Chord	4/4	4	1	1/8		1/8	1	147															
8	8	61/2	61/2	0.5	5/8	5/8	Chord	4/4	4	1	1/8		1/8	1	148															
8	8	31	31	0.5	3/4	3/4	Chord	4/4	4	1	1/8		1/8	1	149															
8	8	63/2	63/2	0.5	7/8	7/8	Chord	4/4	4	1	1/8		1/8	1	150															
9	9	32	32	1.5	0	0	Chord	4/4	2	1	3/8		1/4	3/2	151	pi-														
9	9	67/2	67/2	0.5	3/8	3/8	Chord	4/4	2	1	1/8		1/8	1	152	-am														
9	9	34	34	0.0	1/2	1/2	Chord	4/4	2	1	0	appoggiatura	1/8	1	153															
9	9	34	34	1.5	1/2	1/2	Chord	4/4	2	1	3/8		1/4	3/2	154	ma-														
9	9	71/2	71/2	0.5	7/8	7/8	Chord	4/4	2	1	1/8		1/8	1	155	-trem														
9	9	32	32	0.5	0	0	Chord	4/4	3	1	1/8		1/8	1	156															
9	9	65/2	65/2	0.5	1/8	1/8	Chord	4/4	3	1	1/8		1/8	1	157															
9	9	33	33	0.5	1/4	1/4	Chord	4/4	3	1	1/8		1/8	1	158															
9	9	67/2	67/2	0.5	3/8	3/8	Chord	4/4	3	1	1/8		1/8	1	159															
9	9	34	34	0.5	1/2	1/2	Chord	4/4	3	1	1/8		1/8	1	160															
9	9	69/2	69/2	0.5	5/8	5/8	Chord	4/4	3	1	1/8		1/8	1	161															
9	9	35	35	0.5	3/4	3/4	Chord	4/4	3	1	1/8		1/8	1	162															
9	9	71/2	71/2	0.5	7/8	7/8	Chord	4/4	3	1	1/8		1/8	1	163															
9	9	32	32	0.5	0	0	Chord	4/4	4	1	1/8		1/8	1	164															
9	9	65/2	65/2	0.5	1/8	1/8	Chord	4/4	4	1	1/8		1/8	1	165															
9	9	33	33	0.5	1/4	1/4	Chord	4/4	4	1	1/8		1/8	1	166															
9	9	67/2	67/2	0.5	3/8	3/8	Chord	4/4	4	1	1/8		1/8	1	167															
9	9	34	34	0.5	1/2	1/2	Chord	4/4	4	1	1/8		1/8	1	168															
9	9	69/2	69/2	0.5	5/8	5/8	Chord	4/4	4	1	1/8		1/8	1	169															
9	9	35	35	0.5	3/4	3/4	Chord	4/4	4	1	1/8		1/8	1	170															
9	9	71/2	71/2	0.5	7/8	7/8	Chord	4/4	4	1	1/8		1/8	1	171															
10	10	36	36	1.0	0	0	Chord	4/4	2	1	1/4		1/4	1	172	con-														
10	10	37	37	1.0	1/4	1/4	Chord	4/4	2	1	1/4		1/4	1	173	-tem-														
10	10	38	38	0.5	1/2	1/2	Chord	4/4	2	1	1/8		1/8	1	174	-pla-														
10	10	77/2	77/2	0.5	5/8	5/8	Chord	4/4	2	1	1/8		1/8	1	175	-ri														
10	10	79/2	79/2	0.5	7/8	7/8	Chord	4/4	2	1	1/8		1/8	1	176	do-														
10	10	36	36	0.5	0	0	Chord	4/4	3	1	1/8		1/8	1	177															
10	10	73/2	73/2	0.5	1/8	1/8	Chord	4/4	3	1	1/8		1/8	1	178															
10	10	37	37	0.5	1/4	1/4	Chord	4/4	3	1	1/8		1/8	1	179															
10	10	75/2	75/2	0.5	3/8	3/8	Chord	4/4	3	1	1/8		1/8	1	180															
10	10	38	38	0.5	1/2	1/2	Chord	4/4	3	1	1/8		1/8	1	181															
10	10	77/2	77/2	0.5	5/8	5/8	Chord	4/4	3	1	1/8		1/8	1	182															
10	10	73/2	73/2	0.5	1/8	1/8	Chord	4/4	4	1	1/8		1/8	1	183															
10	10	37	37	0.5	1/4	1/4	Chord	4/4	4	1	1/8		1/8	1	184															
10	10	75/2	75/2	0.5	3/8	3/8	Chord	4/4	4	1	1/8		1/8	1	185															
10	10	38	38	1.0	1/2	1/2	Chord	4/4	4	1	1/4		1/4	1	186															
10	10	38	38	0.5	1/2	1/2	Chord	4/4	4	2	1/8		1/8	1	187															
10	10	77/2	77/2	0.5	5/8	5/8	Chord	4/4	4	2	1/8		1/8	1	188															
11	11	40	40	4.0	0	0	Chord	4/4	2	1	1		1	1	189	-len-														
11	11	40	40	4.0	0	0	Chord	4/4	3	1	1		1	1	190															
11	11	41	41	1.0	1/4	1/4	Chord	4/4	3	2	1/4		1/4	1	191															
11	11	42	42	1.0	1/2	1/2	Chord	4/4	3	2	1/4		1/4	1	192															
11	11	43	43	1.0	3/4	3/4	Chord	4/4	3	2	1/4		1/4	1	193															
11	11	40	40	4.0	0	0	Chord	4/4	3	3	1		1	1	194															
11	11	40	40	0.0	0	0	Dynamic	4/4	4	1	0						p													
11	11	41	41	0.0	1/4	1/4	Spanner	4/4	4	1	0															1				
11	11	41	41	1.0	1/4	1/4	Chord	4/4	4	1	1/4		1/4	1	195										4	1				
11	11	42	42	1.0	1/2	1/2	Chord	4/4	4	1	1/4		1/4	1	196										4	1				
11	11	43	43	1.0	3/4	3/4	Chord	4/4	4	1	1/4		1/4	1	197										4	1				
12	12	44	44	0.0	0	0	Tempo	4/4	1	1	0									ùÖü=25	25.0	ùÖü	25.0	0.0						
12	12	46	46	0.0	1/2	1/2	Tempo	4/4	1	1	0									Largo	35.0			1.0						
12	12	44	44	1.0	0	0	Chord	4/4	2	1	1/4		1/4	1	198															
12	12	45	45	0.125	1/4	1/4	Chord	4/4	2	1	1/32		1/32	1	199	-tem									5					
12	12	361/8	361/8	0.375	9/32	9/32	Chord	4/4	2	1	3/32		1/16	3/2	200															
12	12	91/2	91/2	0.125	3/8	3/8	Chord	4/4	2	1	1/32		1/32	1	201	cum									6					
12	12	365/8	365/8	0.375	13/32	13/32	Chord	4/4	2	1	3/32		1/16	3/2	202															
12	12	46	46	0.0	1/2	1/2	Chord	4/4	2	1	0	appoggiatura	1/8	1	203															
12	12	46	46	0.75	1/2	1/2	Chord	4/4	2	1	3/16		1/8	3/2	204	fi-														
12	12	187/4	187/4	0.25	11/16	11/16	Chord	4/4	2	1	1/16		1/16	1	205	-li-														
12	12	47	47	1.0	3/4	3/4	Chord	4/4	2	1	1/4		1/4	1	206	-o?														
12	12	44	44	1.0	0	0	Chord	4/4	3	1	1/4		1/4	1	207															
12	12	45	45	0.5	1/4	1/4	Chord	4/4	3	1	1/8		1/8	1	208															
12	12	91/2	91/2	0.5	3/8	3/8	Chord	4/4	3	1	1/8		1/8	1	209															
12	12	46	46	2.0	1/2	1/2	Chord	4/4	3	1	1/2		1/2	1	210															
12	12	44	44	2.0	0	0	Chord	4/4	3	2	1/2		1/2	1	211															
12	12	46	46	2.0	1/2	1/2	Chord	4/4	3	2	1/2		1/2	1	212															
12	12	44	44	2.0	0	0	Chord	4/4	3	3	1/2		1/2	1	213															
12	12	44	44	0.0	0	0	Spanner	4/4	4	1	0														4					
12	12	44	44	0.0	0	0	Spanner	4/4	4	1	0														4			0	0	
12	12	44	44	1.0	0	0	Chord	4/4	4	1	1/4		1/4	1	214										4			0	0	
12	12	45	45	1.0	1/4	1/4	Chord	4/4	4	1	1/4		1/4	1	215										4			0	0	
12	12	46	46	0.0	1/2	1/2	Dynamic	4/4	4	1	0						pp													
12	12	46	46	0.0	1/2	1/2	Spanner	4/4	4	1	0																			
12	12	46	46	2.0	1/2	1/2	Chord	4/4	4	1	1/2		1/2	1	216															
13	13	48	48	0.0	0	0	StaffText	4/4	1	1	0								Sopr.											
13	13	48	48	0.0	0	0	Tempo	4/4	1	1	0									atempo	35.0			1.0						
13	13	48	48	1.0	0	0	Chord	4/4	1	1	1/4		1/4	1	217	Quis														
13	13	99/2	99/2	0.5	3/8	3/8	Chord	4/4	1	1	1/8		1/8	1	218	est														
13	13	50	50	0.5	1/2	1/2	Chord	4/4	1	1	1/8		1/8	1	219	ho-														
13	13	101/2	101/2	0.5	5/8	5/8	Chord	4/4	1	1	1/8		1/8	1	220	-mo														
13	13	48	48	0.0	0	0	StaffText	4/4	2	1	0								Alto											
13	13	48	48	1.0	0	0	Chord	4/4	2	1	1/4		1/4	1	221	Quis														
13	13	99/2	99/2	0.5	3/8	3/8	Chord	4/4	2	1	1/8		1/8	1	222	est														
13	13	50	50	0.5	1/2	1/2	Chord	4/4	2	1	1/8		1/8	1	223	ho-														
13	13	101/2	101/2	0.5	5/8	5/8	Chord	4/4	2	1	1/8		1/8	1	224	-mo														
13	13	48	48	0.0	0	0	StaffText	4/4	3	1	0								a tempo											
13	13	48	48	0.75	0	0	Chord	4/4	3	1	3/16		1/8	3/2	225										7					
13	13	195/4	195/4	0.25	3/16	3/16	Chord	4/4	3	1	1/16		1/16	1	226										7					
13	13	49	49	0.25	1/4	1/4	Chord	4/4	3	1	1/16		1/16	1	227										7					
13	13	197/4	197/4	0.25	5/16	5/16	Chord	4/4	3	1	1/16		1/16	1	228										7					
13	13	99/2	99/2	0.25	3/8	3/8	Chord	4/4	3	1	1/16		1/16	1	229										7					
13	13	199/4	199/4	0.25	7/16	7/16	Chord	4/4	3	1	1/16		1/16	1	230															
13	13	50	50	0.75	1/2	1/2	Chord	4/4	3	1	3/16		1/8	3/2	231										8					
13	13	203/4	203/4	0.25	11/16	11/16	Chord	4/4	3	1	1/16		1/16	1	232										8					
13	13	51	51	0.25	3/4	3/4	Chord	4/4	3	1	1/16		1/16	1	233										8					
13	13	205/4	205/4	0.25	13/16	13/16	Chord	4/4	3	1	1/16		1/16	1	234										8					
13	13	103/2	103/2	0.25	7/8	7/8	Chord	4/4	3	1	1/16		1/16	1	235										8					
13	13	207/4	207/4	0.25	15/16	15/16	Chord	4/4	3	1	1/16		1/16	1	236															
13	13	48	48	2.0	0	0	Chord	4/4	3	2	1/2		1/2	1	237															
13	13	50	50	2.0	1/2	1/2	Chord	4/4	3	2	1/2		1/2	1	238															
13	13	48	48	0.0	0	0	Dynamic	4/4	4	1	0						p													
13	13	48	48	0.5	0	0	Chord	4/4	4	1	1/8		1/8	1	239															
13	13	97/2	97/2	0.5	1/8	1/8	Chord	4/4	4	1	1/8		1/8	1	240															
13	13	49	49	0.5	1/4	1/4	Chord	4/4	4	1	1/8		1/8	1	241															
13	13	99/2	99/2	0.5	3/8	3/8	Chord	4/4	4	1	1/8		1/8	1	242															
13	13	101/2	101/2	0.5	5/8	5/8	Chord	4/4	4	1	1/8		1/8	1	243															
13	13	51	51	0.5	3/4	3/4	Chord	4/4	4	1	1/8		1/8	1	244															
13	13	103/2	103/2	0.5	7/8	7/8	Chord	4/4	4	1	1/8		1/8	1	245															
13	13	50	50	0.5	1/2	1/2	Chord	4/4	4	2	1/8		1/8	1	246															
13	13	101/2	101/2	0.5	5/8	5/8	Chord	4/4	4	2	1/8		1/8	1	247															
13	13	51	51	0.5	3/4	3/4	Chord	4/4	4	2	1/8		1/8	1	248															
13	13	103/2	103/2	0.5	7/8	7/8	Chord	4/4	4	2	1/8		1/8	1	249															
14	14	52	52	1.5	0	0	Chord	4/4	1	1	3/8		1/4	3/2	250	qui														
14	14	107/2	107/2	0.5	3/8	3/8	Chord	4/4	1	1	1/8		1/8	1	251	non														
14	14	54	54	0.5	1/2	1/2	Chord	4/4	1	1	1/8		1/8	1	252	fle-														
14	14	109/2	109/2	0.5	5/8	5/8	Chord	4/4	1	1	1/8		1/8	1	253	-ret,														
14	14	52	52	1.5	0	0	Chord	4/4	2	1	3/8		1/4	3/2	254	con-														
14	14	107/2	107/2	0.5	3/8	3/8	Chord	4/4	2	1	1/8		1/8	1	255	-tri-														
14	14	54	54	0.5	1/2	1/2	Chord	4/4	2	1	1/8		1/8	1	256	-sta-														
14	14	109/2	109/2	0.5	5/8	5/8	Chord	4/4	2	1	1/8		1/8	1	257	-ri														
14	14	52	52	0.75	0	0	Chord	4/4	3	1	3/16		1/8	3/2	258										9					
14	14	211/4	211/4	0.25	3/16	3/16	Chord	4/4	3	1	1/16		1/16	1	259										9					
14	14	53	53	0.25	1/4	1/4	Chord	4/4	3	1	1/16		1/16	1	260										9					
14	14	213/4	213/4	0.25	5/16	5/16	Chord	4/4	3	1	1/16		1/16	1	261										9					
14	14	107/2	107/2	0.25	3/8	3/8	Chord	4/4	3	1	1/16		1/16	1	262										9					
14	14	215/4	215/4	0.25	7/16	7/16	Chord	4/4	3	1	1/16		1/16	1	263															
14	14	54	54	0.75	1/2	1/2	Chord	4/4	3	1	3/16		1/8	3/2	264										10					
14	14	219/4	219/4	0.25	11/16	11/16	Chord	4/4	3	1	1/16		1/16	1	265										10					
14	14	55	55	0.25	3/4	3/4	Chord	4/4	3	1	1/16		1/16	1	266										10					
14	14	221/4	221/4	0.25	13/16	13/16	Chord	4/4	3	1	1/16		1/16	1	267										10					
14	14	111/2	111/2	0.25	7/8	7/8	Chord	4/4	3	1	1/16		1/16	1	268										10					
14	14	223/4	223/4	0.25	15/16	15/16	Chord	4/4	3	1	1/16		1/16	1	269															
14	14	52	52	2.0	0	0	Chord	4/4	3	2	1/2		1/2	1	270															
14	14	54	54	2.0	1/2	1/2	Chord	4/4	3	2	1/2		1/2	1	271															
14	14	52	52	1.5	0	0	Chord	4/4	4	1	3/8		1/4	3/2	272															
14	14	54	54	0.5	1/2	1/2	Chord	4/4	4	1	1/8		1/8	1	273															
14	14	109/2	109/2	0.5	5/8	5/8	Chord	4/4	4	1	1/8		1/8	1	274															
14	14	55	55	0.5	3/4	3/4	Chord	4/4	4	1	1/8		1/8	1	275															
14	14	111/2	111/2	0.5	7/8	7/8	Chord	4/4	4	1	1/8		1/8	1	276															
14	14	52	52	0.5	0	0	Chord	4/4	4	2	1/8		1/8	1	277															
14	14	105/2	105/2	0.5	1/8	1/8	Chord	4/4	4	2	1/8		1/8	1	278															
14	14	53	53	0.5	1/4	1/4	Chord	4/4	4	2	1/8		1/8	1	279															
14	14	107/2	107/2	0.5	3/8	3/8	Chord	4/4	4	2	1/8		1/8	1	280															
14	14	109/2	109/2	0.5	5/8	5/8	Chord	4/4	4	2	1/8		1/8	1	281															
14	14	55	55	0.5	3/4	3/4	Chord	4/4	4	2	1/8		1/8	1	282															
14	14	111/2	111/2	0.5	7/8	7/8	Chord	4/4	4	2	1/8		1/8	1	283															
15	15	56	56	1.5	0	0	Chord	4/4	1	1	3/8		1/4	3/2	284	Chri-														
15	15	115/2	115/2	0.5	3/8	3/8	Chord	4/4	1	1	1/8		1/8	1	285	-ste														
15	15	58	58	1.0	1/2	1/2	Chord	4/4	1	1	1/4		1/4	1	286	ma-														
15	15	59	59	1.0	3/4	3/4	Chord	4/4	1	1	1/4		1/4	1	287	-trem														
15	15	56	56	1.5	0	0	Chord	4/4	2	1	3/8		1/4	3/2	288	pi-														
15	15	115/2	115/2	0.5	3/8	3/8	Chord	4/4	2	1	1/8		1/8	1	289	-am														
15	15	58	58	1.0	1/2	1/2	Chord	4/4	2	1	1/4		1/4	1	290	ma-														
15	15	59	59	1.0	3/4	3/4	Chord	4/4	2	1	1/4		1/4	1	291	-trem														
15	15	56	56	0.75	0	0	Chord	4/4	3	1	3/16		1/8	3/2	292										11					
15	15	227/4	227/4	0.25	3/16	3/16	Chord	4/4	3	1	1/16		1/16	1	293										11					
15	15	57	57	0.25	1/4	1/4	Chord	4/4	3	1	1/16		1/16	1	294										11					
15	15	229/4	229/4	0.25	5/16	5/16	Chord	4/4	3	1	1/16		1/16	1	295										11					
15	15	115/2	115/2	0.25	3/8	3/8	Chord	4/4	3	1	1/16		1/16	1	296										11					
15	15	231/4	231/4	0.25	7/16	7/16	Chord	4/4	3	1	1/16		1/16	1	297															
15	15	58	58	0.5	1/2	1/2	Chord	4/4	3	1	1/8		1/8	1	298															
15	15	117/2	117/2	0.5	5/8	5/8	Chord	4/4	3	1	1/8		1/8	1	299															
15	15	59	59	0.5	3/4	3/4	Chord	4/4	3	1	1/8		1/8	1	300															
15	15	119/2	119/2	0.5	7/8	7/8	Chord	4/4	3	1	1/8		1/8	1	301															
15	15	56	56	2.0	0	0	Chord	4/4	3	2	1/2		1/2	1	302															
15	15	56	56	0.0	0	0	Spanner	4/4	4	1	0															2				
15	15	56	56	1.5	0	0	Chord	4/4	4	1	3/8		1/4	3/2	303											2				
15	15	56	56	0.5	0	0	Chord	4/4	4	2	1/8		1/8	1	304											2				
15	15	113/2	113/2	0.5	1/8	1/8	Chord	4/4	4	2	1/8		1/8	1	305											2				
15	15	57	57	0.5	1/4	1/4	Chord	4/4	4	2	1/8		1/8	1	306											2				
15	15	115/2	115/2	0.5	3/8	3/8	Chord	4/4	4	2	1/8		1/8	1	307											2				
15	15	58	58	0.5	1/2	1/2	Chord	4/4	4	2	1/8		1/8	1	308											2				
15	15	117/2	117/2	0.5	5/8	5/8	Chord	4/4	4	2	1/8		1/8	1	309											2				
15	15	59	59	0.5	3/4	3/4	Chord	4/4	4	2	1/8		1/8	1	310											2				
15	15	119/2	119/2	0.5	7/8	7/8	Chord	4/4	4	2	1/8		1/8	1	311											2				
16	16	60	60	0.5	0	0	Chord	4/4	1	1	1/8		1/8	1	312	si														
16	16	121/2	121/2	1.5	1/8	1/8	Chord	4/4	1	1	3/8		1/4	3/2	313	vi-		ornamentTrill												
16	16	62	62	0.5	1/2	1/2	Chord	4/4	1	1	1/8		1/8	1	314	-de-														
16	16	125/2	125/2	0.5	5/8	5/8	Chord	4/4	1	1	1/8		1/8	1	315	-ret														
16	16	127/2	127/2	0.5	7/8	7/8	Chord	4/4	1	1	1/8		1/8	1	316	in														
16	16	60	60	0.5	0	0	Chord	4/4	2	1	1/8		1/8	1	317	con-														
16	16	121/2	121/2	1.5	1/8	1/8	Chord	4/4	2	1	3/8		1/4	3/2	318	-tem-		ornamentTrill												
16	16	62	62	0.5	1/2	1/2	Chord	4/4	2	1	1/8		1/8	1	319	-pla-														
16	16	125/2	125/2	0.5	5/8	5/8	Chord	4/4	2	1	1/8		1/8	1	320	-ri														
16	16	60	60	0.5	0	0	Chord	4/4	3	1	1/8		1/8	1	321			articAccentAbove												
16	16	121/2	121/2	0.5	1/8	1/8	Chord	4/4	3	1	1/8		1/8	1	322															
16	16	61	61	0.5	1/4	1/4	Chord	4/4	3	1	1/8		1/8	1	323															
16	16	123/2	123/2	0.5	3/8	3/8	Chord	4/4	3	1	1/8		1/8	1	324															
16	16	62	62	0.5	1/2	1/2	Chord	4/4	3	1	1/8		1/8	1	325															
16	16	125/2	125/2	0.25	5/8	5/8	Chord	4/4	3	1	1/16		1/16	1	326															
16	16	251/4	251/4	0.25	11/16	11/16	Chord	4/4	3	1	1/16		1/16	1	327										12					
16	16	63	63	0.25	3/4	3/4	Chord	4/4	3	1	1/16		1/16	1	328										12					
16	16	253/4	253/4	0.25	13/16	13/16	Chord	4/4	3	1	1/16		1/16	1	329										12					
16	16	127/2	127/2	0.25	7/8	7/8	Chord	4/4	3	1	1/16		1/16	1	330										12					
16	16	255/4	255/4	0.25	15/16	15/16	Chord	4/4	3	1	1/16		1/16	1	331															
16	16	63	63	1.0	3/4	3/4	Chord	4/4	3	2	1/4		1/4	1	332															
16	16	60	60	0.0	0	0	Spanner	4/4	4	1	0																			
16	16	60	60	0.5	0	0	Chord	4/4	4	1	1/8		1/8	1	333			articAccentAbove												
16	16	121/2	121/2	0.0	1/8	1/8	Spanner	4/4	4	1	0																1			
16	16	121/2	121/2	0.5	1/8	1/8	Chord	4/4	4	1	1/8		1/8	1	334												1			
16	16	61	61	0.5	1/4	1/4	Chord	4/4	4	1	1/8		1/8	1	335												1			
16	16	123/2	123/2	0.5	3/8	3/8	Chord	4/4	4	1	1/8		1/8	1	336												1			
16	16	62	62	0.0	1/2	1/2	Spanner	4/4	4	1	0																			
16	16	62	62	0.5	1/2	1/2	Chord	4/4	4	1	1/8		1/8	1	337															
16	16	125/2	125/2	0.5	5/8	5/8	Chord	4/4	4	1	1/8		1/8	1	338															
16	16	63	63	0.5	3/4	3/4	Chord	4/4	4	1	1/8		1/8	1	339															
16	16	127/2	127/2	0.5	7/8	7/8	Chord	4/4	4	1	1/8		1/8	1	340															
17	17	64	64	1.0	0	0	Chord	4/4	1	1	1/4		1/4	1	341	tan-														
17	17	65	65	0.125	1/4	1/4	Chord	4/4	1	1	1/32		1/32	1	342	-to									13					
17	17	521/8	521/8	0.375	9/32	9/32	Chord	4/4	1	1	3/32		1/16	3/2	343															
17	17	131/2	131/2	0.125	3/8	3/8	Chord	4/4	1	1	1/32		1/32	1	344	sup-									14					
17	17	525/8	525/8	0.375	13/32	13/32	Chord	4/4	1	1	3/32		1/16	3/2	345															
17	17	66	66	0.375	1/2	1/2	Chord	4/4	1	1	3/32		1/16	3/2	346	-pli-														
17	17	531/8	531/8	0.125	19/32	19/32	Chord	4/4	1	1	1/32		1/32	1	347	-ci-														
17	17	133/2	133/2	0.5	5/8	5/8	Chord	4/4	1	1	1/8		1/8	1	348	-o?														
17	17	135/2	135/2	0.5	7/8	7/8	Chord	4/4	2	1	1/8		1/8	1	349	do-														
17	17	64	64	1.5	0	0	Chord	4/4	3	1	3/8		1/4	3/2	350										15					
17	17	131/2	131/2	0.5	3/8	3/8	Chord	4/4	3	1	1/8		1/8	1	351															
17	17	66	66	0.75	1/2	1/2	Chord	4/4	3	1	3/16		1/8	3/2	352															
17	17	267/4	267/4	0.25	11/16	11/16	Chord	4/4	3	1	1/16		1/16	1	353															
17	17	67	67	1.0	3/4	3/4	Chord	4/4	3	1	1/4		1/4	1	354															
17	17	64	64	0.5	0	0	Chord	4/4	3	2	1/8		1/8	1	355															
17	17	129/2	129/2	1.0	1/8	1/8	Chord	4/4	3	2	1/4		1/4	1	356															
17	17	131/2	131/2	0.5	3/8	3/8	Chord	4/4	3	2	1/8		1/8	1	357															
17	17	66	66	0.75	1/2	1/2	Chord	4/4	3	2	3/16		1/8	3/2	358															
17	17	267/4	267/4	0.25	11/16	11/16	Chord	4/4	3	2	1/16		1/16	1	359										16					
17	17	67	67	0.25	3/4	3/4	Chord	4/4	3	2	1/16		1/16	1	360										16					
17	17	269/4	269/4	0.25	13/16	13/16	Chord	4/4	3	2	1/16		1/16	1	361										16					
17	17	135/2	135/2	0.25	7/8	7/8	Chord	4/4	3	2	1/16		1/16	1	362										16					
17	17	271/4	271/4	0.25	15/16	15/16	Chord	4/4	3	2	1/16		1/16	1	363															
17	17	64	64	0.0	0	0	Dynamic	4/4	4	1	0						fp													
17	17	64	64	2.0	0	0	Chord	4/4	4	1	1/2		1/2	1	364															
17	17	66	66	0.5	1/2	1/2	Chord	4/4	4	1	1/8		1/8	1	365															
17	17	133/2	133/2	0.5	5/8	5/8	Chord	4/4	4	1	1/8		1/8	1	366															
17	17	67	67	0.5	3/4	3/4	Chord	4/4	4	1	1/8		1/8	1	367															
17	17	135/2	135/2	0.5	7/8	7/8	Chord	4/4	4	1	1/8		1/8	1	368															
17	17	64	64	2.0	0	0	Chord	4/4	4	2	1/2		1/2	1	369															
17	17	66	66	0.5	1/2	1/2	Chord	4/4	4	2	1/8		1/8	1	370															
17	17	133/2	133/2	0.5	5/8	5/8	Chord	4/4	4	2	1/8		1/8	1	371															
17	17	67	67	0.5	3/4	3/4	Chord	4/4	4	2	1/8		1/8	1	372															
17	17	135/2	135/2	0.5	7/8	7/8	Chord	4/4	4	2	1/8		1/8	1	373															
18	18	68	68	1.0	0	0	Chord	4/4	2	1	1/4		1/4	1	374	-len-														
18	18	69	69	0.125	1/4	1/4	Chord	4/4	2	1	1/32		1/32	1	375	-tem									17					
18	18	553/8	553/8	0.375	9/32	9/32	Chord	4/4	2	1	3/32		1/16	3/2	376															
18	18	139/2	139/2	0.125	3/8	3/8	Chord	4/4	2	1	1/32		1/32	1	377	cum									18					
18	18	557/8	557/8	0.375	13/32	13/32	Chord	4/4	2	1	3/32		1/16	3/2	378															
18	18	70	70	0.375	1/2	1/2	Chord	4/4	2	1	3/32		1/16	3/2	379	fi-														
18	18	563/8	563/8	0.125	19/32	19/32	Chord	4/4	2	1	1/32		1/32	1	380	-li-														
18	18	141/2	141/2	0.5	5/8	5/8	Chord	4/4	2	1	1/8		1/8	1	381	-o														
18	18	68	68	0.5	0	0	Chord	4/4	3	1	1/8		1/8	1	382															
18	18	137/2	137/2	1.0	1/8	1/8	Chord	4/4	3	1	1/4		1/4	1	383															
18	18	139/2	139/2	0.5	3/8	3/8	Chord	4/4	3	1	1/8		1/8	1	384															
18	18	70	70	0.75	1/2	1/2	Chord	4/4	3	1	3/16		1/8	3/2	385															
18	18	283/4	283/4	0.25	11/16	11/16	Chord	4/4	3	1	1/16		1/16	1	386										19					
18	18	71	71	0.25	3/4	3/4	Chord	4/4	3	1	1/16		1/16	1	387										19					
18	18	285/4	285/4	0.25	13/16	13/16	Chord	4/4	3	1	1/16		1/16	1	388										19					
18	18	143/2	143/2	0.25	7/8	7/8	Chord	4/4	3	1	1/16		1/16	1	389										19					
18	18	287/4	287/4	0.25	15/16	15/16	Chord	4/4	3	1	1/16		1/16	1	390															
18	18	68	68	1.5	0	0	Chord	4/4	3	2	3/8		1/4	3/2	391										20					
18	18	139/2	139/2	0.5	3/8	3/8	Chord	4/4	3	2	1/8		1/8	1	392															
18	18	68	68	0.0	0	0	Dynamic	4/4	4	1	0						fp													
18	18	68	68	2.0	0	0	Chord	4/4	4	1	1/2		1/2	1	393															
18	18	70	70	0.0	1/2	1/2	Spanner	4/4	4	1	0																	1		
18	18	70	70	1.0	1/2	1/2	Chord	4/4	4	1	1/4		1/4	1	394													1		
18	18	68	68	2.0	0	0	Chord	4/4	4	2	1/2		1/2	1	395										21			1		
18	18	70	70	1.0	1/2	1/2	Chord	4/4	4	2	1/4		1/4	1	396													1		
19	19	72	72	0.0	0	0	Tempo	4/4	1	1	0									ùÖü=25	25.0	ùÖü	25.0	0.0						
19	19	72	72	0.0	0	0	Spanner	4/4	1	1	0																	2		
19	19	72	72	1.0	0	0	Chord	4/4	1	1	1/4		1/4	1	397	quis?												2		
19	19	74	74	0.0	1/2	1/2	Dynamic	4/4	1	1	0						pp													
19	19	74	74	0.0	1/2	1/2	Spanner	4/4	1	1	0																			
19	19	74	74	1.0	1/2	1/2	Chord	4/4	1	1	1/4		1/4	1	398	quis?														
19	19	72	72	0.0	0	0	Spanner	4/4	2	1	0																	3		
19	19	72	72	1.0	0	0	Chord	4/4	2	1	1/4		1/4	1	399	quis?												3		
19	19	74	74	0.0	1/2	1/2	Dynamic	4/4	2	1	0						pp													
19	19	74	74	0.0	1/2	1/2	Spanner	4/4	2	1	0																			
19	19	74	74	1.0	1/2	1/2	Chord	4/4	2	1	1/4		1/4	1	400	quis?														
19	19	72	72	0.75	0	0	Chord	4/4	3	1	3/16		1/8	3/2	401										22					
19	19	291/4	291/4	0.25	3/16	3/16	Chord	4/4	3	1	1/16		1/16	1	402										22					
19	19	73	73	0.25	1/4	1/4	Chord	4/4	3	1	1/16		1/16	1	403										22					
19	19	293/4	293/4	0.25	5/16	5/16	Chord	4/4	3	1	1/16		1/16	1	404										22					
19	19	147/2	147/2	0.25	3/8	3/8	Chord	4/4	3	1	1/16		1/16	1	405										22					
19	19	295/4	295/4	0.25	7/16	7/16	Chord	4/4	3	1	1/16		1/16	1	406										22					
19	19	74	74	1.0	1/2	1/2	Chord	4/4	3	1	1/4		1/4	1	407															
19	19	72	72	2.0	0	0	Chord	4/4	3	2	1/2		1/2	1	408															
19	19	74	74	1.0	1/2	1/2	Chord	4/4	3	2	1/4		1/4	1	409															
19	19	72	72	0.0	0	0	StaffText	4/4	4	1	0								e rit.									1		
19	19	72	72	1.0	0	0	Chord	4/4	4	1	1/4		1/4	1	410													1		
19	19	74	74	0.0	1/2	1/2	Dynamic	4/4	4	1	0						pp													
19	19	74	74	0.0	1/2	1/2	Spanner	4/4	4	1	0																			
19	19	74	74	1.0	1/2	1/2	Chord	4/4	4	1	1/4		1/4	1	411															
20	20	76	76	0.0	0	0	Tempo	6/8	1	1	0									Allegro	150.0			1.0						
20	20	76	76	0.0	0	0	Dynamic	6/8	1	1	0						mf													
20	20	76	76	1.5	0	0	Chord	6/8	1	1	3/8		1/4	3/2	412	Pro														
20	20	155/2	155/2	0.5	3/8	3/8	Chord	6/8	1	1	1/8		1/8	1	413															
20	20	78	78	0.5	1/2	1/2	Chord	6/8	1	1	1/8		1/8	1	414	pec-									23					
20	20	157/2	157/2	0.5	5/8	5/8	Chord	6/8	1	1	1/8		1/8	1	415															
20	20	76	76	0.0	0	0	Dynamic	6/8	2	1	0						mf													
20	20	76	76	1.5	0	0	Chord	6/8	2	1	3/8		1/4	3/2	416	Pro														
20	20	155/2	155/2	0.5	3/8	3/8	Chord	6/8	2	1	1/8		1/8	1	417															
20	20	78	78	0.5	1/2	1/2	Chord	6/8	2	1	1/8		1/8	1	418	pec-									24					
20	20	157/2	157/2	0.5	5/8	5/8	Chord	6/8	2	1	1/8		1/8	1	419															
20	20	76	76	0.5	0	0	Chord	6/8	3	1	1/8		1/8	1	420										25					
20	20	153/2	153/2	0.5	1/8	1/8	Chord	6/8	3	1	1/8		1/8	1	421										25					
20	20	77	77	0.5	1/4	1/4	Chord	6/8	3	1	1/8		1/8	1	422										25					
20	20	155/2	155/2	0.5	3/8	3/8	Chord	6/8	3	1	1/8		1/8	1	423										25					
20	20	78	78	0.5	1/2	1/2	Chord	6/8	3	1	1/8		1/8	1	424										25					
20	20	157/2	157/2	0.5	5/8	5/8	Chord	6/8	3	1	1/8		1/8	1	425															
20	20	76	76	0.0	0	0	Dynamic	6/8	4	1	0						pp													
20	20	76	76	1.5	0	0	Chord	6/8	4	1	3/8		1/4	3/2	426															
20	20	155/2	155/2	1.5	3/8	3/8	Chord	6/8	4	1	3/8		1/4	3/2	427															
21	21	79	79	1.5	0	0	Chord	6/8	1	1	3/8		1/4	3/2	428	-ca-														
21	21	161/2	161/2	0.5	3/8	3/8	Chord	6/8	1	1	1/8		1/8	1	429															
21	21	81	81	0.5	1/2	1/2	Chord	6/8	1	1	1/8		1/8	1	430	-tis									26					
21	21	163/2	163/2	0.5	5/8	5/8	Chord	6/8	1	1	1/8		1/8	1	431															
21	21	79	79	1.5	0	0	Chord	6/8	2	1	3/8		1/4	3/2	432	-ca-														
21	21	161/2	161/2	0.5	3/8	3/8	Chord	6/8	2	1	1/8		1/8	1	433															
21	21	81	81	0.5	1/2	1/2	Chord	6/8	2	1	1/8		1/8	1	434	-tis									27					
21	21	163/2	163/2	0.5	5/8	5/8	Chord	6/8	2	1	1/8		1/8	1	435															
21	21	79	79	0.5	0	0	Chord	6/8	3	1	1/8		1/8	1	436										28					
21	21	159/2	159/2	0.5	1/8	1/8	Chord	6/8	3	1	1/8		1/8	1	437										28					
21	21	80	80	0.5	1/4	1/4	Chord	6/8	3	1	1/8		1/8	1	438										28					
21	21	161/2	161/2	0.5	3/8	3/8	Chord	6/8	3	1	1/8		1/8	1	439										28					
21	21	81	81	0.5	1/2	1/2	Chord	6/8	3	1	1/8		1/8	1	440										28					
21	21	163/2	163/2	0.5	5/8	5/8	Chord	6/8	3	1	1/8		1/8	1	441															
21	21	79	79	1.5	0	0	Chord	6/8	4	1	3/8		1/4	3/2	442															
21	21	161/2	161/2	1.5	3/8	3/8	Chord	6/8	4	1	3/8		1/4	3/2	443															
22	22	82	82	1.5	0	0	Chord	6/8	1	1	3/8		1/4	3/2	444	su-														
22	22	167/2	167/2	0.5	3/8	3/8	Chord	6/8	1	1	1/8		1/8	1	445															
22	22	84	84	0.5	1/2	1/2	Chord	6/8	1	1	1/8		1/8	1	446	-ae									29					
22	22	169/2	169/2	0.5	5/8	5/8	Chord	6/8	1	1	1/8		1/8	1	447															
22	22	82	82	1.5	0	0	Chord	6/8	2	1	3/8		1/4	3/2	448	su-														
22	22	167/2	167/2	0.5	3/8	3/8	Chord	6/8	2	1	1/8		1/8	1	449															
22	22	84	84	0.5	1/2	1/2	Chord	6/8	2	1	1/8		1/8	1	450	-ae									30					
22	22	169/2	169/2	0.5	5/8	5/8	Chord	6/8	2	1	1/8		1/8	1	451															
22	22	82	82	0.5	0	0	Chord	6/8	3	1	1/8		1/8	1	452										31					
22	22	165/2	165/2	0.5	1/8	1/8	Chord	6/8	3	1	1/8		1/8	1	453										31					
22	22	83	83	0.5	1/4	1/4	Chord	6/8	3	1	1/8		1/8	1	454										31					
22	22	167/2	167/2	0.5	3/8	3/8	Chord	6/8	3	1	1/8		1/8	1	455										31					
22	22	84	84	0.5	1/2	1/2	Chord	6/8	3	1	1/8		1/8	1	456										31					
22	22	169/2	169/2	0.5	5/8	5/8	Chord	6/8	3	1	1/8		1/8	1	457										31					
22	22	82	82	1.5	0	0	Chord	6/8	4	1	3/8		1/4	3/2	458															
22	22	167/2	167/2	1.5	3/8	3/8	Chord	6/8	4	1	3/8		1/4	3/2	459															
23	23	85	85	1.5	0	0	Chord	6/8	1	1	3/8		1/4	3/2	460	gen-														
23	23	173/2	173/2	1.0	3/8	3/8	Chord	6/8	1	1	1/4		1/4	1	461	-tis														
23	23	85	85	1.5	0	0	Chord	6/8	2	1	3/8		1/4	3/2	462	gen-														
23	23	173/2	173/2	1.0	3/8	3/8	Chord	6/8	2	1	1/4		1/4	1	463	-tis														
23	23	85	85	0.5	0	0	Chord	6/8	3	1	1/8		1/8	1	464															
23	23	171/2	171/2	0.5	1/8	1/8	Chord	6/8	3	1	1/8		1/8	1	465			articStaccatoBelow												
23	23	86	86	0.5	1/4	1/4	Chord	6/8	3	1	1/8		1/8	1	466			articStaccatoBelow												
23	23	173/2	173/2	1.0	3/8	3/8	Chord	6/8	3	1	1/4		1/4	1	467															
23	23	85	85	1.5	0	0	Chord	6/8	4	1	3/8		1/4	3/2	468															
23	23	173/2	173/2	0.5	3/8	3/8	Chord	6/8	4	1	1/8		1/8	1	469															
23	23	87	87	0.5	1/2	1/2	Chord	6/8	4	1	1/8		1/8	1	470															
23	23	175/2	175/2	0.5	5/8	5/8	Chord	6/8	4	1	1/8		1/8	1	471															
24	24	88	88	1.5	0	0	Chord	6/8	1	1	3/8		1/4	3/2	472	vi-														
24	24	179/2	179/2	0.5	3/8	3/8	Chord	6/8	1	1	1/8		1/8	1	473															
24	24	90	90	0.5	1/2	1/2	Chord	6/8	1	1	1/8		1/8	1	474	-dit									32					
24	24	181/2	181/2	0.5	5/8	5/8	Chord	6/8	1	1	1/8		1/8	1	475															
24	24	88	88	1.5	0	0	Chord	6/8	2	1	3/8		1/4	3/2	476	vi-														
24	24	179/2	179/2	0.5	3/8	3/8	Chord	6/8	2	1	1/8		1/8	1	477															
24	24	90	90	0.5	1/2	1/2	Chord	6/8	2	1	1/8		1/8	1	478	-dit									33					
24	24	181/2	181/2	0.5	5/8	5/8	Chord	6/8	2	1	1/8		1/8	1	479															
24	24	88	88	0.5	0	0	Chord	6/8	3	1	1/8		1/8	1	480										34					
24	24	177/2	177/2	0.5	1/8	1/8	Chord	6/8	3	1	1/8		1/8	1	481										34					
24	24	89	89	0.5	1/4	1/4	Chord	6/8	3	1	1/8		1/8	1	482										34					
24	24	179/2	179/2	0.5	3/8	3/8	Chord	6/8	3	1	1/8		1/8	1	483										34					
24	24	90	90	0.5	1/2	1/2	Chord	6/8	3	1	1/8		1/8	1	484										34					
24	24	181/2	181/2	0.5	5/8	5/8	Chord	6/8	3	1	1/8		1/8	1	485															
24	24	88	88	1.5	0	0	Chord	6/8	4	1	3/8		1/4	3/2	486															
24	24	179/2	179/2	1.5	3/8	3/8	Chord	6/8	4	1	3/8		1/4	3/2	487															
25	25	91	91	1.5	0	0	Chord	6/8	1	1	3/8		1/4	3/2	488	Je-														
25	25	185/2	185/2	0.5	3/8	3/8	Chord	6/8	1	1	1/8		1/8	1	489															
25	25	93	93	0.5	1/2	1/2	Chord	6/8	1	1	1/8		1/8	1	490	-sum									35					
25	25	187/2	187/2	0.5	5/8	5/8	Chord	6/8	1	1	1/8		1/8	1	491															
25	25	91	91	1.5	0	0	Chord	6/8	2	1	3/8		1/4	3/2	492	Je-														
25	25	185/2	185/2	0.5	3/8	3/8	Chord	6/8	2	1	1/8		1/8	1	493															
25	25	93	93	0.5	1/2	1/2	Chord	6/8	2	1	1/8		1/8	1	494	-sum									36					
25	25	187/2	187/2	0.5	5/8	5/8	Chord	6/8	2	1	1/8		1/8	1	495															
25	25	91	91	0.5	0	0	Chord	6/8	3	1	1/8		1/8	1	496										37					
25	25	183/2	183/2	0.5	1/8	1/8	Chord	6/8	3	1	1/8		1/8	1	497										37					
25	25	92	92	0.5	1/4	1/4	Chord	6/8	3	1	1/8		1/8	1	498										37					
25	25	185/2	185/2	0.5	3/8	3/8	Chord	6/8	3	1	1/8		1/8	1	499										37					
25	25	93	93	0.5	1/2	1/2	Chord	6/8	3	1	1/8		1/8	1	500										37					
25	25	187/2	187/2	0.5	5/8	5/8	Chord	6/8	3	1	1/8		1/8	1	501															
25	25	91	91	1.5	0	0	Chord	6/8	4	1	3/8		1/4	3/2	502															
25	25	185/2	185/2	1.5	3/8	3/8	Chord	6/8	4	1	3/8		1/4	3/2	503															
26	26	94	94	1.5	0	0	Chord	6/8	1	1	3/8		1/4	3/2	504	in														
26	26	191/2	191/2	0.5	3/8	3/8	Chord	6/8	1	1	1/8		1/8	1	505															
26	26	96	96	0.5	1/2	1/2	Chord	6/8	1	1	1/8		1/8	1	506	tor-									38					
26	26	193/2	193/2	0.5	5/8	5/8	Chord	6/8	1	1	1/8		1/8	1	507															
26	26	94	94	1.5	0	0	Chord	6/8	2	1	3/8		1/4	3/2	508	in														
26	26	191/2	191/2	0.5	3/8	3/8	Chord	6/8	2	1	1/8		1/8	1	509															
26	26	96	96	0.5	1/2	1/2	Chord	6/8	2	1	1/8		1/8	1	510	tor-									39					
26	26	193/2	193/2	0.5	5/8	5/8	Chord	6/8	2	1	1/8		1/8	1	511															
26	26	94	94	0.5	0	0	Chord	6/8	3	1	1/8		1/8	1	512										40					
26	26	189/2	189/2	0.5	1/8	1/8	Chord	6/8	3	1	1/8		1/8	1	513										40					
26	26	95	95	0.5	1/4	1/4	Chord	6/8	3	1	1/8		1/8	1	514										40					
26	26	191/2	191/2	0.5	3/8	3/8	Chord	6/8	3	1	1/8		1/8	1	515										40					
26	26	96	96	0.5	1/2	1/2	Chord	6/8	3	1	1/8		1/8	1	516										40					
26	26	193/2	193/2	0.5	5/8	5/8	Chord	6/8	3	1	1/8		1/8	1	517										40					
26	26	94	94	1.5	0	0	Chord	6/8	4	1	3/8		1/4	3/2	518															
26	26	191/2	191/2	1.5	3/8	3/8	Chord	6/8	4	1	3/8		1/4	3/2	519															
27	27	97	97	1.5	0	0	Chord	6/8	1	1	3/8		1/4	3/2	520	-men-														
27	27	197/2	197/2	1.0	3/8	3/8	Chord	6/8	1	1	1/4		1/4	1	521	-tis														
27	27	97	97	1.5	0	0	Chord	6/8	2	1	3/8		1/4	3/2	522	-men-														
27	27	197/2	197/2	1.0	3/8	3/8	Chord	6/8	2	1	1/4		1/4	1	523	-tis														
27	27	97	97	0.5	0	0	Chord	6/8	3	1	1/8		1/8	1	524															
27	27	195/2	195/2	0.5	1/8	1/8	Chord	6/8	3	1	1/8		1/8	1	525			articStaccatoBelow												
27	27	98	98	0.5	1/4	1/4	Chord	6/8	3	1	1/8		1/8	1	526			articStaccatoBelow												
27	27	197/2	197/2	1.0	3/8	3/8	Chord	6/8	3	1	1/4		1/4	1	527															
27	27	97	97	0.0	0	0	Spanner	6/8	4	1	0															3				
27	27	97	97	1.5	0	0	Chord	6/8	4	1	3/8		1/4	3/2	528											3				
27	27	197/2	197/2	0.5	3/8	3/8	Chord	6/8	4	1	1/8		1/8	1	529											3				
27	27	99	99	0.5	1/2	1/2	Chord	6/8	4	1	1/8		1/8	1	530											3				
27	27	199/2	199/2	0.5	5/8	5/8	Chord	6/8	4	1	1/8		1/8	1	531											3				
28	28	100	100	0.0	0	0	Dynamic	6/8	1	1	0						f													
28	28	100	100	1.5	0	0	Chord	6/8	1	1	3/8		1/4	3/2	532	et														
28	28	203/2	203/2	1.5	3/8	3/8	Chord	6/8	1	1	3/8		1/4	3/2	533	fla-														
28	28	100	100	0.0	0	0	Dynamic	6/8	2	1	0						f													
28	28	100	100	1.5	0	0	Chord	6/8	2	1	3/8		1/4	3/2	534	et														
28	28	203/2	203/2	1.5	3/8	3/8	Chord	6/8	2	1	3/8		1/4	3/2	535	fla-														
28	28	100	100	0.5	0	0	Chord	6/8	3	1	1/8		1/8	1	536															
28	28	201/2	201/2	0.5	1/8	1/8	Chord	6/8	3	1	1/8		1/8	1	537															
28	28	101	101	0.5	1/4	1/4	Chord	6/8	3	1	1/8		1/8	1	538															
28	28	203/2	203/2	0.5	3/8	3/8	Chord	6/8	3	1	1/8		1/8	1	539															
28	28	102	102	0.5	1/2	1/2	Chord	6/8	3	1	1/8		1/8	1	540															
28	28	205/2	205/2	0.5	5/8	5/8	Chord	6/8	3	1	1/8		1/8	1	541															
28	28	100	100	0.0	0	0	Dynamic	6/8	4	1	0						f													
28	28	100	100	0.0	0	0	Spanner	6/8	4	1	0																			
28	28	100	100	1.5	0	0	Chord	6/8	4	1	3/8		1/4	3/2	542															
28	28	203/2	203/2	1.5	3/8	3/8	Chord	6/8	4	1	3/8		1/4	3/2	543															
29	29	103	103	1.5	0	0	Chord	6/8	1	1	3/8		1/4	3/2	544	-gel-														
29	29	209/2	209/2	1.5	3/8	3/8	Chord	6/8	1	1	3/8		1/4	3/2	545	-lis														
29	29	103	103	1.5	0	0	Chord	6/8	2	1	3/8		1/4	3/2	546	-gel-														
29	29	209/2	209/2	1.5	3/8	3/8	Chord	6/8	2	1	3/8		1/4	3/2	547	-lis														
29	29	103	103	0.5	0	0	Chord	6/8	3	1	1/8		1/8	1	548															
29	29	207/2	207/2	0.5	1/8	1/8	Chord	6/8	3	1	1/8		1/8	1	549															
29	29	104	104	0.5	1/4	1/4	Chord	6/8	3	1	1/8		1/8	1	550															
29	29	209/2	209/2	0.5	3/8	3/8	Chord	6/8	3	1	1/8		1/8	1	551															
29	29	105	105	0.5	1/2	1/2	Chord	6/8	3	1	1/8		1/8	1	552															
29	29	211/2	211/2	0.5	5/8	5/8	Chord	6/8	3	1	1/8		1/8	1	553															
29	29	103	103	1.5	0	0	Chord	6/8	4	1	3/8		1/4	3/2	554															
29	29	209/2	209/2	1.5	3/8	3/8	Chord	6/8	4	1	3/8		1/4	3/2	555															
30	30	106	106	1.5	0	0	Chord	6/8	1	1	3/8		1/4	3/2	556	sub-									41					
30	30	215/2	215/2	1.0	3/8	3/8	Chord	6/8	1	1	1/4		1/4	1	557															
30	30	217/2	217/2	0.5	5/8	5/8	Chord	6/8	1	1	1/8		1/8	1	558	-di-														
30	30	106	106	1.5	0	0	Chord	6/8	2	1	3/8		1/4	3/2	559	sub-														
30	30	215/2	215/2	1.0	3/8	3/8	Chord	6/8	2	1	1/4		1/4	1	560															
30	30	217/2	217/2	0.5	5/8	5/8	Chord	6/8	2	1	1/8		1/8	1	561	-di-														
30	30	106	106	0.5	0	0	Chord	6/8	3	1	1/8		1/8	1	562															
30	30	213/2	213/2	0.5	1/8	1/8	Chord	6/8	3	1	1/8		1/8	1	563															
30	30	107	107	0.5	1/4	1/4	Chord	6/8	3	1	1/8		1/8	1	564															
30	30	215/2	215/2	0.5	3/8	3/8	Chord	6/8	3	1	1/8		1/8	1	565															
30	30	108	108	0.5	1/2	1/2	Chord	6/8	3	1	1/8		1/8	1	566															
30	30	217/2	217/2	0.5	5/8	5/8	Chord	6/8	3	1	1/8		1/8	1	567															
30	30	106	106	1.5	0	0	Chord	6/8	4	1	3/8		1/4	3/2	568															
30	30	215/2	215/2	1.5	3/8	3/8	Chord	6/8	4	1	3/8		1/4	3/2	569															
31	31	109	109	1.5	0	0	Chord	6/8	1	1	3/8		1/4	3/2	570	-tum.														
31	31	109	109	1.5	0	0	Chord	6/8	2	1	3/8		1/4	3/2	571	-tum.														
31	31	109	109	0.5	0	0	Chord	6/8	3	1	1/8		1/8	1	572															
31	31	219/2	219/2	0.5	1/8	1/8	Chord	6/8	3	1	1/8		1/8	1	573															
31	31	110	110	0.5	1/4	1/4	Chord	6/8	3	1	1/8		1/8	1	574															
31	31	221/2	221/2	1.0	3/8	3/8	Chord	6/8	3	1	1/4		1/4	1	575															
31	31	109	109	1.5	0	0	Chord	6/8	4	1	3/8		1/4	3/2	576															
31	31	221/2	221/2	0.0	3/8	3/8	Spanner	6/8	4	1	0																2			
31	31	221/2	221/2	0.5	3/8	3/8	Chord	6/8	4	1	1/8		1/8	1	577												2			
31	31	111	111	0.5	1/2	1/2	Chord	6/8	4	1	1/8		1/8	1	578												2			
31	31	223/2	223/2	0.5	5/8	5/8	Chord	6/8	4	1	1/8		1/8	1	579												2			
32	32	112	112	0.0	0	0	Dynamic	6/8	1	1	0						p													
32	32	112	112	3.0	0	0	Chord	6/8	1	1	3/4		1/2	3/2	580	Vi-														
32	32	112	112	0.0	0	0	Dynamic	6/8	2	1	0						p													
32	32	112	112	3.0	0	0	Chord	6/8	2	1	3/4		1/2	3/2	581	Vi-														
32	32	112	112	0.5	0	0	Chord	6/8	3	1	1/8		1/8	1	582															
32	32	225/2	225/2	0.5	1/8	1/8	Chord	6/8	3	1	1/8		1/8	1	583															
32	32	113	113	0.5	1/4	1/4	Chord	6/8	3	1	1/8		1/8	1	584															
32	32	227/2	227/2	0.5	3/8	3/8	Chord	6/8	3	1	1/8		1/8	1	585															
32	32	114	114	0.5	1/2	1/2	Chord	6/8	3	1	1/8		1/8	1	586															
32	32	229/2	229/2	0.5	5/8	5/8	Chord	6/8	3	1	1/8		1/8	1	587															
32	32	112	112	0.0	0	0	Dynamic	6/8	4	1	0						other-dynamics													
32	32	112	112	0.0	0	0	Spanner	6/8	4	1	0																			
32	32	227/2	227/2	1.5	3/8	3/8	Chord	6/8	4	1	3/8		1/4	3/2	588										42					
32	32	112	112	3.0	0	0	Chord	6/8	4	2	3/4		1/2	3/2	589															
33	33	115	115	3.0	0	0	Chord	6/8	1	1	3/4		1/2	3/2	590	-dit														
33	33	115	115	3.0	0	0	Chord	6/8	2	1	3/4		1/2	3/2	591	-dit														
33	33	115	115	0.5	0	0	Chord	6/8	3	1	1/8		1/8	1	592															
33	33	231/2	231/2	0.5	1/8	1/8	Chord	6/8	3	1	1/8		1/8	1	593															
33	33	116	116	0.5	1/4	1/4	Chord	6/8	3	1	1/8		1/8	1	594															
33	33	233/2	233/2	0.5	3/8	3/8	Chord	6/8	3	1	1/8		1/8	1	595															
33	33	117	117	0.5	1/2	1/2	Chord	6/8	3	1	1/8		1/8	1	596															
33	33	235/2	235/2	0.5	5/8	5/8	Chord	6/8	3	1	1/8		1/8	1	597															
33	33	115	115	1.0	0	0	Chord	6/8	4	1	1/4		1/4	1	598															
33	33	115	115	3.0	0	0	Chord	6/8	4	2	3/4		1/2	3/2	599															
34	34	118	118	0.0	0	0	Spanner	6/8	1	1	0																			0
34	34	118	118	3.0	0	0	Chord	6/8	1	1	3/4		1/2	3/2	600	Je-														0
34	34	118	118	0.0	0	0	Spanner	6/8	2	1	0																			1
34	34	118	118	3.0	0	0	Chord	6/8	2	1	3/4		1/2	3/2	601	Je-														1
34	34	118	118	0.5	0	0	Chord	6/8	3	1	1/8		1/8	1	602															
34	34	237/2	237/2	0.5	1/8	1/8	Chord	6/8	3	1	1/8		1/8	1	603															
34	34	119	119	0.5	1/4	1/4	Chord	6/8	3	1	1/8		1/8	1	604															
34	34	239/2	239/2	0.5	3/8	3/8	Chord	6/8	3	1	1/8		1/8	1	605															
34	34	120	120	0.5	1/2	1/2	Chord	6/8	3	1	1/8		1/8	1	606															
34	34	241/2	241/2	0.5	5/8	5/8	Chord	6/8	3	1	1/8		1/8	1	607															
34	34	118	118	0.0	0	0	Spanner	6/8	4	1	0																			2
34	34	239/2	239/2	1.5	3/8	3/8	Chord	6/8	4	1	3/8		1/4	3/2	608										43					2
34	34	118	118	3.0	0	0	Chord	6/8	4	2	3/4		1/2	3/2	609															2
35	35	121	121	3.0	0	0	Chord	6/8	1	1	3/4		1/2	3/2	610	-sum														0
35	35	121	121	3.0	0	0	Chord	6/8	2	1	3/4		1/2	3/2	611	-sum														1
35	35	121	121	0.5	0	0	Chord	6/8	3	1	1/8		1/8	1	612															
35	35	243/2	243/2	0.5	1/8	1/8	Chord	6/8	3	1	1/8		1/8	1	613															
35	35	122	122	0.5	1/4	1/4	Chord	6/8	3	1	1/8		1/8	1	614															
35	35	245/2	245/2	0.5	3/8	3/8	Chord	6/8	3	1	1/8		1/8	1	615															
35	35	123	123	0.5	1/2	1/2	Chord	6/8	3	1	1/8		1/8	1	616															
35	35	247/2	247/2	0.5	5/8	5/8	Chord	6/8	3	1	1/8		1/8	1	617															
35	35	121	121	1.0	0	0	Chord	6/8	4	1	1/4		1/4	1	618															2
35	35	121	121	3.0	0	0	Chord	6/8	4	2	3/4		1/2	3/2	619															2
36	36	124	124	1.5	0	0	Chord	6/8	1	1	3/8		1/4	3/2	620	in														0
36	36	251/2	251/2	1.5	3/8	3/8	Chord	6/8	1	1	3/8		1/4	3/2	621	tor-														0
36	36	124	124	1.5	0	0	Chord	6/8	2	1	3/8		1/4	3/2	622	in														1
36	36	251/2	251/2	1.5	3/8	3/8	Chord	6/8	2	1	3/8		1/4	3/2	623	tor-														1
36	36	124	124	0.5	0	0	Chord	6/8	3	1	1/8		1/8	1	624															
36	36	249/2	249/2	0.5	1/8	1/8	Chord	6/8	3	1	1/8		1/8	1	625															
36	36	125	125	0.5	1/4	1/4	Chord	6/8	3	1	1/8		1/8	1	626															
36	36	251/2	251/2	0.5	3/8	3/8	Chord	6/8	3	1	1/8		1/8	1	627															
36	36	126	126	0.5	1/2	1/2	Chord	6/8	3	1	1/8		1/8	1	628															
36	36	253/2	253/2	0.5	5/8	5/8	Chord	6/8	3	1	1/8		1/8	1	629															
36	36	124	124	1.0	0	0	Chord	6/8	4	1	1/4		1/4	1	630															2
36	36	251/2	251/2	1.0	3/8	3/8	Chord	6/8	4	1	1/4		1/4	1	631															2
36	36	124	124	3.0	0	0	Chord	6/8	4	2	3/4		1/2	3/2	632															2
37	37	127	127	1.5	0	0	Chord	6/8	1	1	3/8		1/4	3/2	633	-men-														0
37	37	257/2	257/2	1.5	3/8	3/8	Chord	6/8	1	1	3/8		1/4	3/2	634	-tis														0
37	37	127	127	1.5	0	0	Chord	6/8	2	1	3/8		1/4	3/2	635	-men-														1
37	37	257/2	257/2	1.5	3/8	3/8	Chord	6/8	2	1	3/8		1/4	3/2	636	-tis														1
37	37	127	127	0.5	0	0	Chord	6/8	3	1	1/8		1/8	1	637															
37	37	255/2	255/2	0.5	1/8	1/8	Chord	6/8	3	1	1/8		1/8	1	638															
37	37	128	128	0.5	1/4	1/4	Chord	6/8	3	1	1/8		1/8	1	639															
37	37	257/2	257/2	0.5	3/8	3/8	Chord	6/8	3	1	1/8		1/8	1	640															
37	37	129	129	0.5	1/2	1/2	Chord	6/8	3	1	1/8		1/8	1	641															
37	37	259/2	259/2	0.5	5/8	5/8	Chord	6/8	3	1	1/8		1/8	1	642															
37	37	127	127	0.0	0	0	Spanner	6/8	4	1	0															4				2
37	37	127	127	1.0	0	0	Chord	6/8	4	1	1/4		1/4	1	643											4				2
37	37	257/2	257/2	1.0	3/8	3/8	Chord	6/8	4	1	1/4		1/4	1	644											4				2
37	37	127	127	3.0	0	0	Chord	6/8	4	2	3/4		1/2	3/2	645											4				2
38	38	130	130	0.0	0	0	Dynamic	6/8	1	1	0						f													
38	38	130	130	0.0	0	0	Spanner	6/8	1	1	0																			
38	38	130	130	1.5	0	0	Chord	6/8	1	1	3/8		1/4	3/2	646	et														
38	38	263/2	263/2	1.5	3/8	3/8	Chord	6/8	1	1	3/8		1/4	3/2	647	fla-														
38	38	130	130	0.0	0	0	Dynamic	6/8	2	1	0						f													
38	38	130	130	0.0	0	0	Spanner	6/8	2	1	0																			
38	38	130	130	1.5	0	0	Chord	6/8	2	1	3/8		1/4	3/2	648	et														
38	38	263/2	263/2	1.5	3/8	3/8	Chord	6/8	2	1	3/8		1/4	3/2	649	fla-														
38	38	130	130	0.5	0	0	Chord	6/8	3	1	1/8		1/8	1	650															
38	38	261/2	261/2	0.5	1/8	1/8	Chord	6/8	3	1	1/8		1/8	1	651															
38	38	131	131	0.5	1/4	1/4	Chord	6/8	3	1	1/8		1/8	1	652															
38	38	132	132	0.5	1/2	1/2	Chord	6/8	3	1	1/8		1/8	1	653															
38	38	265/2	265/2	0.5	5/8	5/8	Chord	6/8	3	1	1/8		1/8	1	654															
38	38	261/2	261/2	1.0	1/8	1/8	Chord	6/8	3	2	1/4		1/4	1	655															
38	38	132	132	1.0	1/2	1/2	Chord	6/8	3	2	1/4		1/4	1	656															
38	38	130	130	0.0	0	0	Dynamic	6/8	4	1	0						f													
38	38	130	130	0.0	0	0	Spanner	6/8	4	1	0																			
38	38	130	130	0.0	0	0	Spanner	6/8	4	1	0																			
38	38	130	130	1.5	0	0	Chord	6/8	4	1	3/8		1/4	3/2	657															
38	38	263/2	263/2	1.5	3/8	3/8	Chord	6/8	4	1	3/8		1/4	3/2	658															
39	39	133	133	1.5	0	0	Chord	6/8	1	1	3/8		1/4	3/2	659	-gel-														
39	39	269/2	269/2	1.5	3/8	3/8	Chord	6/8	1	1	3/8		1/4	3/2	660	-lis														
39	39	133	133	1.5	0	0	Chord	6/8	2	1	3/8		1/4	3/2	661	-gel-														
39	39	269/2	269/2	1.5	3/8	3/8	Chord	6/8	2	1	3/8		1/4	3/2	662	-lis														
39	39	267/2	267/2	0.5	1/8	1/8	Chord	6/8	3	1	1/8		1/8	1	663															
39	39	134	134	0.5	1/4	1/4	Chord	6/8	3	1	1/8		1/8	1	664															
39	39	135	135	0.5	1/2	1/2	Chord	6/8	3	1	1/8		1/8	1	665															
39	39	271/2	271/2	0.5	5/8	5/8	Chord	6/8	3	1	1/8		1/8	1	666															
39	39	267/2	267/2	1.0	1/8	1/8	Chord	6/8	3	2	1/4		1/4	1	667															
39	39	135	135	1.0	1/2	1/2	Chord	6/8	3	2	1/4		1/4	1	668															
39	39	133	133	1.5	0	0	Chord	6/8	4	1	3/8		1/4	3/2	669															
39	39	269/2	269/2	1.5	3/8	3/8	Chord	6/8	4	1	3/8		1/4	3/2	670															
40	40	136	136	1.5	0	0	Chord	6/8	1	1	3/8		1/4	3/2	671	sub-									44					
40	40	275/2	275/2	1.0	3/8	3/8	Chord	6/8	1	1	1/4		1/4	1	672															
40	40	277/2	277/2	0.5	5/8	5/8	Chord	6/8	1	1	1/8		1/8	1	673	-di-														
40	40	136	136	1.5	0	0	Chord	6/8	2	1	3/8		1/4	3/2	674	sub-									45					
40	40	275/2	275/2	1.0	3/8	3/8	Chord	6/8	2	1	1/4		1/4	1	675															
40	40	277/2	277/2	0.5	5/8	5/8	Chord	6/8	2	1	1/8		1/8	1	676	-di-														
40	40	273/2	273/2	0.5	1/8	1/8	Chord	6/8	3	1	1/8		1/8	1	677															
40	40	137	137	0.5	1/4	1/4	Chord	6/8	3	1	1/8		1/8	1	678															
40	40	138	138	0.5	1/2	1/2	Chord	6/8	3	1	1/8		1/8	1	679															
40	40	277/2	277/2	0.5	5/8	5/8	Chord	6/8	3	1	1/8		1/8	1	680															
40	40	136	136	0.0	0	0	Spanner	6/8	4	1	0															5				
40	40	136	136	1.5	0	0	Chord	6/8	4	1	3/8		1/4	3/2	681											5				
40	40	275/2	275/2	1.5	3/8	3/8	Chord	6/8	4	1	3/8		1/4	3/2	682											5				
41	41	139	139	1.5	0	0	Chord	6/8	1	1	3/8		1/4	3/2	683	-tum;														
41	41	139	139	1.5	0	0	Chord	6/8	2	1	3/8		1/4	3/2	684	-tum;														
41	41	139	139	1.0	0	0	Chord	6/8	3	1	1/4		1/4	1	685										46					
41	41	140	140	0.5	1/4	1/4	Chord	6/8	3	1	1/8		1/8	1	686															
41	41	139	139	0.0	0	0	Spanner	6/8	4	1	0																			
41	41	139	139	1.5	0	0	Chord	6/8	4	1	3/8		1/4	3/2	687															
42	42	142	142	0.0	0	0	Dynamic	6/8	1	1	0						p													
42	42	142	142	0.0	0	0	Tempo	6/8	1	1	0									ùÖ†=260	130.0	ùÖ†	260.0	0.0						
42	42	142	142	0.0	0	0	StaffText	6/8	1	1	0								(un poco pi√π lento)											
42	42	142	142	1.5	0	0	Chord	6/8	1	1	3/8		1/4	3/2	688	et														
42	42	287/2	287/2	1.5	3/8	3/8	Chord	6/8	1	1	3/8		1/4	3/2	689	fla-														
42	42	142	142	0.0	0	0	Dynamic	6/8	2	1	0						p													
42	42	142	142	1.5	0	0	Chord	6/8	2	1	3/8		1/4	3/2	690	et														
42	42	287/2	287/2	1.5	3/8	3/8	Chord	6/8	2	1	3/8		1/4	3/2	691	fla-														
42	42	285/2	285/2	0.5	1/8	1/8	Chord	6/8	3	1	1/8		1/8	1	692										47					
42	42	143	143	0.5	1/4	1/4	Chord	6/8	3	1	1/8		1/8	1	693															
42	42	144	144	0.5	1/2	1/2	Chord	6/8	3	1	1/8		1/8	1	694										48					
42	42	289/2	289/2	0.5	5/8	5/8	Chord	6/8	3	1	1/8		1/8	1	695															
42	42	285/2	285/2	1.0	1/8	1/8	Chord	6/8	3	2	1/4		1/4	1	696															
42	42	144	144	1.0	1/2	1/2	Chord	6/8	3	2	1/4		1/4	1	697															
42	42	142	142	0.0	0	0	Dynamic	6/8	4	1	0						pp													
42	42	142	142	1.5	0	0	Chord	6/8	4	1	3/8		1/4	3/2	698															
42	42	287/2	287/2	1.5	3/8	3/8	Chord	6/8	4	1	3/8		1/4	3/2	699															
43	43	145	145	1.5	0	0	Chord	6/8	1	1	3/8		1/4	3/2	700	-gel-														
43	43	293/2	293/2	1.5	3/8	3/8	Chord	6/8	1	1	3/8		1/4	3/2	701	-lis														
43	43	145	145	1.5	0	0	Chord	6/8	2	1	3/8		1/4	3/2	702	-gel-														
43	43	293/2	293/2	1.5	3/8	3/8	Chord	6/8	2	1	3/8		1/4	3/2	703	-lis														
43	43	291/2	291/2	0.5	1/8	1/8	Chord	6/8	3	1	1/8		1/8	1	704										49					
43	43	146	146	0.5	1/4	1/4	Chord	6/8	3	1	1/8		1/8	1	705															
43	43	147	147	0.5	1/2	1/2	Chord	6/8	3	1	1/8		1/8	1	706										50					
43	43	295/2	295/2	0.5	5/8	5/8	Chord	6/8	3	1	1/8		1/8	1	707															
43	43	291/2	291/2	1.0	1/8	1/8	Chord	6/8	3	2	1/4		1/4	1	708															
43	43	147	147	1.0	1/2	1/2	Chord	6/8	3	2	1/4		1/4	1	709															
43	43	145	145	1.5	0	0	Chord	6/8	4	1	3/8		1/4	3/2	710															
43	43	293/2	293/2	1.5	3/8	3/8	Chord	6/8	4	1	3/8		1/4	3/2	711															
44	44	148	148	1.5	0	0	Chord	6/8	1	1	3/8		1/4	3/2	712	sub-									51					
44	44	299/2	299/2	1.0	3/8	3/8	Chord	6/8	1	1	1/4		1/4	1	713															
44	44	301/2	301/2	0.5	5/8	5/8	Chord	6/8	1	1	1/8		1/8	1	714	-di-														
44	44	148	148	1.5	0	0	Chord	6/8	2	1	3/8		1/4	3/2	715	sub-									52					
44	44	299/2	299/2	1.0	3/8	3/8	Chord	6/8	2	1	1/4		1/4	1	716															
44	44	301/2	301/2	0.5	5/8	5/8	Chord	6/8	2	1	1/8		1/8	1	717	-di-														
44	44	297/2	297/2	0.5	1/8	1/8	Chord	6/8	3	1	1/8		1/8	1	718										53					
44	44	149	149	0.5	1/4	1/4	Chord	6/8	3	1	1/8		1/8	1	719															
44	44	150	150	0.5	1/2	1/2	Chord	6/8	3	1	1/8		1/8	1	720										54					
44	44	301/2	301/2	0.5	5/8	5/8	Chord	6/8	3	1	1/8		1/8	1	721															
44	44	148	148	1.5	0	0	Chord	6/8	4	1	3/8		1/4	3/2	722															
44	44	150	150	1.0	1/2	1/2	Chord	6/8	4	1	1/4		1/4	1	723															
44	44	299/2	299/2	1.5	3/8	3/8	Chord	6/8	4	2	3/8		1/4	3/2	724															
45	45	151	151	1.5	0	0	Chord	6/8	1	1	3/8		1/4	3/2	725	-tum.														
45	45	151	151	1.5	0	0	Chord	6/8	2	1	3/8		1/4	3/2	726	-tum.														
45	45	151	151	1.5	0	0	Chord	6/8	3	1	3/8		1/4	3/2	727															
45	45	305/2	305/2	0.5	3/8	3/8	Chord	6/8	3	1	1/8		1/8	1	728															
45	45	153	153	0.5	1/2	1/2	Chord	6/8	3	1	1/8		1/8	1	729															
45	45	307/2	307/2	0.5	5/8	5/8	Chord	6/8	3	1	1/8		1/8	1	730															
45	45	305/2	305/2	1.5	3/8	3/8	Chord	6/8	3	2	3/8		1/4	3/2	731															
45	45	151	151	1.5	0	0	Chord	6/8	4	1	3/8		1/4	3/2	732															
45	45	305/2	305/2	0.0	3/8	3/8	Dynamic	6/8	4	1	0						f													
45	45	151	151	1.5	0	0	Chord	6/8	4	2	3/8		1/4	3/2	733															
45	45	305/2	305/2	1.5	3/8	3/8	Chord	6/8	4	2	3/8		1/4	3/2	734															
46	46	154	154	1.5	0	0	Chord	6/8	3	1	3/8		1/4	3/2	735										55					
46	46	311/2	311/2	0.5	3/8	3/8	Chord	6/8	3	1	1/8		1/8	1	736										55					
46	46	156	156	0.5	1/2	1/2	Chord	6/8	3	1	1/8		1/8	1	737										55					
46	46	313/2	313/2	0.5	5/8	5/8	Chord	6/8	3	1	1/8		1/8	1	738										55					
46	46	154	154	0.5	0	0	Chord	6/8	3	2	1/8		1/8	1	739															
46	46	309/2	309/2	0.5	1/8	1/8	Chord	6/8	3	2	1/8		1/8	1	740										56					
46	46	155	155	0.5	1/4	1/4	Chord	6/8	3	2	1/8		1/8	1	741										56					
46	46	311/2	311/2	1.0	3/8	3/8	Chord	6/8	3	2	1/4		1/4	1	742										56					
46	46	313/2	313/2	0.5	5/8	5/8	Chord	6/8	3	2	1/8		1/8	1	743															
46	46	154	154	1.5	0	0	Chord	6/8	4	1	3/8		1/4	3/2	744															
46	46	311/2	311/2	1.5	3/8	3/8	Chord	6/8	4	1	3/8		1/4	3/2	745															
47	47	317/2	317/2	0.0	3/8	3/8	Tempo	6/8	1	1	0									ùÖ†=220	110.0	ùÖ†	220.0	0.0						
47	47	157	157	1.5	0	0	Chord	6/8	3	1	3/8		1/4	3/2	746															
47	47	317/2	317/2	0.5	3/8	3/8	Chord	6/8	3	1	1/8		1/8	1	747															
47	47	159	159	0.5	1/2	1/2	Chord	6/8	3	1	1/8		1/8	1	748															
47	47	319/2	319/2	0.5	5/8	5/8	Chord	6/8	3	1	1/8		1/8	1	749															
47	47	157	157	0.5	0	0	Chord	6/8	3	2	1/8		1/8	1	750										57					
47	47	315/2	315/2	0.5	1/8	1/8	Chord	6/8	3	2	1/8		1/8	1	751										57					
47	47	158	158	0.5	1/4	1/4	Chord	6/8	3	2	1/8		1/8	1	752										57					
47	47	317/2	317/2	1.5	3/8	3/8	Chord	6/8	3	2	3/8		1/4	3/2	753															
47	47	157	157	1.5	0	0	Chord	6/8	4	1	3/8		1/4	3/2	754															
47	47	317/2	317/2	0.0	3/8	3/8	Dynamic	6/8	4	1	0						p													
47	47	317/2	317/2	0.0	3/8	3/8	StaffText	6/8	4	1	0								un poco rit.											
47	47	317/2	317/2	1.5	3/8	3/8	Chord	6/8	4	1	3/8		1/4	3/2	755															
48	48	160	160	1.5	0	0	Chord	6/8	3	1	3/8		1/4	3/2	756										58					
48	48	323/2	323/2	0.5	3/8	3/8	Chord	6/8	3	1	1/8		1/8	1	757										58					
48	48	162	162	0.5	1/2	1/2	Chord	6/8	3	1	1/8		1/8	1	758										58					
48	48	325/2	325/2	0.5	5/8	5/8	Chord	6/8	3	1	1/8		1/8	1	759															
48	48	160	160	0.5	0	0	Chord	6/8	3	2	1/8		1/8	1	760										59					
48	48	321/2	321/2	0.5	1/8	1/8	Chord	6/8	3	2	1/8		1/8	1	761										59					
48	48	161	161	0.5	1/4	1/4	Chord	6/8	3	2	1/8		1/8	1	762										59					
48	48	323/2	323/2	1.0	3/8	3/8	Chord	6/8	3	2	1/4		1/4	1	763										59					
48	48	160	160	1.5	0	0	Chord	6/8	4	1	3/8		1/4	3/2	764															
48	48	323/2	323/2	1.5	3/8	3/8	Chord	6/8	4	1	3/8		1/4	3/2	765															
49	49	163	163	1.5	0	0	Chord	6/8	3	1	3/8		1/4	3/2	766										60					
49	49	329/2	329/2	1.5	3/8	3/8	Chord	6/8	3	1	3/8		1/4	3/2	767															
49	49	163	163	0.0	0	0	Dynamic	6/8	4	1	0						pp													
49	49	163	163	3.0	0	0	Chord	6/8	4	1	3/4		1/2	3/2	768															
