mc	mn	quarterbeats	quarterbeats_all_endings	duration_qb	mc_onset	mn_onset	event	timesig	staff	voice	duration	gracenote	nominal_duration	scalar	chord_id	lyrics_1	dynamics	articulation	staff_text	tempo	qpm	metronome_base	metronome_number	tempo_visible	slur	crescendo_hairpin	diminuendo_line	HairPin:3_smorz.	decrescendo_hairpin
1	1	0	0	0.0	0	0	Tempo	4/4	1	1	0									Tempogiusto	52.0			1.0					
1	1	0	0	0.0	0	0	Tempo	4/4	1	1	0									ùÖü=84	84.0	ùÖü	84.0	0.0					
1	1	0	0	1.0	0	0	Chord	4/4	2	1	1/4		1/4	1	0										0				
1	1	1	1	0.125	1/4	1/4	Chord	4/4	2	1	1/32		1/32	1	1										0, 1				
1	1	9/8	9/8	0.375	9/32	9/32	Chord	4/4	2	1	3/32		1/16	3/2	2										0				
1	1	3/2	3/2	0.125	3/8	3/8	Chord	4/4	2	1	1/32		1/32	1	3										0, 2				
1	1	13/8	13/8	0.375	13/32	13/32	Chord	4/4	2	1	3/32		1/16	3/2	4														
1	1	2	2	0.5	1/2	1/2	Chord	4/4	2	1	1/8		1/8	1	5														
1	1	5/2	5/2	0.5	5/8	5/8	Chord	4/4	2	1	1/8		1/8	1	6														
1	1	3	3	0.5	3/4	3/4	Chord	4/4	2	1	1/8		1/8	1	7														
1	1	7/2	7/2	0.5	7/8	7/8	Chord	4/4	2	1	1/8		1/8	1	8														
1	1	0	0	0.5	0	0	Chord	4/4	2	2	1/8		1/8	1	9														
1	1	1/2	1/2	0.5	1/8	1/8	Chord	4/4	2	2	1/8		1/8	1	10														
1	1	1	1	0.5	1/4	1/4	Chord	4/4	2	2	1/8		1/8	1	11														
1	1	3/2	3/2	0.5	3/8	3/8	Chord	4/4	2	2	1/8		1/8	1	12														
1	1	2	2	0.5	1/2	1/2	Chord	4/4	2	2	1/8		1/8	1	13										3				
1	1	5/2	5/2	1.5	5/8	5/8	Chord	4/4	2	2	3/8		1/4	3/2	14														
1	1	0	0	0.0	0	0	Dynamic	4/4	3	1	0						mf												
1	1	0	0	0.5	0	0	Chord	4/4	3	1	1/8		1/8	1	15														
1	1	1/2	1/2	0.5	1/8	1/8	Chord	4/4	3	1	1/8		1/8	1	16														
1	1	1	1	0.5	1/4	1/4	Chord	4/4	3	1	1/8		1/8	1	17														
1	1	3/2	3/2	0.5	3/8	3/8	Chord	4/4	3	1	1/8		1/8	1	18														
1	1	2	2	0.5	1/2	1/2	Chord	4/4	3	1	1/8		1/8	1	19										4				
1	1	5/2	5/2	0.5	5/8	5/8	Chord	4/4	3	1	1/8		1/8	1	20														
1	1	3	3	0.5	3/4	3/4	Chord	4/4	3	1	1/8		1/8	1	21														
1	1	7/2	7/2	0.5	7/8	7/8	Chord	4/4	3	1	1/8		1/8	1	22														
2	2	4	4	0.5	0	0	Chord	4/4	2	1	1/8		1/8	1	23														
2	2	9/2	9/2	0.5	1/8	1/8	Chord	4/4	2	1	1/8		1/8	1	24														
2	2	5	5	0.125	1/4	1/4	Chord	4/4	2	1	1/32		1/32	1	25										5				
2	2	41/8	41/8	0.375	9/32	9/32	Chord	4/4	2	1	3/32		1/16	3/2	26														
2	2	11/2	11/2	0.125	3/8	3/8	Chord	4/4	2	1	1/32		1/32	1	27										6				
2	2	45/8	45/8	0.375	13/32	13/32	Chord	4/4	2	1	3/32		1/16	3/2	28														
2	2	6	6	0.25	1/2	1/2	Chord	4/4	2	1	1/16		1/16	1	29										7				
2	2	25/4	25/4	0.25	9/16	9/16	Chord	4/4	2	1	1/16		1/16	1	30														
2	2	13/2	13/2	1.0	5/8	5/8	Chord	4/4	2	1	1/4		1/4	1	31										8				
2	2	15/2	15/2	0.5	7/8	7/8	Chord	4/4	2	1	1/8		1/8	1	32														
2	2	4	4	1.0	0	0	Chord	4/4	2	2	1/4		1/4	1	33														
2	2	5	5	0.5	1/4	1/4	Chord	4/4	2	2	1/8		1/8	1	34														
2	2	11/2	11/2	0.5	3/8	3/8	Chord	4/4	2	2	1/8		1/8	1	35														
2	2	6	6	0.25	1/2	1/2	Chord	4/4	2	2	1/16		1/16	1	36										9				
2	2	25/4	25/4	0.25	9/16	9/16	Chord	4/4	2	2	1/16		1/16	1	37										9				
2	2	13/2	13/2	1.5	5/8	5/8	Chord	4/4	2	2	3/8		1/4	3/2	38														
2	2	6	6	2.0	1/2	1/2	Chord	4/4	3	1	1/2		1/2	1	39														
2	2	4	4	0.5	0	0	Chord	4/4	3	2	1/8		1/8	1	40														
2	2	9/2	9/2	0.5	1/8	1/8	Chord	4/4	3	2	1/8		1/8	1	41														
2	2	5	5	0.5	1/4	1/4	Chord	4/4	3	2	1/8		1/8	1	42														
2	2	11/2	11/2	0.5	3/8	3/8	Chord	4/4	3	2	1/8		1/8	1	43														
2	2	6	6	0.5	1/2	1/2	Chord	4/4	3	2	1/8		1/8	1	44														
2	2	13/2	13/2	0.5	5/8	5/8	Chord	4/4	3	2	1/8		1/8	1	45														
2	2	7	7	0.5	3/4	3/4	Chord	4/4	3	2	1/8		1/8	1	46														
2	2	15/2	15/2	0.5	7/8	7/8	Chord	4/4	3	2	1/8		1/8	1	47														
3	3	33/4	33/4	0.25	1/16	1/16	Chord	4/4	2	1	1/16		1/16	1	48										10				
3	3	17/2	17/2	0.25	1/8	1/8	Chord	4/4	2	1	1/16		1/16	1	49										10				
3	3	35/4	35/4	0.25	3/16	3/16	Chord	4/4	2	1	1/16		1/16	1	50										10				
3	3	9	9	0.25	1/4	1/4	Chord	4/4	2	1	1/16		1/16	1	51										10				
3	3	37/4	37/4	0.25	5/16	5/16	Chord	4/4	2	1	1/16		1/16	1	52										10				
3	3	19/2	19/2	0.25	3/8	3/8	Chord	4/4	2	1	1/16		1/16	1	53										10				
3	3	39/4	39/4	0.25	7/16	7/16	Chord	4/4	2	1	1/16		1/16	1	54														
3	3	10	10	0.25	1/2	1/2	Chord	4/4	2	1	1/16		1/16	1	55			articStaccatissimoAbove											
3	3	41/4	41/4	0.25	9/16	9/16	Chord	4/4	2	1	1/16		1/16	1	56										11				
3	3	21/2	21/2	0.25	5/8	5/8	Chord	4/4	2	1	1/16		1/16	1	57										11				
3	3	43/4	43/4	0.25	11/16	11/16	Chord	4/4	2	1	1/16		1/16	1	58														
3	3	11	11	0.5	3/4	3/4	Chord	4/4	2	1	1/8		1/8	1	59										12				
3	3	23/2	23/2	0.5	7/8	7/8	Chord	4/4	2	1	1/8		1/8	1	60														
3	3	8	8	2.0	0	0	Chord	4/4	2	2	1/2		1/2	1	61														
3	3	10	10	2.0	1/2	1/2	Chord	4/4	2	2	1/2		1/2	1	62														
3	3	8	8	2.0	0	0	Chord	4/4	3	1	1/2		1/2	1	63														
3	3	33/4	33/4	0.0	1/16	1/16	Dynamic	4/4	3	1	0						other-dynamics												
3	3	10	10	2.0	1/2	1/2	Chord	4/4	3	1	1/2		1/2	1	64														
3	3	10	10	2.0	1/2	1/2	Chord	4/4	3	2	1/2		1/2	1	65														
4	4	12	12	0.25	0	0	Chord	4/4	2	1	1/16		1/16	1	66														
4	4	49/4	49/4	0.25	1/16	1/16	Chord	4/4	2	1	1/16		1/16	1	67														
4	4	25/2	25/2	0.25	1/8	1/8	Chord	4/4	2	1	1/16		1/16	1	68										13				
4	4	51/4	51/4	0.25	3/16	3/16	Chord	4/4	2	1	1/16		1/16	1	69										13				
4	4	13	13	0.25	1/4	1/4	Chord	4/4	2	1	1/16		1/16	1	70										13				
4	4	53/4	53/4	0.25	5/16	5/16	Chord	4/4	2	1	1/16		1/16	1	71										13				
4	4	27/2	27/2	0.25	3/8	3/8	Chord	4/4	2	1	1/16		1/16	1	72														
4	4	55/4	55/4	0.25	7/16	7/16	Chord	4/4	2	1	1/16		1/16	1	73														
4	4	14	14	0.25	1/2	1/2	Chord	4/4	2	1	1/16		1/16	1	74														
4	4	57/4	57/4	0.25	9/16	9/16	Chord	4/4	2	1	1/16		1/16	1	75										14				
4	4	29/2	29/2	0.25	5/8	5/8	Chord	4/4	2	1	1/16		1/16	1	76										14				
4	4	59/4	59/4	0.25	11/16	11/16	Chord	4/4	2	1	1/16		1/16	1	77														
4	4	15	15	0.5	3/4	3/4	Chord	4/4	2	1	1/8		1/8	1	78										15				
4	4	31/2	31/2	0.5	7/8	7/8	Chord	4/4	2	1	1/8		1/8	1	79														
4	4	12	12	2.0	0	0	Chord	4/4	2	2	1/2		1/2	1	80														
4	4	14	14	2.0	1/2	1/2	Chord	4/4	2	2	1/2		1/2	1	81														
4	4	12	12	1.0	0	0	Chord	4/4	3	1	1/4		1/4	1	82														
4	4	13	13	1.0	1/4	1/4	Chord	4/4	3	1	1/4		1/4	1	83														
4	4	14	14	2.0	1/2	1/2	Chord	4/4	3	1	1/2		1/2	1	84														
4	4	12	12	2.0	0	0	Chord	4/4	3	2	1/2		1/2	1	85														
4	4	14	14	2.0	1/2	1/2	Chord	4/4	3	2	1/2		1/2	1	86														
5	5	16	16	0.25	0	0	Chord	4/4	2	1	1/16		1/16	1	87														
5	5	65/4	65/4	0.25	1/16	1/16	Chord	4/4	2	1	1/16		1/16	1	88										16				
5	5	33/2	33/2	0.25	1/8	1/8	Chord	4/4	2	1	1/16		1/16	1	89										16				
5	5	67/4	67/4	0.25	3/16	3/16	Chord	4/4	2	1	1/16		1/16	1	90										16				
5	5	17	17	0.25	1/4	1/4	Chord	4/4	2	1	1/16		1/16	1	91										16				
5	5	69/4	69/4	0.25	5/16	5/16	Chord	4/4	2	1	1/16		1/16	1	92										16				
5	5	35/2	35/2	0.25	3/8	3/8	Chord	4/4	2	1	1/16		1/16	1	93										16				
5	5	71/4	71/4	0.25	7/16	7/16	Chord	4/4	2	1	1/16		1/16	1	94														
5	5	18	18	0.25	1/2	1/2	Chord	4/4	2	1	1/16		1/16	1	95										17				
5	5	73/4	73/4	0.25	9/16	9/16	Chord	4/4	2	1	1/16		1/16	1	96										17				
5	5	37/2	37/2	0.25	5/8	5/8	Chord	4/4	2	1	1/16		1/16	1	97										17				
5	5	75/4	75/4	0.25	11/16	11/16	Chord	4/4	2	1	1/16		1/16	1	98										17				
5	5	19	19	0.25	3/4	3/4	Chord	4/4	2	1	1/16		1/16	1	99										17				
5	5	77/4	77/4	0.25	13/16	13/16	Chord	4/4	2	1	1/16		1/16	1	100										17				
5	5	39/2	39/2	0.25	7/8	7/8	Chord	4/4	2	1	1/16		1/16	1	101										17				
5	5	79/4	79/4	0.25	15/16	15/16	Chord	4/4	2	1	1/16		1/16	1	102														
5	5	16	16	1.0	0	0	Chord	4/4	2	2	1/4		1/4	1	103														
5	5	19	19	1.0	3/4	3/4	Chord	4/4	2	2	1/4		1/4	1	104														
5	5	19	19	1.0	3/4	3/4	Chord	4/4	2	3	1/4		1/4	1	105										18				
5	5	16	16	1.0	0	0	Chord	4/4	3	1	1/4		1/4	1	106														
5	5	17	17	1.0	1/4	1/4	Chord	4/4	3	1	1/4		1/4	1	107														
5	5	18	18	0.75	1/2	1/2	Chord	4/4	3	1	3/16		1/8	3/2	108														
5	5	75/4	75/4	0.25	11/16	11/16	Chord	4/4	3	1	1/16		1/16	1	109														
5	5	19	19	1.0	3/4	3/4	Chord	4/4	3	1	1/4		1/4	1	110														
5	5	16	16	2.0	0	0	Chord	4/4	3	2	1/2		1/2	1	111														
5	5	18	18	1.0	1/2	1/2	Chord	4/4	3	2	1/4		1/4	1	112														
5	5	19	19	1.0	3/4	3/4	Chord	4/4	3	2	1/4		1/4	1	113														
6	6	20	20	0.5	0	0	Chord	4/4	2	1	1/8		1/8	1	114														
6	6	41/2	41/2	1.0	1/8	1/8	Chord	4/4	2	1	1/4		1/4	1	115										19				
6	6	43/2	43/2	0.5	3/8	3/8	Chord	4/4	2	1	1/8		1/8	1	116														
6	6	22	22	0.5	1/2	1/2	Chord	4/4	2	1	1/8		1/8	1	117														
6	6	45/2	45/2	0.5	5/8	5/8	Chord	4/4	2	1	1/8		1/8	1	118										20				
6	6	23	23	0.25	3/4	3/4	Chord	4/4	2	1	1/16		1/16	1	119										20				
6	6	93/4	93/4	0.125	13/16	13/16	Chord	4/4	2	1	1/32		1/32	1	120										20				
6	6	187/8	187/8	0.125	27/32	27/32	Chord	4/4	2	1	1/32		1/32	1	121										20				
6	6	47/2	47/2	0.25	7/8	7/8	Chord	4/4	2	1	1/16		1/16	1	122										20				
6	6	95/4	95/4	0.25	15/16	15/16	Chord	4/4	2	1	1/16		1/16	1	123														
6	6	20	20	1.0	0	0	Chord	4/4	2	2	1/4		1/4	1	124														
6	6	21	21	1.0	1/4	1/4	Chord	4/4	2	2	1/4		1/4	1	125														
6	6	22	22	2.0	1/2	1/2	Chord	4/4	2	2	1/2		1/2	1	126														
6	6	20	20	1.0	0	0	Chord	4/4	2	3	1/4		1/4	1	127														
6	6	20	20	0.0	0	0	Dynamic	4/4	3	1	0						f												
6	6	21	21	1.0	1/4	1/4	Chord	4/4	3	1	1/4		1/4	1	128														
6	6	22	22	1.0	1/2	1/2	Chord	4/4	3	1	1/4		1/4	1	129														
6	6	23	23	1.0	3/4	3/4	Chord	4/4	3	1	1/4		1/4	1	130														
6	6	20	20	1.0	0	0	Chord	4/4	3	2	1/4		1/4	1	131														
7	7	24	24	0.0	0	0	Spanner	4/4	2	1	0																		0
7	7	24	24	0.5	0	0	Chord	4/4	2	1	1/8		1/8	1	132										21				0
7	7	49/2	49/2	1.0	1/8	1/8	Chord	4/4	2	1	1/4		1/4	1	133														0
7	7	51/2	51/2	0.5	3/8	3/8	Chord	4/4	2	1	1/8		1/8	1	134														0
7	7	26	26	0.0	1/2	1/2	Dynamic	4/4	2	1	0						p												
7	7	26	26	0.0	1/2	1/2	Spanner	4/4	2	1	0																		
7	7	26	26	0.5	1/2	1/2	Chord	4/4	2	1	1/8		1/8	1	135														
7	7	53/2	53/2	1.0	5/8	5/8	Chord	4/4	2	1	1/4		1/4	1	136										22				
7	7	55/2	55/2	0.5	7/8	7/8	Chord	4/4	2	1	1/8		1/8	1	137														
7	7	24	24	1.0	0	0	Chord	4/4	2	2	1/4		1/4	1	138														
7	7	25	25	1.0	1/4	1/4	Chord	4/4	2	2	1/4		1/4	1	139														
7	7	26	26	1.0	1/2	1/2	Chord	4/4	2	2	1/4		1/4	1	140														
7	7	27	27	1.0	3/4	3/4	Chord	4/4	2	2	1/4		1/4	1	141														
7	7	24	24	1.0	0	0	Chord	4/4	3	1	1/4		1/4	1	142														
7	7	25	25	2.0	1/4	1/4	Chord	4/4	3	1	1/2		1/2	1	143														
7	7	27	27	1.0	3/4	3/4	Chord	4/4	3	1	1/4		1/4	1	144														
8	8	28	28	0.0	0	0	Spanner	4/4	2	1	0															0			
8	8	28	28	0.5	0	0	Chord	4/4	2	1	1/8		1/8	1	145											0			
8	8	57/2	57/2	0.5	1/8	1/8	Chord	4/4	2	1	1/8		1/8	1	146											0			
8	8	29	29	0.25	1/4	1/4	Chord	4/4	2	1	1/16		1/16	1	147											0			
8	8	117/4	117/4	0.0	5/16	5/16	Spanner	4/4	2	1	0																		
8	8	117/4	117/4	0.125	5/16	5/16	Chord	4/4	2	1	1/32		1/32	1	148														
8	8	235/8	235/8	0.125	11/32	11/32	Chord	4/4	2	1	1/32		1/32	1	149														
8	8	59/2	59/2	0.25	3/8	3/8	Chord	4/4	2	1	1/16		1/16	1	150														
8	8	119/4	119/4	0.25	7/16	7/16	Chord	4/4	2	1	1/16		1/16	1	151														
8	8	30	30	0.5	1/2	1/2	Chord	4/4	2	1	1/8		1/8	1	152														
8	8	61/2	61/2	0.5	5/8	5/8	Chord	4/4	2	1	1/8		1/8	1	153														
8	8	31	31	0.25	3/4	3/4	Chord	4/4	2	1	1/16		1/16	1	154														
8	8	125/4	125/4	0.0	13/16	13/16	Spanner	4/4	2	1	0																		1
8	8	125/4	125/4	0.25	13/16	13/16	Chord	4/4	2	1	1/16		1/16	1	155										23				1
8	8	63/2	63/2	0.25	7/8	7/8	Chord	4/4	2	1	1/16		1/16	1	156										23				1
8	8	127/4	127/4	0.25	15/16	15/16	Chord	4/4	2	1	1/16		1/16	1	157														1
8	8	28	28	1.5	0	0	Chord	4/4	2	2	3/8		1/4	3/2	158														1
8	8	59/2	59/2	0.5	3/8	3/8	Chord	4/4	2	2	1/8		1/8	1	159														1
8	8	28	28	0.5	0	0	Chord	4/4	3	1	1/8		1/8	1	160														
8	8	57/2	57/2	0.5	1/8	1/8	Chord	4/4	3	1	1/8		1/8	1	161														
8	8	29	29	0.5	1/4	1/4	Chord	4/4	3	1	1/8		1/8	1	162														
8	8	59/2	59/2	0.5	3/8	3/8	Chord	4/4	3	1	1/8		1/8	1	163														
8	8	30	30	0.5	1/2	1/2	Chord	4/4	3	1	1/8		1/8	1	164														
8	8	61/2	61/2	0.5	5/8	5/8	Chord	4/4	3	1	1/8		1/8	1	165														
8	8	31	31	0.5	3/4	3/4	Chord	4/4	3	1	1/8		1/8	1	166														
8	8	63/2	63/2	0.5	7/8	7/8	Chord	4/4	3	1	1/8		1/8	1	167														
9	9	32	32	0.0	0	0	StaffText	4/4	1	1	0								<i>Sopr. solo</i>										
9	9	34	34	0.0	1/2	1/2	Dynamic	4/4	1	1	0						mp												
9	9	34	34	1.0	1/2	1/2	Chord	4/4	1	1	1/4		1/4	1	168	Vi-									24				
9	9	35	35	0.125	3/4	3/4	Chord	4/4	1	1	1/32		1/32	1	169										24				
9	9	281/8	281/8	0.375	25/32	25/32	Chord	4/4	1	1	3/32		1/16	3/2	170														
9	9	71/2	71/2	0.125	7/8	7/8	Chord	4/4	1	1	1/32		1/32	1	171	-dit									25				
9	9	285/8	285/8	0.375	29/32	29/32	Chord	4/4	1	1	3/32		1/16	3/2	172														
9	9	32	32	0.5	0	0	Chord	4/4	2	1	1/8		1/8	1	173														1
9	9	65/2	65/2	0.5	1/8	1/8	Chord	4/4	2	1	1/8		1/8	1	174														1
9	9	33	33	0.0	1/4	1/4	Spanner	4/4	2	1	0																		
9	9	33	33	1.0	1/4	1/4	Chord	4/4	2	1	1/4		1/4	1	175														
9	9	34	34	0.0	1/2	1/2	Dynamic	4/4	2	1	0						p												
9	9	34	34	0.5	1/2	1/2	Chord	4/4	2	1	1/8		1/8	1	176														
9	9	69/2	69/2	0.5	5/8	5/8	Chord	4/4	2	1	1/8		1/8	1	177														
9	9	35	35	0.5	3/4	3/4	Chord	4/4	2	1	1/8		1/8	1	178														
9	9	71/2	71/2	0.5	7/8	7/8	Chord	4/4	2	1	1/8		1/8	1	179														
9	9	32	32	1.0	0	0	Chord	4/4	3	1	1/4		1/4	1	180														
9	9	34	34	0.5	1/2	1/2	Chord	4/4	3	1	1/8		1/8	1	181														
9	9	69/2	69/2	0.5	5/8	5/8	Chord	4/4	3	1	1/8		1/8	1	182														
9	9	35	35	0.5	3/4	3/4	Chord	4/4	3	1	1/8		1/8	1	183														
9	9	71/2	71/2	0.5	7/8	7/8	Chord	4/4	3	1	1/8		1/8	1	184														
10	10	36	36	0.5	0	0	Chord	4/4	1	1	1/8		1/8	1	185	su-													
10	10	73/2	73/2	1.5	1/8	1/8	Chord	4/4	1	1	3/8		1/4	3/2	186	-um													
10	10	38	38	1.0	1/2	1/2	Chord	4/4	1	1	1/4		1/4	1	187	dul-									26				
10	10	39	39	0.125	3/4	3/4	Chord	4/4	1	1	1/32		1/32	1	188										26				
10	10	313/8	313/8	0.375	25/32	25/32	Chord	4/4	1	1	3/32		1/16	3/2	189														
10	10	79/2	79/2	0.125	7/8	7/8	Chord	4/4	1	1	1/32		1/32	1	190	-cem									27				
10	10	317/8	317/8	0.375	29/32	29/32	Chord	4/4	1	1	3/32		1/16	3/2	191														
10	10	36	36	0.5	0	0	Chord	4/4	2	1	1/8		1/8	1	192														
10	10	73/2	73/2	0.5	1/8	1/8	Chord	4/4	2	1	1/8		1/8	1	193														
10	10	37	37	0.5	1/4	1/4	Chord	4/4	2	1	1/8		1/8	1	194														
10	10	75/2	75/2	0.5	3/8	3/8	Chord	4/4	2	1	1/8		1/8	1	195														
10	10	38	38	0.5	1/2	1/2	Chord	4/4	2	1	1/8		1/8	1	196														
10	10	77/2	77/2	0.5	5/8	5/8	Chord	4/4	2	1	1/8		1/8	1	197														
10	10	39	39	0.5	3/4	3/4	Chord	4/4	2	1	1/8		1/8	1	198														
10	10	79/2	79/2	0.5	7/8	7/8	Chord	4/4	2	1	1/8		1/8	1	199														
10	10	36	36	0.5	0	0	Chord	4/4	3	1	1/8		1/8	1	200														
10	10	73/2	73/2	0.5	1/8	1/8	Chord	4/4	3	1	1/8		1/8	1	201														
10	10	37	37	0.5	1/4	1/4	Chord	4/4	3	1	1/8		1/8	1	202														
10	10	75/2	75/2	0.5	3/8	3/8	Chord	4/4	3	1	1/8		1/8	1	203														
10	10	38	38	0.5	1/2	1/2	Chord	4/4	3	1	1/8		1/8	1	204														
10	10	77/2	77/2	0.5	5/8	5/8	Chord	4/4	3	1	1/8		1/8	1	205														
10	10	39	39	0.5	3/4	3/4	Chord	4/4	3	1	1/8		1/8	1	206														
10	10	79/2	79/2	0.5	7/8	7/8	Chord	4/4	3	1	1/8		1/8	1	207														
11	11	40	40	0.16666666666666666	0	0	Chord	4/4	1	1	1/24		1/16	2/3	208	na-													
11	11	241/6	241/6	0.16666666666666666	1/24	1/24	Chord	4/4	1	1	1/24		1/16	2/3	209														
11	11	121/3	121/3	0.16666666666666666	1/12	1/12	Chord	4/4	1	1	1/24		1/16	2/3	210														
11	11	81/2	81/2	0.5	1/8	1/8	Chord	4/4	1	1	1/8		1/8	1	211	-tum													
11	11	42	42	0.0	1/2	1/2	Dynamic	4/4	1	1	0						p												
11	11	42	42	1.0	1/2	1/2	Chord	4/4	1	1	1/4		1/4	1	212	mo-													
11	11	43	43	1.0	3/4	3/4	Chord	4/4	1	1	1/4		1/4	1	213	-ri-													
11	11	40	40	0.25	0	0	Chord	4/4	2	1	1/16		1/16	1	214										28				
11	11	161/4	161/4	0.25	1/16	1/16	Chord	4/4	2	1	1/16		1/16	1	215										28				
11	11	81/2	81/2	0.5	1/8	1/8	Chord	4/4	2	1	1/8		1/8	1	216														
11	11	41	41	0.25	1/4	1/4	Chord	4/4	2	1	1/16		1/16	1	217														
11	11	165/4	165/4	0.25	5/16	5/16	Chord	4/4	2	1	1/16		1/16	1	218														
11	11	83/2	83/2	0.25	3/8	3/8	Chord	4/4	2	1	1/16		1/16	1	219														
11	11	167/4	167/4	0.25	7/16	7/16	Chord	4/4	2	1	1/16		1/16	1	220														
11	11	43	43	1.0	3/4	3/4	Chord	4/4	2	1	1/4		1/4	1	221										29				
11	11	40	40	0.5	0	0	Chord	4/4	2	2	1/8		1/8	1	222														
11	11	81/2	81/2	0.25	1/8	1/8	Chord	4/4	2	2	1/16		1/16	1	223										30				
11	11	163/4	163/4	0.25	3/16	3/16	Chord	4/4	2	2	1/16		1/16	1	224										30				
11	11	41	41	0.5	1/4	1/4	Chord	4/4	2	2	1/8		1/8	1	225														
11	11	83/2	83/2	0.5	3/8	3/8	Chord	4/4	2	2	1/8		1/8	1	226														
11	11	42	42	2.0	1/2	1/2	Chord	4/4	2	2	1/2		1/2	1	227														
11	11	40	40	0.5	0	0	Chord	4/4	3	1	1/8		1/8	1	228														
11	11	81/2	81/2	0.5	1/8	1/8	Chord	4/4	3	1	1/8		1/8	1	229										31				
11	11	41	41	0.5	1/4	1/4	Chord	4/4	3	1	1/8		1/8	1	230			articStaccatoAbove							31				
11	11	83/2	83/2	0.0	3/8	3/8	Dynamic	4/4	3	1	0						other-dynamics												
11	11	83/2	83/2	0.5	3/8	3/8	Chord	4/4	3	1	1/8		1/8	1	231			articStaccatoAbove											
11	11	42	42	2.0	1/2	1/2	Chord	4/4	3	1	1/2		1/2	1	232														
12	12	44	44	0.5	0	0	Chord	4/4	1	1	1/8		1/8	1	233	-en-									32				
12	12	89/2	89/2	0.5	1/8	1/8	Chord	4/4	1	1	1/8		1/8	1	234														
12	12	45	45	1.0	1/4	1/4	Chord	4/4	1	1	1/4		1/4	1	235	-tem,		articStaccatissimoAbove											
12	12	46	46	1.0	1/2	1/2	Chord	4/4	1	1	1/4		1/4	1	236	de-													
12	12	47	47	1.0	3/4	3/4	Chord	4/4	1	1	1/4		1/4	1	237	-so-													
12	12	44	44	0.5	0	0	Chord	4/4	2	1	1/8		1/8	1	238										29				
12	12	89/2	89/2	0.5	1/8	1/8	Chord	4/4	2	1	1/8		1/8	1	239										29				
12	12	45	45	1.0	1/4	1/4	Chord	4/4	2	1	1/4		1/4	1	240														
12	12	47	47	1.0	3/4	3/4	Chord	4/4	2	1	1/4		1/4	1	241										33				
12	12	44	44	2.0	0	0	Chord	4/4	2	2	1/2		1/2	1	242														
12	12	46	46	2.0	1/2	1/2	Chord	4/4	2	2	1/2		1/2	1	243														
12	12	44	44	2.0	0	0	Chord	4/4	3	1	1/2		1/2	1	244														
12	12	46	46	2.0	1/2	1/2	Chord	4/4	3	1	1/2		1/2	1	245														
13	13	48	48	0.5	0	0	Chord	4/4	1	1	1/8		1/8	1	246	-la-									34				
13	13	97/2	97/2	0.5	1/8	1/8	Chord	4/4	1	1	1/8		1/8	1	247														
13	13	49	49	1.0	1/4	1/4	Chord	4/4	1	1	1/4		1/4	1	248	-tum,		articStaccatissimoAbove											
13	13	50	50	1.0	1/2	1/2	Chord	4/4	1	1	1/4		1/4	1	249	mo-													
13	13	51	51	1.0	3/4	3/4	Chord	4/4	1	1	1/4		1/4	1	250	-ri-													
13	13	48	48	0.5	0	0	Chord	4/4	2	1	1/8		1/8	1	251										33				
13	13	97/2	97/2	0.5	1/8	1/8	Chord	4/4	2	1	1/8		1/8	1	252														
13	13	49	49	1.0	1/4	1/4	Chord	4/4	2	1	1/4		1/4	1	253														
13	13	51	51	1.0	3/4	3/4	Chord	4/4	2	1	1/4		1/4	1	254										35				
13	13	48	48	2.0	0	0	Chord	4/4	2	2	1/2		1/2	1	255														
13	13	50	50	2.0	1/2	1/2	Chord	4/4	2	2	1/2		1/2	1	256														
13	13	48	48	2.0	0	0	Chord	4/4	3	1	1/2		1/2	1	257														
13	13	50	50	2.0	1/2	1/2	Chord	4/4	3	1	1/2		1/2	1	258														
14	14	52	52	0.5	0	0	Chord	4/4	1	1	1/8		1/8	1	259	-en-									36				
14	14	105/2	105/2	0.5	1/8	1/8	Chord	4/4	1	1	1/8		1/8	1	260														
14	14	53	53	1.0	1/4	1/4	Chord	4/4	1	1	1/4		1/4	1	261	-tem,		articStaccatissimoAbove											
14	14	54	54	1.0	1/2	1/2	Chord	4/4	1	1	1/4		1/4	1	262	de-		ornamentTrill											
14	14	55	55	1.0	3/4	3/4	Chord	4/4	1	1	1/4		1/4	1	263	-so-		ornamentTrill											
14	14	52	52	0.5	0	0	Chord	4/4	2	1	1/8		1/8	1	264										35				
14	14	105/2	105/2	0.5	1/8	1/8	Chord	4/4	2	1	1/8		1/8	1	265														
14	14	53	53	1.0	1/4	1/4	Chord	4/4	2	1	1/4		1/4	1	266														
14	14	54	54	1.0	1/2	1/2	Chord	4/4	2	1	1/4		1/4	1	267			articStaccatissimoAbove											
14	14	55	55	1.0	3/4	3/4	Chord	4/4	2	1	1/4		1/4	1	268			articStaccatissimoAbove											
14	14	52	52	2.0	0	0	Chord	4/4	2	2	1/2		1/2	1	269														
14	14	54	54	1.0	1/2	1/2	Chord	4/4	2	2	1/4		1/4	1	270										37				
14	14	55	55	0.5	3/4	3/4	Chord	4/4	2	2	1/8		1/8	1	271										37				
14	14	111/2	111/2	0.5	7/8	7/8	Chord	4/4	2	2	1/8		1/8	1	272														
14	14	52	52	2.0	0	0	Chord	4/4	3	1	1/2		1/2	1	273														
14	14	54	54	0.5	1/2	1/2	Chord	4/4	3	1	1/8		1/8	1	274														
14	14	109/2	109/2	0.5	5/8	5/8	Chord	4/4	3	1	1/8		1/8	1	275										38				
14	14	55	55	0.5	3/4	3/4	Chord	4/4	3	1	1/8		1/8	1	276														
14	14	111/2	111/2	0.5	7/8	7/8	Chord	4/4	3	1	1/8		1/8	1	277														
15	15	56	56	0.5	0	0	Chord	4/4	1	1	1/8		1/8	1	278	-la-		ornamentTrill											
15	15	113/2	113/2	0.5	1/8	1/8	Chord	4/4	1	1	1/8		1/8	1	279	-tum,													
15	15	58	58	1.0	1/2	1/2	Chord	4/4	1	1	1/4		1/4	1	280	dum													
15	15	56	56	0.5	0	0	Chord	4/4	2	1	1/8		1/8	1	281			articStaccatoAbove							39				
15	15	113/2	113/2	0.5	1/8	1/8	Chord	4/4	2	1	1/8		1/8	1	282			articStaccatoAbove											
15	15	59	59	1.0	3/4	3/4	Chord	4/4	2	1	1/4		1/4	1	283														
15	15	56	56	1.0	0	0	Chord	4/4	2	2	1/4		1/4	1	284														
15	15	56	56	1.0	0	0	Chord	4/4	3	1	1/4		1/4	1	285														
15	15	58	58	0.0	1/2	1/2	Dynamic	4/4	3	1	0						other-dynamics												
15	15	58	58	1.0	1/2	1/2	Chord	4/4	3	1	1/4		1/4	1	286														
16	16	60	60	1.0	0	0	Chord	4/4	1	1	1/4		1/4	1	287	e-													
16	16	62	62	1.0	1/2	1/2	Chord	4/4	1	1	1/4		1/4	1	288	-mi-													
16	16	61	61	1.0	1/4	1/4	Chord	4/4	2	1	1/4		1/4	1	289														
16	16	63	63	1.0	3/4	3/4	Chord	4/4	2	1	1/4		1/4	1	290														
16	16	60	60	1.0	0	0	Chord	4/4	3	1	1/4		1/4	1	291														
16	16	62	62	1.0	1/2	1/2	Chord	4/4	3	1	1/4		1/4	1	292														
17	17	64	64	2.0	0	0	Chord	4/4	1	1	1/2		1/2	1	293	-sit													
17	17	66	66	2.0	1/2	1/2	Chord	4/4	1	1	1/2		1/2	1	294	spi-													
17	17	65	65	1.0	1/4	1/4	Chord	4/4	2	1	1/4		1/4	1	295														
17	17	67	67	1.0	3/4	3/4	Chord	4/4	2	1	1/4		1/4	1	296														
17	17	64	64	1.0	0	0	Chord	4/4	3	1	1/4		1/4	1	297														
17	17	66	66	1.0	1/2	1/2	Chord	4/4	3	1	1/4		1/4	1	298														
18	18	68	68	1.5	0	0	Chord	4/4	1	1	3/8		1/4	3/2	299														
18	18	139/2	139/2	0.5	3/8	3/8	Chord	4/4	1	1	1/8		1/8	1	300	-ri-													
18	18	70	70	1.0	1/2	1/2	Chord	4/4	1	1	1/4		1/4	1	301	-tum.													
18	18	69	69	1.0	1/4	1/4	Chord	4/4	2	1	1/4		1/4	1	302														
18	18	70	70	0.5	1/2	1/2	Chord	4/4	2	1	1/8		1/8	1	303														
18	18	141/2	141/2	1.0	5/8	5/8	Chord	4/4	2	1	1/4		1/4	1	304			articAccentAbove											
18	18	143/2	143/2	0.5	7/8	7/8	Chord	4/4	2	1	1/8		1/8	1	305										40				
18	18	68	68	1.0	0	0	Chord	4/4	3	1	1/4		1/4	1	306														
18	18	70	70	0.5	1/2	1/2	Chord	4/4	3	1	1/8		1/8	1	307														
18	18	141/2	141/2	0.0	5/8	5/8	Dynamic	4/4	3	1	0						f												
18	18	141/2	141/2	0.5	5/8	5/8	Chord	4/4	3	1	1/8		1/8	1	308														
18	18	71	71	0.5	3/4	3/4	Chord	4/4	3	1	1/8		1/8	1	309														
18	18	143/2	143/2	0.5	7/8	7/8	Chord	4/4	3	1	1/8		1/8	1	310														
19	19	72	72	0.5	0	0	Chord	4/4	2	1	1/8		1/8	1	311														
19	19	145/2	145/2	1.0	1/8	1/8	Chord	4/4	2	1	1/4		1/4	1	312			articStaccatoAbove											
19	19	147/2	147/2	0.5	3/8	3/8	Chord	4/4	2	1	1/8		1/8	1	313										41				
19	19	74	74	0.5	1/2	1/2	Chord	4/4	2	1	1/8		1/8	1	314														
19	19	149/2	149/2	1.0	5/8	5/8	Chord	4/4	2	1	1/4		1/4	1	315			articAccentAbove											
19	19	151/2	151/2	0.5	7/8	7/8	Chord	4/4	2	1	1/8		1/8	1	316										42				
19	19	72	72	0.5	0	0	Chord	4/4	3	1	1/8		1/8	1	317														
19	19	145/2	145/2	0.0	1/8	1/8	Dynamic	4/4	3	1	0						p												
19	19	145/2	145/2	0.5	1/8	1/8	Chord	4/4	3	1	1/8		1/8	1	318										43				
19	19	73	73	0.5	1/4	1/4	Chord	4/4	3	1	1/8		1/8	1	319														
19	19	147/2	147/2	0.5	3/8	3/8	Chord	4/4	3	1	1/8		1/8	1	320														
19	19	74	74	0.5	1/2	1/2	Chord	4/4	3	1	1/8		1/8	1	321														
19	19	149/2	149/2	0.0	5/8	5/8	Dynamic	4/4	3	1	0						f												
19	19	149/2	149/2	0.5	5/8	5/8	Chord	4/4	3	1	1/8		1/8	1	322														
19	19	75	75	0.5	3/4	3/4	Chord	4/4	3	1	1/8		1/8	1	323														
19	19	151/2	151/2	0.5	7/8	7/8	Chord	4/4	3	1	1/8		1/8	1	324														
20	20	76	76	0.25	0	0	Chord	4/4	2	1	1/16		1/16	1	325										42				
20	20	305/4	305/4	0.25	1/16	1/16	Chord	4/4	2	1	1/16		1/16	1	326										42				
20	20	153/2	153/2	0.25	1/8	1/8	Chord	4/4	2	1	1/16		1/16	1	327										42				
20	20	307/4	307/4	0.25	3/16	3/16	Chord	4/4	2	1	1/16		1/16	1	328														
20	20	77	77	0.5	1/4	1/4	Chord	4/4	2	1	1/8		1/8	1	329										44				
20	20	155/2	155/2	0.5	3/8	3/8	Chord	4/4	2	1	1/8		1/8	1	330														
20	20	78	78	0.5	1/2	1/2	Chord	4/4	2	1	1/8		1/8	1	331														
20	20	157/2	157/2	0.5	5/8	5/8	Chord	4/4	2	1	1/8		1/8	1	332														
20	20	79	79	1.0	3/4	3/4	Chord	4/4	2	1	1/4		1/4	1	333														
20	20	76	76	0.5	0	0	Chord	4/4	2	2	1/8		1/8	1	334														
20	20	153/2	153/2	0.25	1/8	1/8	Chord	4/4	2	2	1/16		1/16	1	335														
20	20	307/4	307/4	0.25	3/16	3/16	Chord	4/4	2	2	1/16		1/16	1	336														
20	20	76	76	0.5	0	0	Chord	4/4	3	1	1/8		1/8	1	337														
20	20	153/2	153/2	0.5	1/8	1/8	Chord	4/4	3	1	1/8		1/8	1	338														
20	20	77	77	0.5	1/4	1/4	Chord	4/4	3	1	1/8		1/8	1	339														
20	20	155/2	155/2	0.5	3/8	3/8	Chord	4/4	3	1	1/8		1/8	1	340														
20	20	78	78	1.0	1/2	1/2	Chord	4/4	3	1	1/4		1/4	1	341														
21	21	80	80	1.0	0	0	Chord	4/4	1	1	1/4		1/4	1	342	Vi-									45				
21	21	81	81	0.125	1/4	1/4	Chord	4/4	1	1	1/32		1/32	1	343										45				
21	21	649/8	649/8	0.375	9/32	9/32	Chord	4/4	1	1	3/32		1/16	3/2	344										45				
21	21	163/2	163/2	0.125	3/8	3/8	Chord	4/4	1	1	1/32		1/32	1	345	-dit									45				
21	21	653/8	653/8	0.375	13/32	13/32	Chord	4/4	1	1	3/32		1/16	3/2	346														
21	21	82	82	0.5	1/2	1/2	Chord	4/4	1	1	1/8		1/8	1	347	su-													
21	21	165/2	165/2	1.5	5/8	5/8	Chord	4/4	1	1	3/8		1/4	3/2	348	-um													
21	21	80	80	1.0	0	0	Chord	4/4	2	1	1/4		1/4	1	349										46				
21	21	81	81	0.125	1/4	1/4	Chord	4/4	2	1	1/32		1/32	1	350										46, 47				
21	21	649/8	649/8	0.375	9/32	9/32	Chord	4/4	2	1	3/32		1/16	3/2	351										46				
21	21	163/2	163/2	0.125	3/8	3/8	Chord	4/4	2	1	1/32		1/32	1	352										46, 48				
21	21	653/8	653/8	0.375	13/32	13/32	Chord	4/4	2	1	3/32		1/16	3/2	353														
21	21	82	82	0.5	1/2	1/2	Chord	4/4	2	1	1/8		1/8	1	354										49				
21	21	165/2	165/2	1.5	5/8	5/8	Chord	4/4	2	1	3/8		1/4	3/2	355														
21	21	80	80	0.5	0	0	Chord	4/4	2	2	1/8		1/8	1	356														
21	21	161/2	161/2	0.5	1/8	1/8	Chord	4/4	2	2	1/8		1/8	1	357														
21	21	81	81	0.5	1/4	1/4	Chord	4/4	2	2	1/8		1/8	1	358														
21	21	163/2	163/2	0.5	3/8	3/8	Chord	4/4	2	2	1/8		1/8	1	359														
21	21	82	82	0.5	1/2	1/2	Chord	4/4	2	2	1/8		1/8	1	360														
21	21	165/2	165/2	0.5	5/8	5/8	Chord	4/4	2	2	1/8		1/8	1	361														
21	21	83	83	0.5	3/4	3/4	Chord	4/4	2	2	1/8		1/8	1	362														
21	21	167/2	167/2	0.5	7/8	7/8	Chord	4/4	2	2	1/8		1/8	1	363														
21	21	80	80	0.0	0	0	Dynamic	4/4	3	1	0						p												
21	21	80	80	0.5	0	0	Chord	4/4	3	1	1/8		1/8	1	364														
21	21	161/2	161/2	0.5	1/8	1/8	Chord	4/4	3	1	1/8		1/8	1	365														
21	21	81	81	0.5	1/4	1/4	Chord	4/4	3	1	1/8		1/8	1	366														
21	21	163/2	163/2	0.5	3/8	3/8	Chord	4/4	3	1	1/8		1/8	1	367														
21	21	82	82	0.5	1/2	1/2	Chord	4/4	3	1	1/8		1/8	1	368														
21	21	165/2	165/2	0.5	5/8	5/8	Chord	4/4	3	1	1/8		1/8	1	369														
21	21	83	83	0.5	3/4	3/4	Chord	4/4	3	1	1/8		1/8	1	370														
21	21	167/2	167/2	0.5	7/8	7/8	Chord	4/4	3	1	1/8		1/8	1	371														
22	22	84	84	0.5	0	0	Chord	4/4	1	1	1/8		1/8	1	372	dul-													
22	22	169/2	169/2	1.5	1/8	1/8	Chord	4/4	1	1	3/8		1/4	3/2	373	-cem													
22	22	86	86	0.25	1/2	1/2	Chord	4/4	1	1	1/16		1/16	1	374	na-									50				
22	22	345/4	345/4	0.25	9/16	9/16	Chord	4/4	1	1	1/16		1/16	1	375														
22	22	173/2	173/2	1.0	5/8	5/8	Chord	4/4	1	1	1/4		1/4	1	376	-tum									51				
22	22	175/2	175/2	0.5	7/8	7/8	Chord	4/4	1	1	1/8		1/8	1	377														
22	22	84	84	0.5	0	0	Chord	4/4	2	1	1/8		1/8	1	378										52				
22	22	169/2	169/2	1.5	1/8	1/8	Chord	4/4	2	1	3/8		1/4	3/2	379														
22	22	86	86	0.25	1/2	1/2	Chord	4/4	2	1	1/16		1/16	1	380										53				
22	22	345/4	345/4	0.25	9/16	9/16	Chord	4/4	2	1	1/16		1/16	1	381														
22	22	173/2	173/2	1.0	5/8	5/8	Chord	4/4	2	1	1/4		1/4	1	382										54				
22	22	175/2	175/2	0.5	7/8	7/8	Chord	4/4	2	1	1/8		1/8	1	383														
22	22	84	84	0.5	0	0	Chord	4/4	2	2	1/8		1/8	1	384														
22	22	169/2	169/2	0.5	1/8	1/8	Chord	4/4	2	2	1/8		1/8	1	385														
22	22	85	85	0.5	1/4	1/4	Chord	4/4	2	2	1/8		1/8	1	386														
22	22	171/2	171/2	0.5	3/8	3/8	Chord	4/4	2	2	1/8		1/8	1	387														
22	22	86	86	0.5	1/2	1/2	Chord	4/4	2	2	1/8		1/8	1	388														
22	22	173/2	173/2	0.5	5/8	5/8	Chord	4/4	2	2	1/8		1/8	1	389														
22	22	87	87	0.5	3/4	3/4	Chord	4/4	2	2	1/8		1/8	1	390														
22	22	175/2	175/2	0.5	7/8	7/8	Chord	4/4	2	2	1/8		1/8	1	391														
22	22	84	84	0.5	0	0	Chord	4/4	3	1	1/8		1/8	1	392														
22	22	169/2	169/2	0.5	1/8	1/8	Chord	4/4	3	1	1/8		1/8	1	393														
22	22	85	85	0.5	1/4	1/4	Chord	4/4	3	1	1/8		1/8	1	394														
22	22	171/2	171/2	0.5	3/8	3/8	Chord	4/4	3	1	1/8		1/8	1	395														
22	22	86	86	0.5	1/2	1/2	Chord	4/4	3	1	1/8		1/8	1	396										55				
22	22	173/2	173/2	0.5	5/8	5/8	Chord	4/4	3	1	1/8		1/8	1	397														
22	22	87	87	0.5	3/4	3/4	Chord	4/4	3	1	1/8		1/8	1	398														
22	22	175/2	175/2	0.5	7/8	7/8	Chord	4/4	3	1	1/8		1/8	1	399														
22	22	86	86	0.5	1/2	1/2	Chord	4/4	3	2	1/8		1/8	1	400														
22	22	173/2	173/2	0.5	5/8	5/8	Chord	4/4	3	2	1/8		1/8	1	401														
22	22	87	87	0.5	3/4	3/4	Chord	4/4	3	2	1/8		1/8	1	402														
22	22	175/2	175/2	0.5	7/8	7/8	Chord	4/4	3	2	1/8		1/8	1	403														
23	23	88	88	1.0	0	0	Chord	4/4	1	1	1/4		1/4	1	404	mo-									56				
23	23	89	89	0.125	1/4	1/4	Chord	4/4	1	1	1/32		1/32	1	405										56				
23	23	713/8	713/8	0.375	9/32	9/32	Chord	4/4	1	1	3/32		1/16	3/2	406														
23	23	179/2	179/2	0.125	3/8	3/8	Chord	4/4	1	1	1/32		1/32	1	407	-ri-									57				
23	23	717/8	717/8	0.375	13/32	13/32	Chord	4/4	1	1	3/32		1/16	3/2	408														
23	23	90	90	0.5	1/2	1/2	Chord	4/4	1	1	1/8		1/8	1	409	-en-													
23	23	181/2	181/2	1.5	5/8	5/8	Chord	4/4	1	1	3/8		1/4	3/2	410	-tem,													
23	23	88	88	1.0	0	0	Chord	4/4	2	1	1/4		1/4	1	411														
23	23	89	89	0.125	1/4	1/4	Chord	4/4	2	1	1/32		1/32	1	412										58				
23	23	713/8	713/8	0.375	9/32	9/32	Chord	4/4	2	1	3/32		1/16	3/2	413														
23	23	179/2	179/2	0.125	3/8	3/8	Chord	4/4	2	1	1/32		1/32	1	414										59				
23	23	717/8	717/8	0.375	13/32	13/32	Chord	4/4	2	1	3/32		1/16	3/2	415														
23	23	90	90	0.5	1/2	1/2	Chord	4/4	2	1	1/8		1/8	1	416										60				
23	23	181/2	181/2	1.5	5/8	5/8	Chord	4/4	2	1	3/8		1/4	3/2	417														
23	23	88	88	0.5	0	0	Chord	4/4	2	2	1/8		1/8	1	418														
23	23	177/2	177/2	0.5	1/8	1/8	Chord	4/4	2	2	1/8		1/8	1	419														
23	23	89	89	0.5	1/4	1/4	Chord	4/4	2	2	1/8		1/8	1	420														
23	23	179/2	179/2	0.5	3/8	3/8	Chord	4/4	2	2	1/8		1/8	1	421														
23	23	90	90	0.5	1/2	1/2	Chord	4/4	2	2	1/8		1/8	1	422														
23	23	181/2	181/2	0.5	5/8	5/8	Chord	4/4	2	2	1/8		1/8	1	423														
23	23	91	91	0.5	3/4	3/4	Chord	4/4	2	2	1/8		1/8	1	424														
23	23	183/2	183/2	0.5	7/8	7/8	Chord	4/4	2	2	1/8		1/8	1	425														
23	23	88	88	0.5	0	0	Chord	4/4	3	1	1/8		1/8	1	426														
23	23	177/2	177/2	0.5	1/8	1/8	Chord	4/4	3	1	1/8		1/8	1	427														
23	23	89	89	0.5	1/4	1/4	Chord	4/4	3	1	1/8		1/8	1	428														
23	23	179/2	179/2	0.5	3/8	3/8	Chord	4/4	3	1	1/8		1/8	1	429														
23	23	90	90	0.5	1/2	1/2	Chord	4/4	3	1	1/8		1/8	1	430														
23	23	181/2	181/2	0.5	5/8	5/8	Chord	4/4	3	1	1/8		1/8	1	431														
23	23	91	91	0.5	3/4	3/4	Chord	4/4	3	1	1/8		1/8	1	432														
23	23	183/2	183/2	0.5	7/8	7/8	Chord	4/4	3	1	1/8		1/8	1	433														
24	24	92	92	0.5	0	0	Chord	4/4	1	1	1/8		1/8	1	434	de-													
24	24	185/2	185/2	1.5	1/8	1/8	Chord	4/4	1	1	3/8		1/4	3/2	435	-so-													
24	24	94	94	0.25	1/2	1/2	Chord	4/4	1	1	1/16		1/16	1	436	-la-									61				
24	24	377/4	377/4	0.25	9/16	9/16	Chord	4/4	1	1	1/16		1/16	1	437														
24	24	189/2	189/2	1.0	5/8	5/8	Chord	4/4	1	1	1/4		1/4	1	438	-tum,									62				
24	24	191/2	191/2	0.5	7/8	7/8	Chord	4/4	1	1	1/8		1/8	1	439														
24	24	92	92	0.5	0	0	Chord	4/4	2	1	1/8		1/8	1	440														
24	24	185/2	185/2	0.5	1/8	1/8	Chord	4/4	2	1	1/8		1/8	1	441														
24	24	93	93	0.5	1/4	1/4	Chord	4/4	2	1	1/8		1/8	1	442														
24	24	187/2	187/2	0.5	3/8	3/8	Chord	4/4	2	1	1/8		1/8	1	443														
24	24	94	94	0.5	1/2	1/2	Chord	4/4	2	1	1/8		1/8	1	444														
24	24	189/2	189/2	0.5	5/8	5/8	Chord	4/4	2	1	1/8		1/8	1	445														
24	24	95	95	0.5	3/4	3/4	Chord	4/4	2	1	1/8		1/8	1	446														
24	24	191/2	191/2	0.5	7/8	7/8	Chord	4/4	2	1	1/8		1/8	1	447														
24	24	92	92	0.5	0	0	Chord	4/4	2	2	1/8		1/8	1	448										63				
24	24	185/2	185/2	1.5	1/8	1/8	Chord	4/4	2	2	3/8		1/4	3/2	449														
24	24	94	94	0.25	1/2	1/2	Chord	4/4	2	2	1/16		1/16	1	450														
24	24	377/4	377/4	0.25	9/16	9/16	Chord	4/4	2	2	1/16		1/16	1	451														
24	24	189/2	189/2	1.0	5/8	5/8	Chord	4/4	2	2	1/4		1/4	1	452										64				
24	24	191/2	191/2	0.5	7/8	7/8	Chord	4/4	2	2	1/8		1/8	1	453														
24	24	92	92	0.5	0	0	Chord	4/4	3	1	1/8		1/8	1	454														
24	24	185/2	185/2	0.5	1/8	1/8	Chord	4/4	3	1	1/8		1/8	1	455														
24	24	93	93	0.5	1/4	1/4	Chord	4/4	3	1	1/8		1/8	1	456														
24	24	187/2	187/2	0.5	3/8	3/8	Chord	4/4	3	1	1/8		1/8	1	457														
24	24	94	94	0.5	1/2	1/2	Chord	4/4	3	1	1/8		1/8	1	458														
24	24	189/2	189/2	0.5	5/8	5/8	Chord	4/4	3	1	1/8		1/8	1	459														
24	24	95	95	0.5	3/4	3/4	Chord	4/4	3	1	1/8		1/8	1	460														
24	24	191/2	191/2	0.5	7/8	7/8	Chord	4/4	3	1	1/8		1/8	1	461														
25	25	96	96	1.0	0	0	Chord	4/4	1	1	1/4		1/4	1	462	de-													
25	25	97	97	1.0	1/4	1/4	Chord	4/4	1	1	1/4		1/4	1	463	-so-													
25	25	98	98	0.0	1/2	1/2	Chord	4/4	1	1	0	appoggiatura	1/8	1	464														
25	25	98	98	2.0	1/2	1/2	Chord	4/4	1	1	1/2		1/2	1	465	-la-		ornamentTrill											
25	25	96	96	0.5	0	0	Chord	4/4	2	1	1/8		1/8	1	466														
25	25	193/2	193/2	0.5	1/8	1/8	Chord	4/4	2	1	1/8		1/8	1	467														
25	25	97	97	0.0	1/4	1/4	Spanner	4/4	2	1	0																0		
25	25	97	97	0.5	1/4	1/4	Chord	4/4	2	1	1/8		1/8	1	468												0		
25	25	195/2	195/2	0.5	3/8	3/8	Chord	4/4	2	1	1/8		1/8	1	469												0		
25	25	98	98	0.5	1/2	1/2	Chord	4/4	2	1	1/8		1/8	1	470												0		
25	25	197/2	197/2	0.5	5/8	5/8	Chord	4/4	2	1	1/8		1/8	1	471												0		
25	25	99	99	0.5	3/4	3/4	Chord	4/4	2	1	1/8		1/8	1	472												0		
25	25	199/2	199/2	0.5	7/8	7/8	Chord	4/4	2	1	1/8		1/8	1	473												0		
25	25	96	96	0.0	0	0	Dynamic	4/4	3	1	0						mf												
25	25	96	96	0.5	0	0	Chord	4/4	3	1	1/8		1/8	1	474														
25	25	193/2	193/2	0.5	1/8	1/8	Chord	4/4	3	1	1/8		1/8	1	475														
25	25	97	97	0.5	1/4	1/4	Chord	4/4	3	1	1/8		1/8	1	476														
25	25	195/2	195/2	0.5	3/8	3/8	Chord	4/4	3	1	1/8		1/8	1	477														
25	25	98	98	0.0	1/2	1/2	Spanner	4/4	3	1	0																1		
25	25	98	98	0.5	1/2	1/2	Chord	4/4	3	1	1/8		1/8	1	478												1		
25	25	197/2	197/2	0.5	5/8	5/8	Chord	4/4	3	1	1/8		1/8	1	479												1		
25	25	99	99	0.5	3/4	3/4	Chord	4/4	3	1	1/8		1/8	1	480												1		
25	25	199/2	199/2	0.5	7/8	7/8	Chord	4/4	3	1	1/8		1/8	1	481												1		
26	26	100	100	1.0	0	0	Chord	4/4	1	1	1/4		1/4	1	482	-tum,													
26	26	102	102	1.5	1/2	1/2	Chord	4/4	1	1	3/8		1/4	3/2	483	dum													
26	26	207/2	207/2	0.5	7/8	7/8	Chord	4/4	1	1	1/8		1/8	1	484	e-													
26	26	100	100	1.5	0	0	Chord	4/4	2	1	3/8		1/4	3/2	485												0		
26	26	203/2	203/2	0.0	3/8	3/8	Dynamic	4/4	2	1	0						p												
26	26	203/2	203/2	0.0	3/8	3/8	Spanner	4/4	2	1	0																		
26	26	203/2	203/2	0.5	3/8	3/8	Chord	4/4	2	1	1/8		1/8	1	486														
26	26	102	102	0.5	1/2	1/2	Chord	4/4	2	1	1/8		1/8	1	487														
26	26	205/2	205/2	1.0	5/8	5/8	Chord	4/4	2	1	1/4		1/4	1	488										65				
26	26	207/2	207/2	0.5	7/8	7/8	Chord	4/4	2	1	1/8		1/8	1	489														
26	26	102	102	1.0	1/2	1/2	Chord	4/4	2	2	1/4		1/4	1	490														
26	26	103	103	1.0	3/4	3/4	Chord	4/4	2	2	1/4		1/4	1	491														
26	26	100	100	1.0	0	0	Chord	4/4	3	1	1/4		1/4	1	492												1		
26	26	101	101	0.0	1/4	1/4	Dynamic	4/4	3	1	0						p												
26	26	101	101	0.0	1/4	1/4	Spanner	4/4	3	1	0																		
26	26	101	101	0.0	1/4	1/4	Spanner	4/4	3	1	0															1			
26	26	101	101	2.0	1/4	1/4	Chord	4/4	3	1	1/2		1/2	1	493											1			
26	26	103	103	1.0	3/4	3/4	Chord	4/4	3	1	1/4		1/4	1	494											1			
27	27	104	104	0.5	0	0	Chord	4/4	1	1	1/8		1/8	1	495	-mi-									66				
27	27	209/2	209/2	1.0	1/8	1/8	Chord	4/4	1	1	1/4		1/4	1	496														
27	27	211/2	211/2	0.5	3/8	3/8	Chord	4/4	1	1	1/8		1/8	1	497	-sit													
27	27	106	106	0.5	1/2	1/2	Chord	4/4	1	1	1/8		1/8	1	498	spi-									67				
27	27	213/2	213/2	1.0	5/8	5/8	Chord	4/4	1	1	1/4		1/4	1	499			ornamentTrill											
27	27	215/2	215/2	0.5	7/8	7/8	Chord	4/4	1	1	1/8		1/8	1	500	-ri-													
27	27	104	104	0.5	0	0	Chord	4/4	2	1	1/8		1/8	1	501														
27	27	209/2	209/2	0.5	1/8	1/8	Chord	4/4	2	1	1/8		1/8	1	502										68				
27	27	105	105	0.25	1/4	1/4	Chord	4/4	2	1	1/16		1/16	1	503										68				
27	27	421/4	421/4	0.125	5/16	5/16	Chord	4/4	2	1	1/32		1/32	1	504										68				
27	27	843/8	843/8	0.125	11/32	11/32	Chord	4/4	2	1	1/32		1/32	1	505										68				
27	27	211/2	211/2	0.25	3/8	3/8	Chord	4/4	2	1	1/16		1/16	1	506										68				
27	27	423/4	423/4	0.25	7/16	7/16	Chord	4/4	2	1	1/16		1/16	1	507														
27	27	106	106	0.5	1/2	1/2	Chord	4/4	2	1	1/8		1/8	1	508										69				
27	27	213/2	213/2	1.0	5/8	5/8	Chord	4/4	2	1	1/4		1/4	1	509										69				
27	27	215/2	215/2	0.5	7/8	7/8	Chord	4/4	2	1	1/8		1/8	1	510														
27	27	104	104	1.0	0	0	Chord	4/4	2	2	1/4		1/4	1	511														
27	27	105	105	2.0	1/4	1/4	Chord	4/4	2	2	1/2		1/2	1	512														
27	27	107	107	1.0	3/4	3/4	Chord	4/4	2	2	1/4		1/4	1	513														
27	27	104	104	0.0	0	0	Dynamic	4/4	3	1	0						p												
27	27	104	104	0.0	0	0	Spanner	4/4	3	1	0																		
27	27	104	104	1.0	0	0	Chord	4/4	3	1	1/4		1/4	1	514														
27	27	105	105	1.0	1/4	1/4	Chord	4/4	3	1	1/4		1/4	1	515														
27	27	106	106	1.0	1/2	1/2	Chord	4/4	3	1	1/4		1/4	1	516														
27	27	107	107	1.0	3/4	3/4	Chord	4/4	3	1	1/4		1/4	1	517														
27	27	105	105	1.0	1/4	1/4	Chord	4/4	3	2	1/4		1/4	1	518														
27	27	106	106	1.5	1/2	1/2	Chord	4/4	3	2	3/8		1/4	3/2	519										70				
27	27	215/2	215/2	0.5	7/8	7/8	Chord	4/4	3	2	1/8		1/8	1	520														
28	28	108	108	1.0	0	0	Chord	4/4	1	1	1/4		1/4	1	521	-tum.													
28	28	109	109	2.0	1/4	1/4	Chord	4/4	1	1	1/2		1/2	1	522	Vi-		articAccentAbove							71				
28	28	111	111	0.125	3/4	3/4	Chord	4/4	1	1	1/32		1/32	1	523										71				
28	28	889/8	889/8	0.375	25/32	25/32	Chord	4/4	1	1	3/32		1/16	3/2	524														
28	28	223/2	223/2	0.125	7/8	7/8	Chord	4/4	1	1	1/32		1/32	1	525	-dit									72				
28	28	893/8	893/8	0.375	29/32	29/32	Chord	4/4	1	1	3/32		1/16	3/2	526														
28	28	108	108	1.0	0	0	Chord	4/4	2	1	1/4		1/4	1	527														
28	28	109	109	0.0	1/4	1/4	Dynamic	4/4	2	1	0						sf												
28	28	109	109	2.0	1/4	1/4	Chord	4/4	2	1	1/2		1/2	1	528										73				
28	28	111	111	0.125	3/4	3/4	Chord	4/4	2	1	1/32		1/32	1	529										73, 74				
28	28	889/8	889/8	0.375	25/32	25/32	Chord	4/4	2	1	3/32		1/16	3/2	530										73				
28	28	223/2	223/2	0.125	7/8	7/8	Chord	4/4	2	1	1/32		1/32	1	531										73, 75				
28	28	893/8	893/8	0.375	29/32	29/32	Chord	4/4	2	1	3/32		1/16	3/2	532														
28	28	110	110	2.0	1/2	1/2	Chord	4/4	2	2	1/2		1/2	1	533														
28	28	108	108	1.0	0	0	Chord	4/4	3	1	1/4		1/4	1	534														
28	28	110	110	0.0	1/2	1/2	Dynamic	4/4	3	1	0						f												
28	28	110	110	0.0	1/2	1/2	Spanner	4/4	3	1	0																		2
28	28	110	110	2.0	1/2	1/2	Chord	4/4	3	1	1/2		1/2	1	535														2
29	29	112	112	0.25	0	0	Chord	4/4	1	1	1/16		1/16	1	536	su-													
29	29	449/4	449/4	0.25	1/16	1/16	Chord	4/4	1	1	1/16		1/16	1	537														
29	29	225/2	225/2	0.5	1/8	1/8	Chord	4/4	1	1	1/8		1/8	1	538	-um													
29	29	113	113	0.0	1/4	1/4	Spanner	4/4	1	1	0															2			
29	29	113	113	2.0	1/4	1/4	Chord	4/4	1	1	1/2		1/2	1	539	dul-									76	2			
29	29	115	115	0.125	3/4	3/4	Chord	4/4	1	1	1/32		1/32	1	540										76	2			
29	29	921/8	921/8	0.0	25/32	25/32	Spanner	4/4	1	1	0																		
29	29	921/8	921/8	0.375	25/32	25/32	Chord	4/4	1	1	3/32		1/16	3/2	541														
29	29	231/2	231/2	0.125	7/8	7/8	Chord	4/4	1	1	1/32		1/32	1	542	-cem													
29	29	925/8	925/8	0.375	29/32	29/32	Chord	4/4	1	1	3/32		1/16	3/2	543														
29	29	112	112	1.0	0	0	Chord	4/4	2	1	1/4		1/4	1	544														
29	29	113	113	0.0	1/4	1/4	Dynamic	4/4	2	1	0						sf												
29	29	113	113	2.0	1/4	1/4	Chord	4/4	2	1	1/2		1/2	1	545										77				
29	29	115	115	0.125	3/4	3/4	Chord	4/4	2	1	1/32		1/32	1	546										77				
29	29	921/8	921/8	0.375	25/32	25/32	Chord	4/4	2	1	3/32		1/16	3/2	547										77				
29	29	231/2	231/2	0.125	7/8	7/8	Chord	4/4	2	1	1/32		1/32	1	548										77				
29	29	925/8	925/8	0.375	29/32	29/32	Chord	4/4	2	1	3/32		1/16	3/2	549														
29	29	114	114	2.0	1/2	1/2	Chord	4/4	2	2	1/2		1/2	1	550														
29	29	112	112	0.0	0	0	Spanner	4/4	3	1	0																		
29	29	112	112	1.0	0	0	Chord	4/4	3	1	1/4		1/4	1	551														
29	29	114	114	0.0	1/2	1/2	Dynamic	4/4	3	1	0						f												
29	29	114	114	0.0	1/2	1/2	Spanner	4/4	3	1	0																		3
29	29	114	114	0.5	1/2	1/2	Chord	4/4	3	1	1/8		1/8	1	552														3
29	29	229/2	229/2	0.5	5/8	5/8	Chord	4/4	3	1	1/8		1/8	1	553														3
29	29	115	115	0.5	3/4	3/4	Chord	4/4	3	1	1/8		1/8	1	554														3
29	29	231/2	231/2	0.5	7/8	7/8	Chord	4/4	3	1	1/8		1/8	1	555														3
30	30	116	116	0.16666666666666666	0	0	Chord	4/4	1	1	1/24		1/16	2/3	556	na-													
30	30	697/6	697/6	0.16666666666666666	1/24	1/24	Chord	4/4	1	1	1/24		1/16	2/3	557														
30	30	349/3	349/3	0.16666666666666666	1/12	1/12	Chord	4/4	1	1	1/24		1/16	2/3	558														
30	30	233/2	233/2	0.5	1/8	1/8	Chord	4/4	1	1	1/8		1/8	1	559	-tum													
30	30	118	118	1.0	1/2	1/2	Chord	4/4	1	1	1/4		1/4	1	560	mo-													
30	30	119	119	1.0	3/4	3/4	Chord	4/4	1	1	1/4		1/4	1	561	-ri-													
30	30	116	116	0.5	0	0	Chord	4/4	2	1	1/8		1/8	1	562										78				
30	30	233/2	233/2	0.25	1/8	1/8	Chord	4/4	2	1	1/16		1/16	1	563										78				
30	30	467/4	467/4	0.25	3/16	3/16	Chord	4/4	2	1	1/16		1/16	1	564														
30	30	117	117	1.0	1/4	1/4	Chord	4/4	2	1	1/4		1/4	1	565														
30	30	119	119	1.0	3/4	3/4	Chord	4/4	2	1	1/4		1/4	1	566										79				
30	30	118	118	2.0	1/2	1/2	Chord	4/4	2	2	1/2		1/2	1	567														
30	30	116	116	0.0	0	0	Spanner	4/4	3	1	0																		
30	30	116	116	1.0	0	0	Chord	4/4	3	1	1/4		1/4	1	568														
30	30	118	118	0.0	1/2	1/2	Dynamic	4/4	3	1	0						p												
30	30	118	118	2.0	1/2	1/2	Chord	4/4	3	1	1/2		1/2	1	569														
31	31	120	120	0.5	0	0	Chord	4/4	1	1	1/8		1/8	1	570	-en-									80				
31	31	241/2	241/2	0.5	1/8	1/8	Chord	4/4	1	1	1/8		1/8	1	571														
31	31	121	121	1.0	1/4	1/4	Chord	4/4	1	1	1/4		1/4	1	572	-tem,		articStaccatissimoAbove											
31	31	122	122	1.0	1/2	1/2	Chord	4/4	1	1	1/4		1/4	1	573	de-													
31	31	123	123	1.0	3/4	3/4	Chord	4/4	1	1	1/4		1/4	1	574	-so-													
31	31	120	120	0.5	0	0	Chord	4/4	2	1	1/8		1/8	1	575										79				
31	31	241/2	241/2	0.5	1/8	1/8	Chord	4/4	2	1	1/8		1/8	1	576										79				
31	31	121	121	1.0	1/4	1/4	Chord	4/4	2	1	1/4		1/4	1	577														
31	31	123	123	1.0	3/4	3/4	Chord	4/4	2	1	1/4		1/4	1	578										81				
31	31	120	120	2.0	0	0	Chord	4/4	2	2	1/2		1/2	1	579														
31	31	122	122	2.0	1/2	1/2	Chord	4/4	2	2	1/2		1/2	1	580														
31	31	120	120	2.0	0	0	Chord	4/4	3	1	1/2		1/2	1	581														
31	31	122	122	2.0	1/2	1/2	Chord	4/4	3	1	1/2		1/2	1	582														
32	32	124	124	0.5	0	0	Chord	4/4	1	1	1/8		1/8	1	583	-la-									82				
32	32	249/2	249/2	0.5	1/8	1/8	Chord	4/4	1	1	1/8		1/8	1	584														
32	32	125	125	1.0	1/4	1/4	Chord	4/4	1	1	1/4		1/4	1	585	-tum,		articStaccatissimoAbove											
32	32	126	126	1.0	1/2	1/2	Chord	4/4	1	1	1/4		1/4	1	586	de-													
32	32	127	127	1.0	3/4	3/4	Chord	4/4	1	1	1/4		1/4	1	587	-so-													
32	32	124	124	0.5	0	0	Chord	4/4	2	1	1/8		1/8	1	588										81				
32	32	249/2	249/2	0.5	1/8	1/8	Chord	4/4	2	1	1/8		1/8	1	589										81				
32	32	125	125	1.0	1/4	1/4	Chord	4/4	2	1	1/4		1/4	1	590														
32	32	127	127	1.0	3/4	3/4	Chord	4/4	2	1	1/4		1/4	1	591														
32	32	124	124	2.0	0	0	Chord	4/4	2	2	1/2		1/2	1	592														
32	32	126	126	2.0	1/2	1/2	Chord	4/4	2	2	1/2		1/2	1	593														
32	32	124	124	2.0	0	0	Chord	4/4	3	1	1/2		1/2	1	594														
32	32	126	126	2.0	1/2	1/2	Chord	4/4	3	1	1/2		1/2	1	595														
33	33	128	128	0.0	0	0	Chord	4/4	1	1	0	appoggiatura	1/8	1	596														
33	33	128	128	2.0	0	0	Chord	4/4	1	1	1/2		1/2	1	597	-la-		ornamentTrill											
33	33	130	130	1.0	1/2	1/2	Chord	4/4	1	1	1/4		1/4	1	598	-tum,													
33	33	128	128	0.0	0	0	Dynamic	4/4	2	1	0						p												
33	33	128	128	0.0	0	0	Spanner	4/4	2	1	0																		4
33	33	128	128	0.5	0	0	Chord	4/4	2	1	1/8		1/8	1	599														4
33	33	257/2	257/2	0.5	1/8	1/8	Chord	4/4	2	1	1/8		1/8	1	600														4
33	33	129	129	0.5	1/4	1/4	Chord	4/4	2	1	1/8		1/8	1	601														4
33	33	259/2	259/2	0.5	3/8	3/8	Chord	4/4	2	1	1/8		1/8	1	602														4
33	33	130	130	0.0	1/2	1/2	Dynamic	4/4	2	1	0						pp												
33	33	130	130	0.0	1/2	1/2	Spanner	4/4	2	1	0																		
33	33	130	130	0.5	1/2	1/2	Chord	4/4	2	1	1/8		1/8	1	603														
33	33	261/2	261/2	0.0	5/8	5/8	Dynamic	4/4	2	1	0						f												
33	33	261/2	261/2	0.5	5/8	5/8	Chord	4/4	2	1	1/8		1/8	1	604			articStaccatoAbove											
33	33	131	131	0.5	3/4	3/4	Chord	4/4	2	1	1/8		1/8	1	605			articStaccatoAbove											
33	33	263/2	263/2	0.5	7/8	7/8	Chord	4/4	2	1	1/8		1/8	1	606			articStaccatoAbove											
33	33	128	128	0.5	0	0	Chord	4/4	3	1	1/8		1/8	1	607														
33	33	257/2	257/2	0.5	1/8	1/8	Chord	4/4	3	1	1/8		1/8	1	608														
33	33	129	129	0.5	1/4	1/4	Chord	4/4	3	1	1/8		1/8	1	609														
33	33	259/2	259/2	0.5	3/8	3/8	Chord	4/4	3	1	1/8		1/8	1	610														
33	33	130	130	1.0	1/2	1/2	Chord	4/4	3	1	1/4		1/4	1	611														
34	34	132	132	1.0	0	0	Chord	4/4	1	1	1/4		1/4	1	612	dum													
34	34	134	134	1.0	1/2	1/2	Chord	4/4	1	1	1/4		1/4	1	613	e-													
34	34	133	133	1.0	1/4	1/4	Chord	4/4	2	1	1/4		1/4	1	614														
34	34	135	135	1.0	3/4	3/4	Chord	4/4	2	1	1/4		1/4	1	615														
34	34	132	132	0.0	0	0	Dynamic	4/4	3	1	0						other-dynamics												
34	34	132	132	0.0	0	0	Chord	4/4	3	1	0	acciaccatura	1/8	1	616														
34	34	132	132	0.0	0	0	Chord	4/4	3	1	0	acciaccatura	1/8	1	617														
34	34	132	132	1.0	0	0	Chord	4/4	3	1	1/4		1/4	1	618														
34	34	134	134	0.0	1/2	1/2	Chord	4/4	3	1	0	acciaccatura	1/8	1	619														
34	34	134	134	0.0	1/2	1/2	Chord	4/4	3	1	0	acciaccatura	1/8	1	620														
34	34	134	134	1.0	1/2	1/2	Chord	4/4	3	1	1/4		1/4	1	621														
35	35	136	136	1.0	0	0	Chord	4/4	1	1	1/4		1/4	1	622	-mi-													
35	35	137	137	1.0	1/4	1/4	Chord	4/4	1	1	1/4		1/4	1	623	-sit,													
35	35	137	137	1.0	1/4	1/4	Chord	4/4	2	1	1/4		1/4	1	624														
35	35	139	139	1.0	3/4	3/4	Chord	4/4	2	1	1/4		1/4	1	625														
35	35	136	136	1.0	0	0	Chord	4/4	3	1	1/4		1/4	1	626														
35	35	138	138	1.0	1/2	1/2	Chord	4/4	3	1	1/4		1/4	1	627														
36	36	140	140	0.0	0	0	Dynamic	4/4	1	1	0						other-dynamics												
36	36	140	140	2.0	0	0	Chord	4/4	1	1	1/2		1/2	1	628	dum													
36	36	142	142	2.0	1/2	1/2	Chord	4/4	1	1	1/2		1/2	1	629	e-													
36	36	141	141	1.0	1/4	1/4	Chord	4/4	2	1	1/4		1/4	1	630														
36	36	143	143	1.0	3/4	3/4	Chord	4/4	2	1	1/4		1/4	1	631														
36	36	140	140	1.0	0	0	Chord	4/4	3	1	1/4		1/4	1	632														
36	36	142	142	1.0	1/2	1/2	Chord	4/4	3	1	1/4		1/4	1	633														
37	37	144	144	2.0	0	0	Chord	4/4	1	1	1/2		1/2	1	634	-mi-													
37	37	146	146	2.0	1/2	1/2	Chord	4/4	1	1	1/2		1/2	1	635	-sit													
37	37	145	145	1.0	1/4	1/4	Chord	4/4	2	1	1/4		1/4	1	636														
37	37	147	147	1.0	3/4	3/4	Chord	4/4	2	1	1/4		1/4	1	637														
37	37	144	144	1.0	0	0	Chord	4/4	3	1	1/4		1/4	1	638														
37	37	146	146	1.0	1/2	1/2	Chord	4/4	3	1	1/4		1/4	1	639														
38	38	148	148	3.0	0	0	Chord	4/4	1	1	3/4		1/2	3/2	640	spi-													
38	38	151	151	1.0	3/4	3/4	Chord	4/4	1	1	1/4		1/4	1	641	-ri-													
38	38	149	149	1.0	1/4	1/4	Chord	4/4	2	1	1/4		1/4	1	642														
38	38	151	151	1.0	3/4	3/4	Chord	4/4	2	1	1/4		1/4	1	643														
38	38	148	148	0.0	0	0	Spanner	4/4	3	1	0																		5
38	38	148	148	1.0	0	0	Chord	4/4	3	1	1/4		1/4	1	644														5
38	38	150	150	1.0	1/2	1/2	Chord	4/4	3	1	1/4		1/4	1	645														5
39	39	152	152	2.0	0	0	Chord	4/4	1	1	1/2		1/2	1	646	-tum.													
39	39	152	152	1.0	0	0	Chord	4/4	2	1	1/4		1/4	1	647														
39	39	153	153	1.0	1/4	1/4	Chord	4/4	2	1	1/4		1/4	1	648			articStaccatissimoAbove											
39	39	155	155	1.0	3/4	3/4	Chord	4/4	2	1	1/4		1/4	1	649														
39	39	152	152	0.0	0	0	Dynamic	4/4	3	1	0						ppp												
39	39	152	152	0.0	0	0	Spanner	4/4	3	1	0																		
39	39	152	152	1.0	0	0	Chord	4/4	3	1	1/4		1/4	1	650														
39	39	154	154	0.0	1/2	1/2	Dynamic	4/4	3	1	0						other-dynamics												
39	39	154	154	1.0	1/2	1/2	Chord	4/4	3	1	1/4		1/4	1	651														
40	40	156	156	1.0	0	0	Chord	4/4	2	1	1/4		1/4	1	652														
40	40	157	157	1.0	1/4	1/4	Chord	4/4	2	1	1/4		1/4	1	653			articStaccatissimoAbove											
40	40	159	159	1.0	3/4	3/4	Chord	4/4	2	1	1/4		1/4	1	654														
40	40	156	156	1.0	0	0	Chord	4/4	3	1	1/4		1/4	1	655														
40	40	158	158	1.0	1/2	1/2	Chord	4/4	3	1	1/4		1/4	1	656														
40	40	159	159	0.0	3/4	3/4	StaffText	4/4	3	1	0								smorz.										
40	40	159	159	0.0	3/4	3/4	Spanner	4/4	3	1	0																2	2	
41	41	160	160	1.0	0	0	Chord	4/4	2	1	1/4		1/4	1	657														
41	41	161	161	1.0	1/4	1/4	Chord	4/4	2	1	1/4		1/4	1	658														
41	41	162	162	1.0	1/2	1/2	Chord	4/4	2	1	1/4		1/4	1	659														
41	41	163	163	1.0	3/4	3/4	Chord	4/4	2	1	1/4		1/4	1	660														
41	41	160	160	1.0	0	0	Chord	4/4	3	1	1/4		1/4	1	661												2	2	
41	41	161	161	1.0	1/4	1/4	Chord	4/4	3	1	1/4		1/4	1	662												2	2	
41	41	162	162	1.0	1/2	1/2	Chord	4/4	3	1	1/4		1/4	1	663												2	2	
41	41	163	163	1.0	3/4	3/4	Chord	4/4	3	1	1/4		1/4	1	664												2	2	
42	42	164	164	1.0	0	0	Chord	4/4	2	1	1/4		1/4	1	665														
42	42	165	165	1.0	1/4	1/4	Chord	4/4	2	1	1/4		1/4	1	666														
42	42	166	166	1.0	1/2	1/2	Chord	4/4	2	1	1/4		1/4	1	667														
42	42	167	167	1.0	3/4	3/4	Chord	4/4	2	1	1/4		1/4	1	668														
42	42	164	164	1.0	0	0	Chord	4/4	3	1	1/4		1/4	1	669												2	2	
42	42	165	165	1.0	1/4	1/4	Chord	4/4	3	1	1/4		1/4	1	670												2	2	
42	42	166	166	1.0	1/2	1/2	Chord	4/4	3	1	1/4		1/4	1	671												2	2	
42	42	167	167	1.0	3/4	3/4	Chord	4/4	3	1	1/4		1/4	1	672												2	2	
43	43	168	168	2.0	0	0	Chord	4/4	2	1	1/2		1/2	1	673														
43	43	168	168	0.0	0	0	Dynamic	4/4	3	1	0						ppp												
43	43	168	168	0.0	0	0	Spanner	4/4	3	1	0																		
43	43	168	168	2.0	0	0	Chord	4/4	3	1	1/2		1/2	1	674														
