mc	mn	quarterbeats	quarterbeats_all_endings	duration_qb	mc_onset	mn_onset	event	timesig	staff	voice	duration	gracenote	nominal_duration	scalar	chord_id	lyrics_1	dynamics	articulation	staff_text	tempo	qpm	metronome_base	metronome_number	tempo_visible	slur	decrescendo_hairpin	crescendo_line	crescendo_hairpin	diminuendo_line
1	1	0	0	0.0	0	0	Tempo	3/8	1	1	0									Andantino	55.0			1.0					
1	1	0	0	0.0	0	0	Tempo	3/8	1	1	0									"ùÖü.=63
"	95.0	ùÖü.	63.0	0.0					
1	1	0	0	0.5	0	0	Chord	3/8	2	2	1/8		1/8	1	0			articStaccatoAbove											
1	1	1/2	1/2	0.5	1/8	1/8	Chord	3/8	2	2	1/8		1/8	1	1			articTenutoStaccatoAbove											
1	1	1	1	0.5	1/4	1/4	Chord	3/8	2	2	1/8		1/8	1	2			articTenutoStaccatoAbove											
1	1	0	0	0.0	0	0	Dynamic	3/8	3	1	0						other-dynamics												
2	2	3/2	3/2	0.25	0	0	Chord	3/8	2	2	1/16		1/16	1	3														
2	2	7/4	7/4	0.25	1/16	1/16	Chord	3/8	2	2	1/16		1/16	1	4														
2	2	2	2	1.0	1/8	1/8	Chord	3/8	2	2	1/4		1/4	1	5														
2	2	3/2	3/2	1.5	0	0	Chord	3/8	3	1	3/8		1/4	3/2	6														
2	2	3/2	3/2	0.5	0	0	Chord	3/8	3	2	1/8		1/8	1	7														
2	2	2	2	0.5	1/8	1/8	Chord	3/8	3	2	1/8		1/8	1	8														
2	2	5/2	5/2	0.5	1/4	1/4	Chord	3/8	3	2	1/8		1/8	1	9														
3	3	3	3	0.25	0	0	Chord	3/8	2	2	1/16		1/16	1	10										0				
3	3	13/4	13/4	0.25	1/16	1/16	Chord	3/8	2	2	1/16		1/16	1	11										0				
3	3	7/2	7/2	0.5	1/8	1/8	Chord	3/8	2	2	1/8		1/8	1	12														
3	3	4	4	0.5	1/4	1/4	Chord	3/8	2	2	1/8		1/8	1	13			articStaccatoAbove											
3	3	3	3	0.5	0	0	Chord	3/8	3	1	1/8		1/8	1	14										1				
3	3	7/2	7/2	0.5	1/8	1/8	Chord	3/8	3	1	1/8		1/8	1	15										1				
3	3	4	4	0.5	1/4	1/4	Chord	3/8	3	1	1/8		1/8	1	16														
4	4	9/2	9/2	0.25	0	0	Chord	3/8	2	1	1/16		1/16	1	17														
4	4	19/4	19/4	0.25	1/16	1/16	Chord	3/8	2	1	1/16		1/16	1	18														
4	4	5	5	0.5	1/8	1/8	Chord	3/8	2	1	1/8		1/8	1	19										2				
4	4	11/2	11/2	0.5	1/4	1/4	Chord	3/8	2	1	1/8		1/8	1	20														
4	4	9/2	9/2	0.5	0	0	Chord	3/8	2	2	1/8		1/8	1	21														
4	4	5	5	1.0	1/8	1/8	Chord	3/8	2	2	1/4		1/4	1	22														
4	4	9/2	9/2	1.5	0	0	Chord	3/8	3	1	3/8		1/4	3/2	23														
4	4	9/2	9/2	0.5	0	0	Chord	3/8	3	2	1/8		1/8	1	24										3				
4	4	5	5	0.5	1/8	1/8	Chord	3/8	3	2	1/8		1/8	1	25										3				
4	4	11/2	11/2	0.5	1/4	1/4	Chord	3/8	3	2	1/8		1/8	1	26														
5	5	6	6	0.25	0	0	Chord	3/8	2	1	1/16		1/16	1	27										4				
5	5	25/4	25/4	0.25	1/16	1/16	Chord	3/8	2	1	1/16		1/16	1	28										4				
5	5	13/2	13/2	0.5	1/8	1/8	Chord	3/8	2	1	1/8		1/8	1	29														
5	5	7	7	0.5	1/4	1/4	Chord	3/8	2	1	1/8		1/8	1	30														
5	5	6	6	0.5	0	0	Chord	3/8	2	2	1/8		1/8	1	31														
5	5	13/2	13/2	0.5	1/8	1/8	Chord	3/8	2	2	1/8		1/8	1	32														
5	5	7	7	0.5	1/4	1/4	Chord	3/8	2	2	1/8		1/8	1	33														
5	5	6	6	0.5	0	0	Chord	3/8	3	1	1/8		1/8	1	34										5				
5	5	13/2	13/2	0.5	1/8	1/8	Chord	3/8	3	1	1/8		1/8	1	35										5				
5	5	7	7	0.5	1/4	1/4	Chord	3/8	3	1	1/8		1/8	1	36														
6	6	15/2	15/2	0.5	0	0	Chord	3/8	2	1	1/8		1/8	1	37										6				
6	6	8	8	0.5	1/8	1/8	Chord	3/8	2	1	1/8		1/8	1	38										6				
6	6	17/2	17/2	0.5	1/4	1/4	Chord	3/8	2	1	1/8		1/8	1	39														
6	6	15/2	15/2	0.0	0	0	Dynamic	3/8	3	1	0						p												
6	6	15/2	15/2	0.5	0	0	Chord	3/8	3	1	1/8		1/8	1	40														
6	6	8	8	0.5	1/8	1/8	Chord	3/8	3	1	1/8		1/8	1	41														
6	6	17/2	17/2	0.5	1/4	1/4	Chord	3/8	3	1	1/8		1/8	1	42														
6	6	15/2	15/2	0.5	0	0	Chord	3/8	3	2	1/8		1/8	1	43										7				
6	6	8	8	0.5	1/8	1/8	Chord	3/8	3	2	1/8		1/8	1	44										7				
6	6	17/2	17/2	0.5	1/4	1/4	Chord	3/8	3	2	1/8		1/8	1	45														
7	7	9	9	0.5	0	0	Chord	3/8	2	1	1/8		1/8	1	46										8				
7	7	19/2	19/2	0.5	1/8	1/8	Chord	3/8	2	1	1/8		1/8	1	47										8				
7	7	10	10	0.5	1/4	1/4	Chord	3/8	2	1	1/8		1/8	1	48														
7	7	9	9	1.0	0	0	Chord	3/8	2	2	1/4		1/4	1	49										9				
7	7	10	10	0.5	1/4	1/4	Chord	3/8	2	2	1/8		1/8	1	50										9				
7	7	9	9	1.0	0	0	Chord	3/8	3	1	1/4		1/4	1	51										10				
7	7	10	10	0.5	1/4	1/4	Chord	3/8	3	1	1/8		1/8	1	52														
8	8	21/2	21/2	0.5	0	0	Chord	3/8	2	1	1/8		1/8	1	53														
8	8	11	11	1.0	1/8	1/8	Chord	3/8	2	1	1/4		1/4	1	54			articAccentAbove											
8	8	21/2	21/2	0.5	0	0	Chord	3/8	2	2	1/8		1/8	1	55														
8	8	11	11	0.5	1/8	1/8	Chord	3/8	2	2	1/8		1/8	1	56										11				
8	8	23/2	23/2	0.5	1/4	1/4	Chord	3/8	2	2	1/8		1/8	1	57														
8	8	21/2	21/2	0.5	0	0	Chord	3/8	3	1	1/8		1/8	1	58										12				
8	8	11	11	0.5	1/8	1/8	Chord	3/8	3	1	1/8		1/8	1	59										12				
8	8	23/2	23/2	0.5	1/4	1/4	Chord	3/8	3	1	1/8		1/8	1	60														
9	9	12	12	0.25	0	0	Chord	3/8	2	1	1/16		1/16	1	61			articStaccatoAbove											
9	9	49/4	49/4	0.25	1/16	1/16	Chord	3/8	2	1	1/16		1/16	1	62			articStaccatoAbove											
9	9	25/2	25/2	0.25	1/8	1/8	Chord	3/8	2	1	1/16		1/16	1	63			articStaccatoAbove											
9	9	51/4	51/4	0.25	3/16	3/16	Chord	3/8	2	1	1/16		1/16	1	64			articStaccatoAbove											
9	9	13	13	0.5	1/4	1/4	Chord	3/8	2	1	1/8		1/8	1	65			articStaccatoAbove											
9	9	12	12	0.5	0	0	Chord	3/8	2	2	1/8		1/8	1	66														
9	9	25/2	25/2	0.5	1/8	1/8	Chord	3/8	2	2	1/8		1/8	1	67														
9	9	13	13	0.5	1/4	1/4	Chord	3/8	2	2	1/8		1/8	1	68														
9	9	12	12	0.0	0	0	Dynamic	3/8	3	1	0						f												
9	9	12	12	0.5	0	0	Chord	3/8	3	1	1/8		1/8	1	69														
9	9	25/2	25/2	0.5	1/8	1/8	Chord	3/8	3	1	1/8		1/8	1	70														
9	9	13	13	0.5	1/4	1/4	Chord	3/8	3	1	1/8		1/8	1	71														
10	10	27/2	27/2	0.5	0	0	Chord	3/8	2	1	1/8		1/8	1	72										13				
10	10	14	14	0.5	1/8	1/8	Chord	3/8	2	1	1/8		1/8	1	73										13				
10	10	29/2	29/2	0.5	1/4	1/4	Chord	3/8	2	1	1/8		1/8	1	74														
10	10	27/2	27/2	0.5	0	0	Chord	3/8	2	2	1/8		1/8	1	75														
10	10	14	14	0.5	1/8	1/8	Chord	3/8	2	2	1/8		1/8	1	76														
10	10	29/2	29/2	0.5	1/4	1/4	Chord	3/8	2	2	1/8		1/8	1	77														
10	10	27/2	27/2	0.0	0	0	Dynamic	3/8	3	1	0						p												
10	10	27/2	27/2	1.0	0	0	Chord	3/8	3	1	1/4		1/4	1	78														
10	10	27/2	27/2	0.5	0	0	Chord	3/8	3	2	1/8		1/8	1	79										14				
10	10	14	14	0.5	1/8	1/8	Chord	3/8	3	2	1/8		1/8	1	80														
10	10	29/2	29/2	0.5	1/4	1/4	Chord	3/8	3	2	1/8		1/8	1	81														
11	11	15	15	0.25	0	0	Chord	3/8	2	1	1/16		1/16	1	82			articStaccatoAbove											
11	11	61/4	61/4	0.25	1/16	1/16	Chord	3/8	2	1	1/16		1/16	1	83			articStaccatoAbove											
11	11	31/2	31/2	0.25	1/8	1/8	Chord	3/8	2	1	1/16		1/16	1	84			articStaccatoAbove											
11	11	63/4	63/4	0.25	3/16	3/16	Chord	3/8	2	1	1/16		1/16	1	85			articStaccatoAbove											
11	11	16	16	0.5	1/4	1/4	Chord	3/8	2	1	1/8		1/8	1	86			articStaccatoAbove											
11	11	15	15	0.5	0	0	Chord	3/8	2	2	1/8		1/8	1	87														
11	11	31/2	31/2	0.5	1/8	1/8	Chord	3/8	2	2	1/8		1/8	1	88														
11	11	16	16	0.5	1/4	1/4	Chord	3/8	2	2	1/8		1/8	1	89														
11	11	15	15	0.0	0	0	Dynamic	3/8	3	1	0						f												
11	11	15	15	0.5	0	0	Chord	3/8	3	1	1/8		1/8	1	90														
11	11	31/2	31/2	0.5	1/8	1/8	Chord	3/8	3	1	1/8		1/8	1	91														
11	11	16	16	0.5	1/4	1/4	Chord	3/8	3	1	1/8		1/8	1	92														
12	12	33/2	33/2	0.5	0	0	Chord	3/8	2	1	1/8		1/8	1	93										15				
12	12	17	17	0.5	1/8	1/8	Chord	3/8	2	1	1/8		1/8	1	94										15				
12	12	35/2	35/2	0.5	1/4	1/4	Chord	3/8	2	1	1/8		1/8	1	95														
12	12	33/2	33/2	0.0	0	0	Dynamic	3/8	3	1	0						p												
12	12	33/2	33/2	1.0	0	0	Chord	3/8	3	1	1/4		1/4	1	96														
12	12	33/2	33/2	0.5	0	0	Chord	3/8	3	2	1/8		1/8	1	97										16				
12	12	17	17	0.5	1/8	1/8	Chord	3/8	3	2	1/8		1/8	1	98														
12	12	35/2	35/2	0.5	1/4	1/4	Chord	3/8	3	2	1/8		1/8	1	99														
13	13	18	18	1.5	0	0	Chord	3/8	2	1	3/8		1/4	3/2	100														
13	13	18	18	1.5	0	0	Chord	3/8	3	1	3/8		1/4	3/2	101														
14	14	39/2	39/2	0.0	0	0	StaffText	3/8	1	1	0								Alto Solo										
14	14	39/2	39/2	0.5	0	0	Chord	3/8	1	1	1/8		1/8	1	102	E-													
14	14	20	20	0.5	1/8	1/8	Chord	3/8	1	1	1/8		1/8	1	103	-ja									17				
14	14	41/2	41/2	0.5	1/4	1/4	Chord	3/8	1	1	1/8		1/8	1	104														
14	14	39/2	39/2	0.0	0	0	Dynamic	3/8	2	1	0						p												
14	14	39/2	39/2	0.5	0	0	Chord	3/8	2	1	1/8		1/8	1	105														
14	14	20	20	0.5	1/8	1/8	Chord	3/8	2	1	1/8		1/8	1	106														
14	14	41/2	41/2	0.5	1/4	1/4	Chord	3/8	2	1	1/8		1/8	1	107														
15	15	21	21	0.25	0	0	Chord	3/8	1	1	1/16		1/16	1	108	ma-									18				
15	15	85/4	85/4	0.25	1/16	1/16	Chord	3/8	1	1	1/16		1/16	1	109														
15	15	43/2	43/2	0.0	1/8	1/8	Chord	3/8	1	1	0	appoggiatura	1/8	1	110														
15	15	43/2	43/2	1.0	1/8	1/8	Chord	3/8	1	1	1/4		1/4	1	111	-ter													
15	15	21	21	0.25	0	0	Chord	3/8	2	1	1/16		1/16	1	112										19				
15	15	85/4	85/4	0.25	1/16	1/16	Chord	3/8	2	1	1/16		1/16	1	113										19				
15	15	43/2	43/2	1.0	1/8	1/8	Chord	3/8	2	1	1/4		1/4	1	114														
15	15	21	21	1.5	0	0	Chord	3/8	3	1	3/8		1/4	3/2	115														
15	15	21	21	0.5	0	0	Chord	3/8	3	2	1/8		1/8	1	116														
15	15	43/2	43/2	0.5	1/8	1/8	Chord	3/8	3	2	1/8		1/8	1	117														
15	15	22	22	0.5	1/4	1/4	Chord	3/8	3	2	1/8		1/8	1	118														
16	16	45/2	45/2	0.25	0	0	Chord	3/8	1	1	1/16		1/16	1	119	fons									20				
16	16	91/4	91/4	0.25	1/16	1/16	Chord	3/8	1	1	1/16		1/16	1	120										20				
16	16	23	23	0.5	1/8	1/8	Chord	3/8	1	1	1/8		1/8	1	121														
16	16	47/2	47/2	0.5	1/4	1/4	Chord	3/8	1	1	1/8		1/8	1	122	a-													
16	16	45/2	45/2	0.25	0	0	Chord	3/8	2	1	1/16		1/16	1	123										21				
16	16	91/4	91/4	0.25	1/16	1/16	Chord	3/8	2	1	1/16		1/16	1	124										21				
16	16	23	23	0.5	1/8	1/8	Chord	3/8	2	1	1/8		1/8	1	125														
16	16	47/2	47/2	0.5	1/4	1/4	Chord	3/8	2	1	1/8		1/8	1	126														
16	16	45/2	45/2	0.5	0	0	Chord	3/8	3	1	1/8		1/8	1	127										22				
16	16	23	23	0.5	1/8	1/8	Chord	3/8	3	1	1/8		1/8	1	128										22				
16	16	47/2	47/2	0.5	1/4	1/4	Chord	3/8	3	1	1/8		1/8	1	129														
17	17	24	24	0.25	0	0	Chord	3/8	1	1	1/16		1/16	1	130	-mo-									23				
17	17	97/4	97/4	0.25	1/16	1/16	Chord	3/8	1	1	1/16		1/16	1	131														
17	17	49/2	49/2	0.5	1/8	1/8	Chord	3/8	1	1	1/8		1/8	1	132	-ris,									24				
17	17	25	25	0.5	1/4	1/4	Chord	3/8	1	1	1/8		1/8	1	133														
17	17	24	24	0.25	0	0	Chord	3/8	2	1	1/16		1/16	1	134														
17	17	97/4	97/4	0.25	1/16	1/16	Chord	3/8	2	1	1/16		1/16	1	135														
17	17	49/2	49/2	0.5	1/8	1/8	Chord	3/8	2	1	1/8		1/8	1	136										25				
17	17	25	25	0.5	1/4	1/4	Chord	3/8	2	1	1/8		1/8	1	137														
17	17	24	24	0.5	0	0	Chord	3/8	2	2	1/8		1/8	1	138														
17	17	49/2	49/2	1.0	1/8	1/8	Chord	3/8	2	2	1/4		1/4	1	139														
17	17	24	24	0.5	0	0	Chord	3/8	3	1	1/8		1/8	1	140										26				
17	17	49/2	49/2	0.5	1/8	1/8	Chord	3/8	3	1	1/8		1/8	1	141										26				
17	17	25	25	0.5	1/4	1/4	Chord	3/8	3	1	1/8		1/8	1	142														
17	17	24	24	1.5	0	0	Chord	3/8	3	2	3/8		1/4	3/2	143														
18	18	51/2	51/2	0.25	0	0	Chord	3/8	1	1	1/16		1/16	1	144	fons									27				
18	18	103/4	103/4	0.25	1/16	1/16	Chord	3/8	1	1	1/16		1/16	1	145										27				
18	18	26	26	0.5	1/8	1/8	Chord	3/8	1	1	1/8		1/8	1	146														
18	18	53/2	53/2	0.5	1/4	1/4	Chord	3/8	1	1	1/8		1/8	1	147	a-													
18	18	51/2	51/2	0.25	0	0	Chord	3/8	2	1	1/16		1/16	1	148										28				
18	18	103/4	103/4	0.25	1/16	1/16	Chord	3/8	2	1	1/16		1/16	1	149										28				
18	18	26	26	0.5	1/8	1/8	Chord	3/8	2	1	1/8		1/8	1	150														
18	18	53/2	53/2	0.5	1/4	1/4	Chord	3/8	2	1	1/8		1/8	1	151														
18	18	51/2	51/2	0.0	0	0	Dynamic	3/8	3	1	0						pp												
18	18	51/2	51/2	0.5	0	0	Chord	3/8	3	1	1/8		1/8	1	152										29				
18	18	26	26	0.5	1/8	1/8	Chord	3/8	3	1	1/8		1/8	1	153										29				
18	18	53/2	53/2	0.5	1/4	1/4	Chord	3/8	3	1	1/8		1/8	1	154														
19	19	27	27	0.16666666666666666	0	0	Chord	3/8	1	1	1/24		1/16	2/3	155	-mo-									30				
19	19	163/6	163/6	0.16666666666666666	1/24	1/24	Chord	3/8	1	1	1/24		1/16	2/3	156										30				
19	19	82/3	82/3	0.16666666666666666	1/12	1/12	Chord	3/8	1	1	1/24		1/16	2/3	157														
19	19	55/2	55/2	0.5	1/8	1/8	Chord	3/8	1	1	1/8		1/8	1	158	-ris!													
19	19	27	27	0.16666666666666666	0	0	Chord	3/8	2	1	1/24		1/16	2/3	159										31				
19	19	163/6	163/6	0.16666666666666666	1/24	1/24	Chord	3/8	2	1	1/24		1/16	2/3	160										31				
19	19	82/3	82/3	0.16666666666666666	1/12	1/12	Chord	3/8	2	1	1/24		1/16	2/3	161														
19	19	55/2	55/2	0.25	1/8	1/8	Chord	3/8	2	1	1/16		1/16	1	162														
19	19	111/4	111/4	0.25	3/16	3/16	Chord	3/8	2	1	1/16		1/16	1	163										32				
19	19	28	28	0.25	1/4	1/4	Chord	3/8	2	1	1/16		1/16	1	164										32				
19	19	113/4	113/4	0.25	5/16	5/16	Chord	3/8	2	1	1/16		1/16	1	165														
19	19	27	27	0.0	0	0	Spanner	3/8	3	1	0																	0	
19	19	27	27	0.25	0	0	Chord	3/8	3	1	1/16		1/16	1	166										33			0	
19	19	109/4	109/4	0.25	1/16	1/16	Chord	3/8	3	1	1/16		1/16	1	167										33			0	
19	19	55/2	55/2	0.25	1/8	1/8	Chord	3/8	3	1	1/16		1/16	1	168										33			0	
19	19	111/4	111/4	0.0	3/16	3/16	Dynamic	3/8	3	1	0						mp								33				
19	19	111/4	111/4	0.0	3/16	3/16	Spanner	3/8	3	1	0														33				
19	19	111/4	111/4	0.0	3/16	3/16	Spanner	3/8	3	1	0														33	0			
19	19	111/4	111/4	0.25	3/16	3/16	Chord	3/8	3	1	1/16		1/16	1	169										33	0			
19	19	28	28	0.25	1/4	1/4	Chord	3/8	3	1	1/16		1/16	1	170										33	0			
19	19	113/4	113/4	0.25	5/16	5/16	Chord	3/8	3	1	1/16		1/16	1	171											0			
20	20	57/2	57/2	0.5	0	0	Chord	3/8	1	1	1/8		1/8	1	172	me									34				
20	20	29	29	0.5	1/8	1/8	Chord	3/8	1	1	1/8		1/8	1	173														
20	20	59/2	59/2	0.5	1/4	1/4	Chord	3/8	1	1	1/8		1/8	1	174	sen-													
20	20	57/2	57/2	0.5	0	0	Chord	3/8	2	1	1/8		1/8	1	175														
20	20	29	29	0.5	1/8	1/8	Chord	3/8	2	1	1/8		1/8	1	176														
20	20	59/2	59/2	0.5	1/4	1/4	Chord	3/8	2	1	1/8		1/8	1	177														
20	20	57/2	57/2	0.0	0	0	Dynamic	3/8	3	1	0						p												
20	20	57/2	57/2	0.0	0	0	Spanner	3/8	3	1	0																		
20	20	57/2	57/2	1.0	0	0	Chord	3/8	3	1	1/4		1/4	1	178														
21	21	30	30	0.25	0	0	Chord	3/8	1	1	1/16		1/16	1	179	-ti-									35				
21	21	121/4	121/4	0.25	1/16	1/16	Chord	3/8	1	1	1/16		1/16	1	180														
21	21	61/2	61/2	1.0	1/8	1/8	Chord	3/8	1	1	1/4		1/4	1	181	-re													
21	21	30	30	0.25	0	0	Chord	3/8	2	1	1/16		1/16	1	182										36				
21	21	121/4	121/4	0.25	1/16	1/16	Chord	3/8	2	1	1/16		1/16	1	183										36				
21	21	61/2	61/2	1.0	1/8	1/8	Chord	3/8	2	1	1/4		1/4	1	184														
21	21	30	30	1.5	0	0	Chord	3/8	2	2	3/8		1/4	3/2	185														
21	21	30	30	0.5	0	0	Chord	3/8	3	1	1/8		1/8	1	186														
21	21	61/2	61/2	0.5	1/8	1/8	Chord	3/8	3	1	1/8		1/8	1	187														
21	21	31	31	0.5	1/4	1/4	Chord	3/8	3	1	1/8		1/8	1	188														
22	22	63/2	63/2	0.25	0	0	Chord	3/8	1	1	1/16		1/16	1	189	vim									37				
22	22	127/4	127/4	0.25	1/16	1/16	Chord	3/8	1	1	1/16		1/16	1	190										37				
22	22	32	32	0.5	1/8	1/8	Chord	3/8	1	1	1/8		1/8	1	191														
22	22	65/2	65/2	0.5	1/4	1/4	Chord	3/8	1	1	1/8		1/8	1	192	do-													
22	22	63/2	63/2	0.25	0	0	Chord	3/8	2	1	1/16		1/16	1	193										38				
22	22	127/4	127/4	0.25	1/16	1/16	Chord	3/8	2	1	1/16		1/16	1	194										38				
22	22	32	32	0.5	1/8	1/8	Chord	3/8	2	1	1/8		1/8	1	195														
22	22	65/2	65/2	0.5	1/4	1/4	Chord	3/8	2	1	1/8		1/8	1	196														
22	22	63/2	63/2	0.5	0	0	Chord	3/8	3	1	1/8		1/8	1	197										39				
22	22	32	32	0.5	1/8	1/8	Chord	3/8	3	1	1/8		1/8	1	198										39				
22	22	65/2	65/2	0.5	1/4	1/4	Chord	3/8	3	1	1/8		1/8	1	199														
23	23	33	33	0.25	0	0	Chord	3/8	1	1	1/16		1/16	1	200	-lo-									40				
23	23	133/4	133/4	0.25	1/16	1/16	Chord	3/8	1	1	1/16		1/16	1	201														
23	23	67/2	67/2	0.5	1/8	1/8	Chord	3/8	1	1	1/8		1/8	1	202	-ris									41				
23	23	34	34	0.5	1/4	1/4	Chord	3/8	1	1	1/8		1/8	1	203														
23	23	33	33	0.25	0	0	Chord	3/8	2	1	1/16		1/16	1	204														
23	23	133/4	133/4	0.25	1/16	1/16	Chord	3/8	2	1	1/16		1/16	1	205														
23	23	67/2	67/2	0.5	1/8	1/8	Chord	3/8	2	1	1/8		1/8	1	206										42				
23	23	34	34	0.5	1/4	1/4	Chord	3/8	2	1	1/8		1/8	1	207														
23	23	33	33	0.5	0	0	Chord	3/8	2	2	1/8		1/8	1	208														
23	23	67/2	67/2	1.0	1/8	1/8	Chord	3/8	2	2	1/4		1/4	1	209														
23	23	33	33	1.5	0	0	Chord	3/8	3	1	3/8		1/4	3/2	210														
23	23	33	33	0.5	0	0	Chord	3/8	3	2	1/8		1/8	1	211														
23	23	67/2	67/2	0.5	1/8	1/8	Chord	3/8	3	2	1/8		1/8	1	212														
23	23	34	34	0.5	1/4	1/4	Chord	3/8	3	2	1/8		1/8	1	213														
24	24	69/2	69/2	0.0	0	0	Dynamic	3/8	1	1	0						p												
24	24	69/2	69/2	0.25	0	0	Chord	3/8	1	1	1/16		1/16	1	214	vim									43				
24	24	139/4	139/4	0.25	1/16	1/16	Chord	3/8	1	1	1/16		1/16	1	215										43				
24	24	35	35	0.5	1/8	1/8	Chord	3/8	1	1	1/8		1/8	1	216														
24	24	71/2	71/2	0.5	1/4	1/4	Chord	3/8	1	1	1/8		1/8	1	217	do-													
24	24	69/2	69/2	0.25	0	0	Chord	3/8	2	1	1/16		1/16	1	218										44				
24	24	139/4	139/4	0.25	1/16	1/16	Chord	3/8	2	1	1/16		1/16	1	219										44				
24	24	35	35	0.5	1/8	1/8	Chord	3/8	2	1	1/8		1/8	1	220														
24	24	71/2	71/2	0.5	1/4	1/4	Chord	3/8	2	1	1/8		1/8	1	221														
24	24	69/2	69/2	0.0	0	0	Dynamic	3/8	3	1	0						pp												
24	24	69/2	69/2	0.5	0	0	Chord	3/8	3	1	1/8		1/8	1	222										45				
24	24	35	35	0.5	1/8	1/8	Chord	3/8	3	1	1/8		1/8	1	223										45				
24	24	71/2	71/2	0.5	1/4	1/4	Chord	3/8	3	1	1/8		1/8	1	224														
24	24	69/2	69/2	0.5	0	0	Chord	3/8	3	2	1/8		1/8	1	225														
24	24	35	35	0.5	1/8	1/8	Chord	3/8	3	2	1/8		1/8	1	226														
24	24	71/2	71/2	0.5	1/4	1/4	Chord	3/8	3	2	1/8		1/8	1	227														
25	25	36	36	0.16666666666666666	0	0	Chord	3/8	1	1	1/24		1/16	2/3	228	-lo-									46				
25	25	217/6	217/6	0.16666666666666666	1/24	1/24	Chord	3/8	1	1	1/24		1/16	2/3	229										46				
25	25	109/3	109/3	0.16666666666666666	1/12	1/12	Chord	3/8	1	1	1/24		1/16	2/3	230														
25	25	73/2	73/2	0.5	1/8	1/8	Chord	3/8	1	1	1/8		1/8	1	231	-ris													
25	25	36	36	0.16666666666666666	0	0	Chord	3/8	2	1	1/24		1/16	2/3	232										47				
25	25	217/6	217/6	0.16666666666666666	1/24	1/24	Chord	3/8	2	1	1/24		1/16	2/3	233										47				
25	25	109/3	109/3	0.16666666666666666	1/12	1/12	Chord	3/8	2	1	1/24		1/16	2/3	234														
25	25	73/2	73/2	0.5	1/8	1/8	Chord	3/8	2	1	1/8		1/8	1	235														
25	25	36	36	0.5	0	0	Chord	3/8	3	1	1/8		1/8	1	236										48				
25	25	73/2	73/2	0.5	1/8	1/8	Chord	3/8	3	1	1/8		1/8	1	237										48				
25	25	37	37	0.5	1/4	1/4	Chord	3/8	3	1	1/8		1/8	1	238														
26	26	75/2	75/2	0.0	0	0	Dynamic	3/8	1	1	0						p												
26	26	75/2	75/2	0.0	0	0	Spanner	3/8	1	1	0																	1	
26	26	75/2	75/2	1.5	0	0	Chord	3/8	1	1	3/8		1/4	3/2	239	fac,												1	
26	26	75/2	75/2	1.5	0	0	Chord	3/8	2	1	3/8		1/4	3/2	240														
26	26	75/2	75/2	0.0	0	0	Dynamic	3/8	3	1	0						p												
26	26	75/2	75/2	0.0	0	0	Spanner	3/8	3	1	0																0		
26	26	38	38	0.5	1/8	1/8	Chord	3/8	3	1	1/8		1/8	1	241												0		
26	26	77/2	77/2	0.5	1/4	1/4	Chord	3/8	3	1	1/8		1/8	1	242												0		
27	27	39	39	1.5	0	0	Chord	3/8	1	1	3/8		1/4	3/2	243	ut												1	
27	27	39	39	1.5	0	0	Chord	3/8	2	1	3/8		1/4	3/2	244														
27	27	79/2	79/2	0.5	1/8	1/8	Chord	3/8	3	1	1/8		1/8	1	245												0		
27	27	40	40	0.5	1/4	1/4	Chord	3/8	3	1	1/8		1/8	1	246												0		
28	28	81/2	81/2	0.0	0	0	Dynamic	3/8	1	1	0						f												
28	28	81/2	81/2	0.0	0	0	Spanner	3/8	1	1	0																		
28	28	81/2	81/2	0.25	0	0	Chord	3/8	1	1	1/16		1/16	1	247	te-									49				
28	28	163/4	163/4	0.25	1/16	1/16	Chord	3/8	1	1	1/16		1/16	1	248														
28	28	41	41	1.0	1/8	1/8	Chord	3/8	1	1	1/4		1/4	1	249	-cum													
28	28	81/2	81/2	0.25	0	0	Chord	3/8	2	1	1/16		1/16	1	250			articStaccatoAbove											
28	28	163/4	163/4	0.25	1/16	1/16	Chord	3/8	2	1	1/16		1/16	1	251			articStaccatoAbove											
28	28	41	41	0.25	1/8	1/8	Chord	3/8	2	1	1/16		1/16	1	252			articStaccatoAbove											
28	28	165/4	165/4	0.25	3/16	3/16	Chord	3/8	2	1	1/16		1/16	1	253			articStaccatoAbove											
28	28	83/2	83/2	0.5	1/4	1/4	Chord	3/8	2	1	1/8		1/8	1	254			articStaccatissimoAbove											
28	28	81/2	81/2	0.5	0	0	Chord	3/8	2	2	1/8		1/8	1	255														
28	28	41	41	0.5	1/8	1/8	Chord	3/8	2	2	1/8		1/8	1	256														
28	28	83/2	83/2	0.5	1/4	1/4	Chord	3/8	2	2	1/8		1/8	1	257														
28	28	81/2	81/2	0.0	0	0	Dynamic	3/8	3	1	0						f												
28	28	81/2	81/2	0.0	0	0	Spanner	3/8	3	1	0																		
28	28	81/2	81/2	0.5	0	0	Chord	3/8	3	1	1/8		1/8	1	258														
28	28	41	41	0.5	1/8	1/8	Chord	3/8	3	1	1/8		1/8	1	259														
28	28	83/2	83/2	0.5	1/4	1/4	Chord	3/8	3	1	1/8		1/8	1	260														
29	29	42	42	0.0	0	0	Dynamic	3/8	1	1	0						p												
29	29	42	42	0.5	0	0	Chord	3/8	1	1	1/8		1/8	1	261	lu-									50				
29	29	85/2	85/2	0.5	1/8	1/8	Chord	3/8	1	1	1/8		1/8	1	262														
29	29	43	43	0.5	1/4	1/4	Chord	3/8	1	1	1/8		1/8	1	263	-ge-													
29	29	42	42	0.5	0	0	Chord	3/8	2	1	1/8		1/8	1	264										51				
29	29	85/2	85/2	0.5	1/8	1/8	Chord	3/8	2	1	1/8		1/8	1	265										51				
29	29	43	43	0.5	1/4	1/4	Chord	3/8	2	1	1/8		1/8	1	266														
29	29	42	42	1.0	0	0	Chord	3/8	2	2	1/4		1/4	1	267														
29	29	43	43	0.5	1/4	1/4	Chord	3/8	2	2	1/8		1/8	1	268														
29	29	42	42	0.0	0	0	Dynamic	3/8	3	1	0						p												
29	29	42	42	0.5	0	0	Chord	3/8	3	1	1/8		1/8	1	269										52				
29	29	85/2	85/2	0.5	1/8	1/8	Chord	3/8	3	1	1/8		1/8	1	270														
29	29	43	43	0.5	1/4	1/4	Chord	3/8	3	1	1/8		1/8	1	271														
30	30	87/2	87/2	1.0	0	0	Chord	3/8	1	1	1/4		1/4	1	272	-am,													
30	30	87/2	87/2	0.25	0	0	Chord	3/8	2	1	1/16		1/16	1	273			articStaccatoAbove											
30	30	175/4	175/4	0.25	1/16	1/16	Chord	3/8	2	1	1/16		1/16	1	274			articStaccatoAbove											
30	30	44	44	0.25	1/8	1/8	Chord	3/8	2	1	1/16		1/16	1	275			articStaccatoAbove											
30	30	177/4	177/4	0.25	3/16	3/16	Chord	3/8	2	1	1/16		1/16	1	276			articStaccatoAbove											
30	30	89/2	89/2	0.5	1/4	1/4	Chord	3/8	2	1	1/8		1/8	1	277			articStaccatissimoAbove											
30	30	87/2	87/2	0.5	0	0	Chord	3/8	2	2	1/8		1/8	1	278														
30	30	44	44	0.5	1/8	1/8	Chord	3/8	2	2	1/8		1/8	1	279														
30	30	89/2	89/2	0.5	1/4	1/4	Chord	3/8	2	2	1/8		1/8	1	280														
30	30	87/2	87/2	0.0	0	0	Dynamic	3/8	3	1	0						f												
30	30	87/2	87/2	0.5	0	0	Chord	3/8	3	1	1/8		1/8	1	281														
30	30	44	44	0.5	1/8	1/8	Chord	3/8	3	1	1/8		1/8	1	282														
30	30	89/2	89/2	0.5	1/4	1/4	Chord	3/8	3	1	1/8		1/8	1	283														
31	31	45	45	0.0	0	0	Dynamic	3/8	1	1	0						p												
31	31	45	45	0.0	0	0	Spanner	3/8	1	1	0															1			
31	31	45	45	0.5	0	0	Chord	3/8	1	1	1/8		1/8	1	284	lu-									53	1			
31	31	91/2	91/2	0.5	1/8	1/8	Chord	3/8	1	1	1/8		1/8	1	285											1			
31	31	46	46	0.5	1/4	1/4	Chord	3/8	1	1	1/8		1/8	1	286	-ge-										1			
31	31	45	45	0.5	0	0	Chord	3/8	2	1	1/8		1/8	1	287										54				
31	31	91/2	91/2	0.5	1/8	1/8	Chord	3/8	2	1	1/8		1/8	1	288										54				
31	31	46	46	0.5	1/4	1/4	Chord	3/8	2	1	1/8		1/8	1	289														
31	31	45	45	1.0	0	0	Chord	3/8	2	2	1/4		1/4	1	290														
31	31	46	46	0.5	1/4	1/4	Chord	3/8	2	2	1/8		1/8	1	291														
31	31	45	45	0.0	0	0	Dynamic	3/8	3	1	0						p												
31	31	91/2	91/2	1.0	1/8	1/8	Chord	3/8	3	1	1/4		1/4	1	292														
31	31	45	45	0.5	0	0	Chord	3/8	3	2	1/8		1/8	1	293										55				
31	31	91/2	91/2	0.5	1/8	1/8	Chord	3/8	3	2	1/8		1/8	1	294														
31	31	46	46	0.5	1/4	1/4	Chord	3/8	3	2	1/8		1/8	1	295														
32	32	93/2	93/2	0.0	0	0	Spanner	3/8	1	1	0																		
32	32	93/2	93/2	1.0	0	0	Chord	3/8	1	1	1/4		1/4	1	296	-am.													
32	32	93/2	93/2	0.5	0	0	Chord	3/8	2	1	1/8		1/8	1	297			articStaccatissimoAbove											
32	32	47	47	0.5	1/8	1/8	Chord	3/8	2	1	1/8		1/8	1	298			articStaccatissimoAbove											
32	32	95/2	95/2	0.5	1/4	1/4	Chord	3/8	2	1	1/8		1/8	1	299			articStaccatissimoAbove											
32	32	93/2	93/2	1.0	0	0	Chord	3/8	2	2	1/4		1/4	1	300														
32	32	93/2	93/2	0.0	0	0	Dynamic	3/8	3	1	0						f												
32	32	93/2	93/2	1.0	0	0	Chord	3/8	3	1	1/4		1/4	1	301														
33	33	48	48	0.25	0	0	Chord	3/8	2	1	1/16		1/16	1	302														
33	33	193/4	193/4	0.25	1/16	1/16	Chord	3/8	2	1	1/16		1/16	1	303														
33	33	97/2	97/2	1.0	1/8	1/8	Chord	3/8	2	1	1/4		1/4	1	304														
33	33	48	48	1.5	0	0	Chord	3/8	3	1	3/8		1/4	3/2	305														
33	33	48	48	0.5	0	0	Chord	3/8	3	2	1/8		1/8	1	306														
33	33	97/2	97/2	0.5	1/8	1/8	Chord	3/8	3	2	1/8		1/8	1	307														
33	33	49	49	0.5	1/4	1/4	Chord	3/8	3	2	1/8		1/8	1	308														
34	34	99/2	99/2	0.25	0	0	Chord	3/8	2	1	1/16		1/16	1	309										56				
34	34	199/4	199/4	0.25	1/16	1/16	Chord	3/8	2	1	1/16		1/16	1	310										56				
34	34	50	50	0.5	1/8	1/8	Chord	3/8	2	1	1/8		1/8	1	311														
34	34	101/2	101/2	0.5	1/4	1/4	Chord	3/8	2	1	1/8		1/8	1	312														
34	34	99/2	99/2	0.5	0	0	Chord	3/8	3	1	1/8		1/8	1	313										57				
34	34	50	50	0.5	1/8	1/8	Chord	3/8	3	1	1/8		1/8	1	314										57				
34	34	101/2	101/2	0.5	1/4	1/4	Chord	3/8	3	1	1/8		1/8	1	315														
35	35	51	51	0.25	0	0	Chord	3/8	2	1	1/16		1/16	1	316														
35	35	205/4	205/4	0.25	1/16	1/16	Chord	3/8	2	1	1/16		1/16	1	317														
35	35	103/2	103/2	0.5	1/8	1/8	Chord	3/8	2	1	1/8		1/8	1	318														
35	35	52	52	0.5	1/4	1/4	Chord	3/8	2	1	1/8		1/8	1	319														
35	35	51	51	1.5	0	0	Chord	3/8	3	1	3/8		1/4	3/2	320			articAccentAbove											
35	35	51	51	0.5	0	0	Chord	3/8	3	2	1/8		1/8	1	321										58				
35	35	103/2	103/2	0.5	1/8	1/8	Chord	3/8	3	2	1/8		1/8	1	322										58				
35	35	52	52	0.5	1/4	1/4	Chord	3/8	3	2	1/8		1/8	1	323														
36	36	105/2	105/2	0.25	0	0	Chord	3/8	2	1	1/16		1/16	1	324										59				
36	36	211/4	211/4	0.25	1/16	1/16	Chord	3/8	2	1	1/16		1/16	1	325										59				
36	36	53	53	0.5	1/8	1/8	Chord	3/8	2	1	1/8		1/8	1	326														
36	36	107/2	107/2	0.5	1/4	1/4	Chord	3/8	2	1	1/8		1/8	1	327			articStaccatoAbove											
36	36	105/2	105/2	0.5	0	0	Chord	3/8	2	2	1/8		1/8	1	328														
36	36	53	53	0.5	1/8	1/8	Chord	3/8	2	2	1/8		1/8	1	329			articStaccatoBelow											
36	36	107/2	107/2	0.5	1/4	1/4	Chord	3/8	2	2	1/8		1/8	1	330			articStaccatoBelow											
36	36	105/2	105/2	0.0	0	0	Dynamic	3/8	3	1	0						p												
36	36	105/2	105/2	0.5	0	0	Chord	3/8	3	1	1/8		1/8	1	331										60				
36	36	53	53	0.5	1/8	1/8	Chord	3/8	3	1	1/8		1/8	1	332														
36	36	107/2	107/2	0.5	1/4	1/4	Chord	3/8	3	1	1/8		1/8	1	333														
37	37	54	54	0.25	0	0	Chord	3/8	2	1	1/16		1/16	1	334			articStaccatoAbove											
37	37	217/4	217/4	0.25	1/16	1/16	Chord	3/8	2	1	1/16		1/16	1	335			articStaccatoAbove											
37	37	109/2	109/2	0.25	1/8	1/8	Chord	3/8	2	1	1/16		1/16	1	336			articStaccatoAbove											
37	37	219/4	219/4	0.25	3/16	3/16	Chord	3/8	2	1	1/16		1/16	1	337			articStaccatoAbove											
37	37	55	55	0.25	1/4	1/4	Chord	3/8	2	1	1/16		1/16	1	338			articStaccatoAbove											
37	37	221/4	221/4	0.25	5/16	5/16	Chord	3/8	2	1	1/16		1/16	1	339			articStaccatoAbove											
37	37	54	54	0.5	0	0	Chord	3/8	2	2	1/8		1/8	1	340														
37	37	109/2	109/2	0.5	1/8	1/8	Chord	3/8	2	2	1/8		1/8	1	341														
37	37	55	55	0.25	1/4	1/4	Chord	3/8	2	2	1/16		1/16	1	342														
37	37	221/4	221/4	0.25	5/16	5/16	Chord	3/8	2	2	1/16		1/16	1	343														
37	37	54	54	0.0	0	0	Dynamic	3/8	3	1	0						mf												
37	37	54	54	0.5	0	0	Chord	3/8	3	1	1/8		1/8	1	344														
37	37	109/2	109/2	0.5	1/8	1/8	Chord	3/8	3	1	1/8		1/8	1	345														
37	37	55	55	0.5	1/4	1/4	Chord	3/8	3	1	1/8		1/8	1	346														
38	38	111/2	111/2	0.0	0	0	Spanner	3/8	2	1	0																		0
38	38	111/2	111/2	0.5	0	0	Chord	3/8	2	1	1/8		1/8	1	347										61				0
38	38	56	56	0.5	1/8	1/8	Chord	3/8	2	1	1/8		1/8	1	348										61				0
38	38	113/2	113/2	0.5	1/4	1/4	Chord	3/8	2	1	1/8		1/8	1	349														0
38	38	111/2	111/2	1.0	0	0	Chord	3/8	2	2	1/4		1/4	1	350														0
38	38	113/2	113/2	0.5	1/4	1/4	Chord	3/8	2	2	1/8		1/8	1	351														0
38	38	111/2	111/2	0.5	0	0	Chord	3/8	3	1	1/8		1/8	1	352										62				
38	38	56	56	0.5	1/8	1/8	Chord	3/8	3	1	1/8		1/8	1	353														
38	38	113/2	113/2	0.5	1/4	1/4	Chord	3/8	3	1	1/8		1/8	1	354														
39	39	57	57	0.5	0	0	Chord	3/8	2	1	1/8		1/8	1	355			articStaccatoBelow											0
39	39	115/2	115/2	0.5	1/8	1/8	Chord	3/8	2	1	1/8		1/8	1	356			articStaccatoBelow											0
39	39	58	58	0.5	1/4	1/4	Chord	3/8	2	1	1/8		1/8	1	357			articStaccatoBelow											0
39	39	57	57	1.0	0	0	Chord	3/8	3	1	1/4		1/4	1	358														
40	40	117/2	117/2	0.0	0	0	StaffText	3/8	1	1	0								dolce										
40	40	117/2	117/2	0.0	0	0	Dynamic	3/8	1	1	0						p												
40	40	117/2	117/2	0.5	0	0	Chord	3/8	1	1	1/8		1/8	1	359	E-													
40	40	59	59	0.5	1/8	1/8	Chord	3/8	1	1	1/8		1/8	1	360	-ja									63				
40	40	119/2	119/2	0.5	1/4	1/4	Chord	3/8	1	1	1/8		1/8	1	361														
40	40	117/2	117/2	0.0	0	0	Dynamic	3/8	2	1	0						p												
40	40	117/2	117/2	0.0	0	0	Spanner	3/8	2	1	0																		
40	40	117/2	117/2	0.5	0	0	Chord	3/8	2	1	1/8		1/8	1	362														
40	40	59	59	0.5	1/8	1/8	Chord	3/8	2	1	1/8		1/8	1	363														
40	40	119/2	119/2	0.5	1/4	1/4	Chord	3/8	2	1	1/8		1/8	1	364														
41	41	60	60	0.25	0	0	Chord	3/8	1	1	1/16		1/16	1	365	ma-									64				
41	41	241/4	241/4	0.25	1/16	1/16	Chord	3/8	1	1	1/16		1/16	1	366														
41	41	121/2	121/2	0.0	1/8	1/8	Chord	3/8	1	1	0	appoggiatura	1/8	1	367														
41	41	121/2	121/2	1.0	1/8	1/8	Chord	3/8	1	1	1/4		1/4	1	368	-ter,													
41	41	60	60	0.25	0	0	Chord	3/8	2	1	1/16		1/16	1	369										65				
41	41	241/4	241/4	0.25	1/16	1/16	Chord	3/8	2	1	1/16		1/16	1	370										65				
41	41	121/2	121/2	1.0	1/8	1/8	Chord	3/8	2	1	1/4		1/4	1	371														
41	41	60	60	1.5	0	0	Chord	3/8	3	1	3/8		1/4	3/2	372														
41	41	60	60	0.5	0	0	Chord	3/8	3	2	1/8		1/8	1	373														
41	41	121/2	121/2	0.5	1/8	1/8	Chord	3/8	3	2	1/8		1/8	1	374														
41	41	61	61	0.5	1/4	1/4	Chord	3/8	3	2	1/8		1/8	1	375														
42	42	123/2	123/2	0.25	0	0	Chord	3/8	1	1	1/16		1/16	1	376	fons									66				
42	42	247/4	247/4	0.25	1/16	1/16	Chord	3/8	1	1	1/16		1/16	1	377										66				
42	42	62	62	0.5	1/8	1/8	Chord	3/8	1	1	1/8		1/8	1	378														
42	42	125/2	125/2	0.5	1/4	1/4	Chord	3/8	1	1	1/8		1/8	1	379	a-													
42	42	123/2	123/2	0.25	0	0	Chord	3/8	2	1	1/16		1/16	1	380										67				
42	42	247/4	247/4	0.25	1/16	1/16	Chord	3/8	2	1	1/16		1/16	1	381										67				
42	42	62	62	0.5	1/8	1/8	Chord	3/8	2	1	1/8		1/8	1	382														
42	42	125/2	125/2	0.5	1/4	1/4	Chord	3/8	2	1	1/8		1/8	1	383			articStaccatoAbove											
42	42	123/2	123/2	0.5	0	0	Chord	3/8	3	1	1/8		1/8	1	384										68				
42	42	62	62	0.5	1/8	1/8	Chord	3/8	3	1	1/8		1/8	1	385										68				
42	42	125/2	125/2	0.5	1/4	1/4	Chord	3/8	3	1	1/8		1/8	1	386														
43	43	63	63	0.25	0	0	Chord	3/8	1	1	1/16		1/16	1	387	-mo-									69				
43	43	253/4	253/4	0.25	1/16	1/16	Chord	3/8	1	1	1/16		1/16	1	388														
43	43	127/2	127/2	0.5	1/8	1/8	Chord	3/8	1	1	1/8		1/8	1	389	-ris,									70				
43	43	64	64	0.5	1/4	1/4	Chord	3/8	1	1	1/8		1/8	1	390														
43	43	63	63	0.25	0	0	Chord	3/8	2	1	1/16		1/16	1	391														
43	43	253/4	253/4	0.25	1/16	1/16	Chord	3/8	2	1	1/16		1/16	1	392														
43	43	127/2	127/2	0.5	1/8	1/8	Chord	3/8	2	1	1/8		1/8	1	393										71				
43	43	64	64	0.5	1/4	1/4	Chord	3/8	2	1	1/8		1/8	1	394														
43	43	63	63	0.5	0	0	Chord	3/8	2	2	1/8		1/8	1	395														
43	43	127/2	127/2	1.0	1/8	1/8	Chord	3/8	2	2	1/4		1/4	1	396														
43	43	63	63	1.5	0	0	Chord	3/8	3	1	3/8		1/4	3/2	397														
43	43	63	63	0.5	0	0	Chord	3/8	3	2	1/8		1/8	1	398										72				
43	43	127/2	127/2	0.5	1/8	1/8	Chord	3/8	3	2	1/8		1/8	1	399										72				
43	43	64	64	0.5	1/4	1/4	Chord	3/8	3	2	1/8		1/8	1	400														
44	44	129/2	129/2	0.25	0	0	Chord	3/8	1	1	1/16		1/16	1	401	fons									73				
44	44	259/4	259/4	0.25	1/16	1/16	Chord	3/8	1	1	1/16		1/16	1	402										73				
44	44	65	65	0.5	1/8	1/8	Chord	3/8	1	1	1/8		1/8	1	403														
44	44	131/2	131/2	0.5	1/4	1/4	Chord	3/8	1	1	1/8		1/8	1	404	a-													
44	44	129/2	129/2	0.25	0	0	Chord	3/8	2	1	1/16		1/16	1	405										74				
44	44	259/4	259/4	0.25	1/16	1/16	Chord	3/8	2	1	1/16		1/16	1	406										74				
44	44	65	65	0.5	1/8	1/8	Chord	3/8	2	1	1/8		1/8	1	407														
44	44	131/2	131/2	0.5	1/4	1/4	Chord	3/8	2	1	1/8		1/8	1	408														
44	44	129/2	129/2	0.5	0	0	Chord	3/8	2	2	1/8		1/8	1	409														
44	44	65	65	0.5	1/8	1/8	Chord	3/8	2	2	1/8		1/8	1	410														
44	44	131/2	131/2	0.5	1/4	1/4	Chord	3/8	2	2	1/8		1/8	1	411														
44	44	129/2	129/2	0.5	0	0	Chord	3/8	3	1	1/8		1/8	1	412										75				
44	44	65	65	0.5	1/8	1/8	Chord	3/8	3	1	1/8		1/8	1	413														
44	44	131/2	131/2	0.5	1/4	1/4	Chord	3/8	3	1	1/8		1/8	1	414			articStaccatoAbove											
45	45	66	66	0.16666666666666666	0	0	Chord	3/8	1	1	1/24		1/16	2/3	415	-mo-									76				
45	45	397/6	397/6	0.16666666666666666	1/24	1/24	Chord	3/8	1	1	1/24		1/16	2/3	416										76				
45	45	199/3	199/3	0.16666666666666666	1/12	1/12	Chord	3/8	1	1	1/24		1/16	2/3	417														
45	45	133/2	133/2	0.5	1/8	1/8	Chord	3/8	1	1	1/8		1/8	1	418	-ris!													
45	45	66	66	0.25	0	0	Chord	3/8	2	1	1/16		1/16	1	419			articStaccatoAbove											
45	45	265/4	265/4	0.25	1/16	1/16	Chord	3/8	2	1	1/16		1/16	1	420			articStaccatoAbove											
45	45	133/2	133/2	0.25	1/8	1/8	Chord	3/8	2	1	1/16		1/16	1	421			articStaccatoAbove											
45	45	267/4	267/4	0.25	3/16	3/16	Chord	3/8	2	1	1/16		1/16	1	422			articStaccatoAbove											
45	45	67	67	0.5	1/4	1/4	Chord	3/8	2	1	1/8		1/8	1	423			articStaccatissimoAbove											
45	45	66	66	0.5	0	0	Chord	3/8	2	2	1/8		1/8	1	424														
45	45	133/2	133/2	0.5	1/8	1/8	Chord	3/8	2	2	1/8		1/8	1	425														
45	45	67	67	0.5	1/4	1/4	Chord	3/8	2	2	1/8		1/8	1	426														
45	45	66	66	0.0	0	0	Dynamic	3/8	3	1	0						f												
45	45	66	66	0.5	0	0	Chord	3/8	3	1	1/8		1/8	1	427										77				
45	45	133/2	133/2	0.5	1/8	1/8	Chord	3/8	3	1	1/8		1/8	1	428										77				
45	45	67	67	0.5	1/4	1/4	Chord	3/8	3	1	1/8		1/8	1	429														
46	46	135/2	135/2	0.5	0	0	Chord	3/8	1	1	1/8		1/8	1	430	Me									78				
46	46	68	68	0.5	1/8	1/8	Chord	3/8	1	1	1/8		1/8	1	431														
46	46	137/2	137/2	0.5	1/4	1/4	Chord	3/8	1	1	1/8		1/8	1	432	sen-													
46	46	135/2	135/2	0.5	0	0	Chord	3/8	2	1	1/8		1/8	1	433										79				
46	46	68	68	0.5	1/8	1/8	Chord	3/8	2	1	1/8		1/8	1	434										79				
46	46	137/2	137/2	0.5	1/4	1/4	Chord	3/8	2	1	1/8		1/8	1	435														
46	46	135/2	135/2	0.0	0	0	Dynamic	3/8	3	1	0						p												
46	46	135/2	135/2	1.5	0	0	Chord	3/8	3	1	3/8		1/4	3/2	436														
47	47	69	69	0.5	0	0	Chord	3/8	1	1	1/8		1/8	1	437	-ti-									80				
47	47	139/2	139/2	0.5	1/8	1/8	Chord	3/8	1	1	1/8		1/8	1	438														
47	47	70	70	0.5	1/4	1/4	Chord	3/8	1	1	1/8		1/8	1	439	-re													
47	47	69	69	0.25	0	0	Chord	3/8	2	1	1/16		1/16	1	440														
47	47	277/4	277/4	0.25	1/16	1/16	Chord	3/8	2	1	1/16		1/16	1	441														
47	47	139/2	139/2	0.25	1/8	1/8	Chord	3/8	2	1	1/16		1/16	1	442														
47	47	279/4	279/4	0.25	3/16	3/16	Chord	3/8	2	1	1/16		1/16	1	443														
47	47	70	70	0.5	1/4	1/4	Chord	3/8	2	1	1/8		1/8	1	444														
47	47	69	69	0.5	0	0	Chord	3/8	2	2	1/8		1/8	1	445														
47	47	139/2	139/2	0.5	1/8	1/8	Chord	3/8	2	2	1/8		1/8	1	446														
47	47	70	70	0.5	1/4	1/4	Chord	3/8	2	2	1/8		1/8	1	447														
47	47	69	69	0.0	0	0	Dynamic	3/8	3	1	0						f												
47	47	69	69	0.5	0	0	Chord	3/8	3	1	1/8		1/8	1	448										81				
47	47	139/2	139/2	0.5	1/8	1/8	Chord	3/8	3	1	1/8		1/8	1	449										81				
47	47	70	70	0.5	1/4	1/4	Chord	3/8	3	1	1/8		1/8	1	450														
48	48	141/2	141/2	0.5	0	0	Chord	3/8	1	1	1/8		1/8	1	451	vim									82				
48	48	71	71	0.5	1/8	1/8	Chord	3/8	1	1	1/8		1/8	1	452														
48	48	143/2	143/2	0.5	1/4	1/4	Chord	3/8	1	1	1/8		1/8	1	453	do-													
48	48	141/2	141/2	0.5	0	0	Chord	3/8	2	1	1/8		1/8	1	454										83				
48	48	71	71	0.5	1/8	1/8	Chord	3/8	2	1	1/8		1/8	1	455										83				
48	48	143/2	143/2	0.5	1/4	1/4	Chord	3/8	2	1	1/8		1/8	1	456														
48	48	141/2	141/2	0.0	0	0	Dynamic	3/8	3	1	0						p												
48	48	141/2	141/2	1.5	0	0	Chord	3/8	3	1	3/8		1/4	3/2	457														
49	49	72	72	0.16666666666666666	0	0	Chord	3/8	1	1	1/24		1/16	2/3	458	-lo-									84				
49	49	433/6	433/6	0.16666666666666666	1/24	1/24	Chord	3/8	1	1	1/24		1/16	2/3	459										84				
49	49	217/3	217/3	0.16666666666666666	1/12	1/12	Chord	3/8	1	1	1/24		1/16	2/3	460														
49	49	145/2	145/2	0.5	1/8	1/8	Chord	3/8	1	1	1/8		1/8	1	461	-ris													
49	49	72	72	0.25	0	0	Chord	3/8	2	1	1/16		1/16	1	462										85				
49	49	289/4	289/4	0.25	1/16	1/16	Chord	3/8	2	1	1/16		1/16	1	463										85				
49	49	145/2	145/2	0.5	1/8	1/8	Chord	3/8	2	1	1/8		1/8	1	464										85				
49	49	73	73	0.5	1/4	1/4	Chord	3/8	2	1	1/8		1/8	1	465														
49	49	72	72	0.5	0	0	Chord	3/8	3	1	1/8		1/8	1	466														
49	49	145/2	145/2	0.5	1/8	1/8	Chord	3/8	3	1	1/8		1/8	1	467										86				
49	49	73	73	0.5	1/4	1/4	Chord	3/8	3	1	1/8		1/8	1	468														
50	50	147/2	147/2	0.0	0	0	Dynamic	3/8	1	1	0						p												
50	50	147/2	147/2	1.5	0	0	Chord	3/8	1	1	3/8		1/4	3/2	469	fac													
50	50	147/2	147/2	1.5	0	0	Chord	3/8	2	1	3/8		1/4	3/2	470														
50	50	74	74	0.5	1/8	1/8	Chord	3/8	2	2	1/8		1/8	1	471														
50	50	149/2	149/2	0.5	1/4	1/4	Chord	3/8	2	2	1/8		1/8	1	472														
50	50	147/2	147/2	0.0	0	0	Dynamic	3/8	3	1	0						p												
50	50	74	74	0.5	1/8	1/8	Chord	3/8	3	1	1/8		1/8	1	473										87				
50	50	149/2	149/2	0.5	1/4	1/4	Chord	3/8	3	1	1/8		1/8	1	474										87				
51	51	75	75	1.5	0	0	Chord	3/8	1	1	3/8		1/4	3/2	475	ut													
51	51	75	75	1.5	0	0	Chord	3/8	2	1	3/8		1/4	3/2	476														
51	51	75	75	1.5	0	0	Chord	3/8	2	2	3/8		1/4	3/2	477														
51	51	75	75	0.5	0	0	Chord	3/8	3	1	1/8		1/8	1	478										87				
51	51	151/2	151/2	0.5	1/8	1/8	Chord	3/8	3	1	1/8		1/8	1	479										87				
51	51	76	76	0.5	1/4	1/4	Chord	3/8	3	1	1/8		1/8	1	480										87				
52	52	153/2	153/2	1.5	0	0	Chord	3/8	1	1	3/8		1/4	3/2	481	te-													
52	52	153/2	153/2	1.5	0	0	Chord	3/8	2	1	3/8		1/4	3/2	482														
52	52	153/2	153/2	0.5	0	0	Chord	3/8	2	2	1/8		1/8	1	483														
52	52	77	77	0.5	1/8	1/8	Chord	3/8	2	2	1/8		1/8	1	484														
52	52	155/2	155/2	0.5	1/4	1/4	Chord	3/8	2	2	1/8		1/8	1	485														
52	52	153/2	153/2	0.0	0	0	Spanner	3/8	3	1	0																	2	
52	52	153/2	153/2	0.5	0	0	Chord	3/8	3	1	1/8		1/8	1	486													2	
52	52	77	77	0.5	1/8	1/8	Chord	3/8	3	1	1/8		1/8	1	487										88			2	
52	52	155/2	155/2	0.5	1/4	1/4	Chord	3/8	3	1	1/8		1/8	1	488										88			2	
53	53	78	78	1.5	0	0	Chord	3/8	1	1	3/8		1/4	3/2	489	-cum													
53	53	78	78	1.5	0	0	Chord	3/8	2	1	3/8		1/4	3/2	490														
53	53	78	78	1.5	0	0	Chord	3/8	2	2	3/8		1/4	3/2	491														
53	53	78	78	0.5	0	0	Chord	3/8	3	1	1/8		1/8	1	492										88			2	
53	53	157/2	157/2	0.5	1/8	1/8	Chord	3/8	3	1	1/8		1/8	1	493										88			2	
53	53	79	79	0.5	1/4	1/4	Chord	3/8	3	1	1/8		1/8	1	494										88			2	
54	54	159/2	159/2	1.5	0	0	Chord	3/8	1	1	3/8		1/4	3/2	495	lu-													
54	54	159/2	159/2	1.5	0	0	Chord	3/8	2	1	3/8		1/4	3/2	496														
54	54	159/2	159/2	0.5	0	0	Chord	3/8	2	2	1/8		1/8	1	497														
54	54	80	80	0.5	1/8	1/8	Chord	3/8	2	2	1/8		1/8	1	498														
54	54	161/2	161/2	0.5	1/4	1/4	Chord	3/8	2	2	1/8		1/8	1	499														
54	54	159/2	159/2	0.0	0	0	Dynamic	3/8	3	1	0						mp												
54	54	159/2	159/2	0.0	0	0	Spanner	3/8	3	1	0																		
54	54	159/2	159/2	0.0	0	0	Spanner	3/8	3	1	0															2			
54	54	159/2	159/2	0.5	0	0	Chord	3/8	3	1	1/8		1/8	1	500											2			
54	54	80	80	0.5	1/8	1/8	Chord	3/8	3	1	1/8		1/8	1	501											2			
54	54	161/2	161/2	0.5	1/4	1/4	Chord	3/8	3	1	1/8		1/8	1	502										89	2			
55	55	81	81	1.5	0	0	Chord	3/8	1	1	3/8		1/4	3/2	503	-ge-													
55	55	81	81	1.5	0	0	Chord	3/8	2	1	3/8		1/4	3/2	504														
55	55	81	81	1.5	0	0	Chord	3/8	2	2	3/8		1/4	3/2	505														
55	55	81	81	0.5	0	0	Chord	3/8	3	1	1/8		1/8	1	506										89	2			
55	55	163/2	163/2	0.5	1/8	1/8	Chord	3/8	3	1	1/8		1/8	1	507										89	2			
55	55	82	82	0.5	1/4	1/4	Chord	3/8	3	1	1/8		1/8	1	508										89	2			
56	56	165/2	165/2	1.0	0	0	Chord	3/8	1	1	1/4		1/4	1	509	-am,													
56	56	165/2	165/2	1.0	0	0	Chord	3/8	2	1	1/4		1/4	1	510														
56	56	165/2	165/2	1.0	0	0	Chord	3/8	2	2	1/4		1/4	1	511														
56	56	165/2	165/2	0.0	0	0	Dynamic	3/8	3	1	0						p								89				
56	56	165/2	165/2	0.0	0	0	Spanner	3/8	3	1	0														89				
56	56	165/2	165/2	0.5	0	0	Chord	3/8	3	1	1/8		1/8	1	512										89				
56	56	83	83	0.5	1/8	1/8	Chord	3/8	3	1	1/8		1/8	1	513										89				
56	56	167/2	167/2	0.5	1/4	1/4	Chord	3/8	3	1	1/8		1/8	1	514														
57	57	84	84	0.5	0	0	Chord	3/8	1	1	1/8		1/8	1	515	fac,													
57	57	169/2	169/2	1.0	1/8	1/8	Chord	3/8	1	1	1/4		1/4	1	516	ut													
57	57	84	84	0.25	0	0	Chord	3/8	2	1	1/16		1/16	1	517														
57	57	337/4	337/4	0.25	1/16	1/16	Chord	3/8	2	1	1/16		1/16	1	518														
57	57	169/2	169/2	0.5	1/8	1/8	Chord	3/8	2	1	1/8		1/8	1	519										90				
57	57	85	85	0.5	1/4	1/4	Chord	3/8	2	1	1/8		1/8	1	520														
57	57	84	84	0.5	0	0	Chord	3/8	2	2	1/8		1/8	1	521														
57	57	169/2	169/2	0.5	1/8	1/8	Chord	3/8	2	2	1/8		1/8	1	522														
57	57	85	85	0.5	1/4	1/4	Chord	3/8	2	2	1/8		1/8	1	523														
57	57	169/2	169/2	1.0	1/8	1/8	Chord	3/8	3	1	1/4		1/4	1	524														
57	57	84	84	0.5	0	0	Chord	3/8	3	2	1/8		1/8	1	525														
57	57	169/2	169/2	0.5	1/8	1/8	Chord	3/8	3	2	1/8		1/8	1	526														
57	57	85	85	0.5	1/4	1/4	Chord	3/8	3	2	1/8		1/8	1	527														
58	58	171/2	171/2	0.25	0	0	Chord	3/8	1	1	1/16		1/16	1	528	te-		ornamentShortTrill							91				
58	58	343/4	343/4	0.25	1/16	1/16	Chord	3/8	1	1	1/16		1/16	1	529														
58	58	86	86	0.5	1/8	1/8	Chord	3/8	1	1	1/8		1/8	1	530	-cum													
58	58	171/2	171/2	0.25	0	0	Chord	3/8	2	1	1/16		1/16	1	531			articStaccatoAbove											
58	58	343/4	343/4	0.25	1/16	1/16	Chord	3/8	2	1	1/16		1/16	1	532			articStaccatoAbove											
58	58	86	86	0.25	1/8	1/8	Chord	3/8	2	1	1/16		1/16	1	533			articStaccatoAbove											
58	58	345/4	345/4	0.25	3/16	3/16	Chord	3/8	2	1	1/16		1/16	1	534			articStaccatoAbove											
58	58	173/2	173/2	0.5	1/4	1/4	Chord	3/8	2	1	1/8		1/8	1	535			articStaccatoAbove											
58	58	171/2	171/2	0.5	0	0	Chord	3/8	2	2	1/8		1/8	1	536														
58	58	86	86	0.5	1/8	1/8	Chord	3/8	2	2	1/8		1/8	1	537														
58	58	173/2	173/2	0.5	1/4	1/4	Chord	3/8	2	2	1/8		1/8	1	538														
58	58	171/2	171/2	0.5	0	0	Chord	3/8	3	1	1/8		1/8	1	539														
58	58	86	86	0.5	1/8	1/8	Chord	3/8	3	1	1/8		1/8	1	540														
58	58	173/2	173/2	0.5	1/4	1/4	Chord	3/8	3	1	1/8		1/8	1	541														
59	59	87	87	0.5	0	0	Chord	3/8	1	1	1/8		1/8	1	542	lu-		articAccentAbove							92				
59	59	175/2	175/2	0.5	1/8	1/8	Chord	3/8	1	1	1/8		1/8	1	543														
59	59	88	88	0.0	1/4	1/4	Spanner	3/8	1	1	0															3			
59	59	88	88	0.5	1/4	1/4	Chord	3/8	1	1	1/8		1/8	1	544	-ge-										3			
59	59	87	87	0.5	0	0	Chord	3/8	2	1	1/8		1/8	1	545										93				
59	59	175/2	175/2	0.5	1/8	1/8	Chord	3/8	2	1	1/8		1/8	1	546										93				
59	59	88	88	0.5	1/4	1/4	Chord	3/8	2	1	1/8		1/8	1	547														
59	59	87	87	1.0	0	0	Chord	3/8	2	2	1/4		1/4	1	548			articAccentBelow											
59	59	88	88	0.5	1/4	1/4	Chord	3/8	2	2	1/8		1/8	1	549														
59	59	87	87	0.0	0	0	Spanner	3/8	3	1	0															4			
59	59	87	87	0.5	0	0	Chord	3/8	3	1	1/8		1/8	1	550										94	4			
59	59	175/2	175/2	0.5	1/8	1/8	Chord	3/8	3	1	1/8		1/8	1	551											4			
59	59	88	88	0.5	1/4	1/4	Chord	3/8	3	1	1/8		1/8	1	552											4			
60	60	177/2	177/2	1.0	0	0	Chord	3/8	1	1	1/4		1/4	1	553	-am.										3			
60	60	179/2	179/2	0.0	1/4	1/4	Spanner	3/8	1	1	0																		
60	60	177/2	177/2	1.0	0	0	Chord	3/8	2	1	1/4		1/4	1	554														
60	60	177/2	177/2	0.0	0	0	Spanner	3/8	3	1	0																		
60	60	177/2	177/2	1.0	0	0	Chord	3/8	3	1	1/4		1/4	1	555														
61	61	90	90	0.0	0	0	Dynamic	3/8	1	1	0						f												
61	61	90	90	1.5	0	0	Chord	3/8	1	1	3/8		1/4	3/2	556	E-		ornamentTrill											
61	61	90	90	1.5	0	0	Chord	3/8	2	1	3/8		1/4	3/2	557			ornamentTrill											
61	61	90	90	0.0	0	0	Dynamic	3/8	3	1	0						f												
61	61	90	90	1.5	0	0	Chord	3/8	3	1	3/8		1/4	3/2	558														
62	62	183/2	183/2	1.5	0	0	Chord	3/8	1	1	3/8		1/4	3/2	559	-ja													
62	62	183/2	183/2	1.5	0	0	Chord	3/8	2	1	3/8		1/4	3/2	560			ornamentTrill											
62	62	183/2	183/2	1.5	0	0	Chord	3/8	3	1	3/8		1/4	3/2	561														
63	63	93	93	0.5	0	0	Chord	3/8	1	1	1/8		1/8	1	562	ma-									95				
63	63	187/2	187/2	0.5	1/8	1/8	Chord	3/8	1	1	1/8		1/8	1	563														
63	63	94	94	0.5	1/4	1/4	Chord	3/8	1	1	1/8		1/8	1	564	-ter,													
63	63	93	93	0.5	0	0	Chord	3/8	2	1	1/8		1/8	1	565														
63	63	187/2	187/2	0.5	1/8	1/8	Chord	3/8	2	1	1/8		1/8	1	566														
63	63	94	94	0.5	1/4	1/4	Chord	3/8	2	1	1/8		1/8	1	567														
63	63	93	93	0.0	0	0	Spanner	3/8	3	1	0															5			
63	63	93	93	0.5	0	0	Chord	3/8	3	1	1/8		1/8	1	568											5			
63	63	187/2	187/2	0.5	1/8	1/8	Chord	3/8	3	1	1/8		1/8	1	569											5			
63	63	94	94	0.5	1/4	1/4	Chord	3/8	3	1	1/8		1/8	1	570											5			
64	64	189/2	189/2	0.5	0	0	Chord	3/8	1	1	1/8		1/8	1	571	fons									96				
64	64	95	95	0.5	1/8	1/8	Chord	3/8	1	1	1/8		1/8	1	572														
64	64	191/2	191/2	0.5	1/4	1/4	Chord	3/8	1	1	1/8		1/8	1	573	a-													
64	64	189/2	189/2	0.5	0	0	Chord	3/8	2	1	1/8		1/8	1	574										97				
64	64	95	95	0.5	1/8	1/8	Chord	3/8	2	1	1/8		1/8	1	575										97				
64	64	191/2	191/2	0.5	1/4	1/4	Chord	3/8	2	1	1/8		1/8	1	576														
64	64	189/2	189/2	0.0	0	0	Dynamic	3/8	3	1	0						p												
64	64	189/2	189/2	0.0	0	0	Spanner	3/8	3	1	0																		
64	64	189/2	189/2	0.5	0	0	Chord	3/8	3	1	1/8		1/8	1	577										98				
64	64	95	95	0.5	1/8	1/8	Chord	3/8	3	1	1/8		1/8	1	578										98				
64	64	191/2	191/2	0.5	1/4	1/4	Chord	3/8	3	1	1/8		1/8	1	579														
65	65	96	96	0.5	0	0	Chord	3/8	1	1	1/8		1/8	1	580	-mo-													
65	65	193/2	193/2	1.0	1/8	1/8	Chord	3/8	1	1	1/4		1/4	1	581	-ris!													
65	65	96	96	0.5	0	0	Chord	3/8	2	1	1/8		1/8	1	582														
65	65	193/2	193/2	1.0	1/8	1/8	Chord	3/8	2	1	1/4		1/4	1	583														
65	65	96	96	0.5	0	0	Chord	3/8	3	1	1/8		1/8	1	584														
65	65	193/2	193/2	1.0	1/8	1/8	Chord	3/8	3	1	1/4		1/4	1	585														
66	66	195/2	195/2	0.5	0	0	Chord	3/8	1	1	1/8		1/8	1	586	Me									99				
66	66	98	98	0.5	1/8	1/8	Chord	3/8	1	1	1/8		1/8	1	587														
66	66	197/2	197/2	0.5	1/4	1/4	Chord	3/8	1	1	1/8		1/8	1	588	sen-													
66	66	195/2	195/2	0.5	0	0	Chord	3/8	2	1	1/8		1/8	1	589										100				
66	66	98	98	0.5	1/8	1/8	Chord	3/8	2	1	1/8		1/8	1	590										100				
66	66	197/2	197/2	0.5	1/4	1/4	Chord	3/8	2	1	1/8		1/8	1	591														
66	66	195/2	195/2	0.5	0	0	Chord	3/8	3	1	1/8		1/8	1	592										101				
66	66	98	98	0.5	1/8	1/8	Chord	3/8	3	1	1/8		1/8	1	593										101				
66	66	197/2	197/2	0.5	1/4	1/4	Chord	3/8	3	1	1/8		1/8	1	594														
67	67	99	99	0.5	0	0	Chord	3/8	1	1	1/8		1/8	1	595	-ti-													
67	67	199/2	199/2	1.0	1/8	1/8	Chord	3/8	1	1	1/4		1/4	1	596	-re													
67	67	99	99	0.5	0	0	Chord	3/8	2	1	1/8		1/8	1	597														
67	67	199/2	199/2	1.0	1/8	1/8	Chord	3/8	2	1	1/4		1/4	1	598														
67	67	99	99	0.5	0	0	Chord	3/8	3	1	1/8		1/8	1	599														
67	67	199/2	199/2	1.0	1/8	1/8	Chord	3/8	3	1	1/4		1/4	1	600														
68	68	201/2	201/2	0.5	0	0	Chord	3/8	1	1	1/8		1/8	1	601	vim									102				
68	68	101	101	0.5	1/8	1/8	Chord	3/8	1	1	1/8		1/8	1	602														
68	68	203/2	203/2	0.5	1/4	1/4	Chord	3/8	1	1	1/8		1/8	1	603	do-													
68	68	201/2	201/2	0.5	0	0	Chord	3/8	2	1	1/8		1/8	1	604										103				
68	68	101	101	0.5	1/8	1/8	Chord	3/8	2	1	1/8		1/8	1	605														
68	68	203/2	203/2	0.5	1/4	1/4	Chord	3/8	2	1	1/8		1/8	1	606														
68	68	201/2	201/2	0.5	0	0	Chord	3/8	3	1	1/8		1/8	1	607										104				
68	68	101	101	0.5	1/8	1/8	Chord	3/8	3	1	1/8		1/8	1	608														
68	68	203/2	203/2	0.5	1/4	1/4	Chord	3/8	3	1	1/8		1/8	1	609														
69	69	102	102	0.5	0	0	Chord	3/8	1	1	1/8		1/8	1	610	-lo-													
69	69	205/2	205/2	1.0	1/8	1/8	Chord	3/8	1	1	1/4		1/4	1	611	-ris,													
69	69	102	102	0.5	0	0	Chord	3/8	2	1	1/8		1/8	1	612														
69	69	205/2	205/2	1.0	1/8	1/8	Chord	3/8	2	1	1/4		1/4	1	613														
69	69	102	102	0.5	0	0	Chord	3/8	3	1	1/8		1/8	1	614														
69	69	205/2	205/2	1.0	1/8	1/8	Chord	3/8	3	1	1/4		1/4	1	615														
70	70	207/2	207/2	1.5	0	0	Chord	3/8	1	1	3/8		1/4	3/2	616	vim													
70	70	207/2	207/2	1.5	0	0	Chord	3/8	2	1	3/8		1/4	3/2	617														
70	70	207/2	207/2	0.0	0	0	Spanner	3/8	2	2	0																	3	
70	70	207/2	207/2	0.5	0	0	Chord	3/8	2	2	1/8		1/8	1	618										105			3	
70	70	104	104	0.5	1/8	1/8	Chord	3/8	2	2	1/8		1/8	1	619										105			3	
70	70	209/2	209/2	0.5	1/4	1/4	Chord	3/8	2	2	1/8		1/8	1	620													3	
70	70	207/2	207/2	1.5	0	0	Chord	3/8	3	1	3/8		1/4	3/2	621														
70	70	207/2	207/2	0.5	0	0	Chord	3/8	3	2	1/8		1/8	1	622										106				
70	70	104	104	0.5	1/8	1/8	Chord	3/8	3	2	1/8		1/8	1	623										106				
70	70	209/2	209/2	0.5	1/4	1/4	Chord	3/8	3	2	1/8		1/8	1	624														
71	71	105	105	1.5	0	0	Chord	3/8	1	1	3/8		1/4	3/2	625	do-													
71	71	105	105	1.5	0	0	Chord	3/8	2	1	3/8		1/4	3/2	626													3	
71	71	105	105	0.5	0	0	Chord	3/8	2	2	1/8		1/8	1	627										107			3	
71	71	211/2	211/2	0.5	1/8	1/8	Chord	3/8	2	2	1/8		1/8	1	628										107			3	
71	71	106	106	0.5	1/4	1/4	Chord	3/8	2	2	1/8		1/8	1	629													3	
71	71	105	105	0.5	0	0	Chord	3/8	3	1	1/8		1/8	1	630										108				
71	71	211/2	211/2	0.5	1/8	1/8	Chord	3/8	3	1	1/8		1/8	1	631										108				
71	71	106	106	0.5	1/4	1/4	Chord	3/8	3	1	1/8		1/8	1	632														
72	72	213/2	213/2	0.0	0	0	Tempo	3/8	1	1	0									Largo	50.0			1.0					
72	72	213/2	213/2	0.25	0	0	Chord	3/8	1	1	1/16		1/16	1	633	-lo-									109				
72	72	427/4	427/4	0.25	1/16	1/16	Chord	3/8	1	1	1/16		1/16	1	634														
72	72	107	107	1.0	1/8	1/8	Chord	3/8	1	1	1/4		1/4	1	635	-ris													
72	72	213/2	213/2	0.0	0	0	Spanner	3/8	2	1	0															6			
72	72	213/2	213/2	0.25	0	0	Chord	3/8	2	1	1/16		1/16	1	636										110	6			
72	72	427/4	427/4	0.25	1/16	1/16	Chord	3/8	2	1	1/16		1/16	1	637										110	6			
72	72	107	107	0.0	1/8	1/8	Dynamic	3/8	2	1	0						pp												
72	72	107	107	0.0	1/8	1/8	Spanner	3/8	2	1	0																		
72	72	107	107	0.5	1/8	1/8	Chord	3/8	2	1	1/8		1/8	1	638														
72	72	213/2	213/2	0.0	0	0	Spanner	3/8	2	2	0																		
72	72	213/2	213/2	1.5	0	0	Chord	3/8	3	1	3/8		1/4	3/2	639														
73	73	108	108	1.5	0	0	Chord	3/8	1	1	3/8		1/4	3/2	640	fac,													
73	73	108	108	1.5	0	0	Chord	3/8	2	1	3/8		1/4	3/2	641														
73	73	217/2	217/2	0.5	1/8	1/8	Chord	3/8	2	2	1/8		1/8	1	642														
73	73	109	109	0.5	1/4	1/4	Chord	3/8	2	2	1/8		1/8	1	643														
73	73	108	108	0.0	0	0	Dynamic	3/8	3	1	0						other-dynamics												
73	73	217/2	217/2	0.5	1/8	1/8	Chord	3/8	3	1	1/8		1/8	1	644										111				
73	73	109	109	0.5	1/4	1/4	Chord	3/8	3	1	1/8		1/8	1	645										111				
74	74	219/2	219/2	1.5	0	0	Chord	3/8	1	1	3/8		1/4	3/2	646	ut													
74	74	219/2	219/2	1.5	0	0	Chord	3/8	2	1	3/8		1/4	3/2	647														
74	74	219/2	219/2	1.5	0	0	Chord	3/8	2	2	3/8		1/4	3/2	648														
74	74	219/2	219/2	0.5	0	0	Chord	3/8	3	1	1/8		1/8	1	649										111				
74	74	110	110	0.5	1/8	1/8	Chord	3/8	3	1	1/8		1/8	1	650										111				
74	74	221/2	221/2	0.5	1/4	1/4	Chord	3/8	3	1	1/8		1/8	1	651										111				
75	75	111	111	1.5	0	0	Chord	3/8	1	1	3/8		1/4	3/2	652	te-													
75	75	111	111	1.5	0	0	Chord	3/8	2	1	3/8		1/4	3/2	653														
75	75	111	111	0.5	0	0	Chord	3/8	2	2	1/8		1/8	1	654														
75	75	223/2	223/2	0.5	1/8	1/8	Chord	3/8	2	2	1/8		1/8	1	655														
75	75	112	112	0.5	1/4	1/4	Chord	3/8	2	2	1/8		1/8	1	656														
75	75	111	111	0.0	0	0	Spanner	3/8	3	1	0																	4	
75	75	111	111	0.5	0	0	Chord	3/8	3	1	1/8		1/8	1	657													4	
75	75	223/2	223/2	0.5	1/8	1/8	Chord	3/8	3	1	1/8		1/8	1	658										112			4	
75	75	112	112	0.5	1/4	1/4	Chord	3/8	3	1	1/8		1/8	1	659										112			4	
76	76	225/2	225/2	1.5	0	0	Chord	3/8	1	1	3/8		1/4	3/2	660	-cum													
76	76	225/2	225/2	1.5	0	0	Chord	3/8	2	1	3/8		1/4	3/2	661														
76	76	225/2	225/2	1.5	0	0	Chord	3/8	2	2	3/8		1/4	3/2	662														
76	76	225/2	225/2	0.5	0	0	Chord	3/8	3	1	1/8		1/8	1	663										112			4	
76	76	113	113	0.0	1/8	1/8	Spanner	3/8	3	1	0														112				
76	76	113	113	0.5	1/8	1/8	Chord	3/8	3	1	1/8		1/8	1	664										112				
76	76	227/2	227/2	0.5	1/4	1/4	Chord	3/8	3	1	1/8		1/8	1	665										112				
77	77	114	114	1.5	0	0	Chord	3/8	1	1	3/8		1/4	3/2	666	lu-													
77	77	114	114	1.5	0	0	Chord	3/8	2	1	3/8		1/4	3/2	667														
77	77	114	114	0.5	0	0	Chord	3/8	2	2	1/8		1/8	1	668														
77	77	229/2	229/2	0.5	1/8	1/8	Chord	3/8	2	2	1/8		1/8	1	669														
77	77	115	115	0.5	1/4	1/4	Chord	3/8	2	2	1/8		1/8	1	670														
77	77	114	114	0.5	0	0	Chord	3/8	3	1	1/8		1/8	1	671														
77	77	229/2	229/2	0.0	1/8	1/8	Spanner	3/8	3	1	0															7			
77	77	229/2	229/2	0.5	1/8	1/8	Chord	3/8	3	1	1/8		1/8	1	672										113	7			
77	77	115	115	0.5	1/4	1/4	Chord	3/8	3	1	1/8		1/8	1	673										113	7			
78	78	231/2	231/2	1.5	0	0	Chord	3/8	1	1	3/8		1/4	3/2	674	-ge-													
78	78	231/2	231/2	1.5	0	0	Chord	3/8	2	1	3/8		1/4	3/2	675														
78	78	231/2	231/2	1.5	0	0	Chord	3/8	2	2	3/8		1/4	3/2	676														
78	78	231/2	231/2	0.5	0	0	Chord	3/8	3	1	1/8		1/8	1	677										113	7			
78	78	116	116	0.5	1/8	1/8	Chord	3/8	3	1	1/8		1/8	1	678										113	7			
78	78	233/2	233/2	0.5	1/4	1/4	Chord	3/8	3	1	1/8		1/8	1	679										113	7			
79	79	117	117	1.0	0	0	Chord	3/8	1	1	1/4		1/4	1	680	-am,													
79	79	117	117	1.0	0	0	Chord	3/8	2	1	1/4		1/4	1	681														
79	79	117	117	1.0	0	0	Chord	3/8	2	2	1/4		1/4	1	682														
79	79	117	117	0.0	0	0	Spanner	3/8	3	1	0																		
79	79	117	117	0.5	0	0	Chord	3/8	3	1	1/8		1/8	1	683														
79	79	235/2	235/2	0.5	1/8	1/8	Chord	3/8	3	1	1/8		1/8	1	684														
79	79	118	118	0.5	1/4	1/4	Chord	3/8	3	1	1/8		1/8	1	685														
79	79	117	117	1.0	0	0	Chord	3/8	3	2	1/4		1/4	1	686														
80	80	237/2	237/2	0.5	0	0	Chord	3/8	1	1	1/8		1/8	1	687	fac,									114				
80	80	119	119	0.5	1/8	1/8	Chord	3/8	1	1	1/8		1/8	1	688														
80	80	239/2	239/2	0.5	1/4	1/4	Chord	3/8	1	1	1/8		1/8	1	689	ut													
80	80	237/2	237/2	0.5	0	0	Chord	3/8	2	1	1/8		1/8	1	690														
80	80	119	119	0.5	1/8	1/8	Chord	3/8	2	1	1/8		1/8	1	691														
80	80	239/2	239/2	0.5	1/4	1/4	Chord	3/8	2	1	1/8		1/8	1	692														
80	80	237/2	237/2	0.0	0	0	Spanner	3/8	3	1	0																	5	
80	80	237/2	237/2	0.5	0	0	Chord	3/8	3	1	1/8		1/8	1	693													5	
80	80	119	119	0.5	1/8	1/8	Chord	3/8	3	1	1/8		1/8	1	694													5	
80	80	239/2	239/2	0.5	1/4	1/4	Chord	3/8	3	1	1/8		1/8	1	695													5	
81	81	120	120	1.0	0	0	Chord	3/8	1	1	1/4		1/4	1	696	te-													
81	81	121	121	0.5	1/4	1/4	Chord	3/8	1	1	1/8		1/8	1	697	-cum													
81	81	120	120	0.25	0	0	Chord	3/8	2	1	1/16		1/16	1	698			articStaccatoAbove											
81	81	481/4	481/4	0.25	1/16	1/16	Chord	3/8	2	1	1/16		1/16	1	699			articStaccatoAbove											
81	81	241/2	241/2	0.25	1/8	1/8	Chord	3/8	2	1	1/16		1/16	1	700			articStaccatoAbove											
81	81	483/4	483/4	0.25	3/16	3/16	Chord	3/8	2	1	1/16		1/16	1	701			articStaccatoAbove											
81	81	121	121	0.5	1/4	1/4	Chord	3/8	2	1	1/8		1/8	1	702			articStaccatoAbove											
81	81	120	120	0.5	0	0	Chord	3/8	2	2	1/8		1/8	1	703														
81	81	241/2	241/2	0.5	1/8	1/8	Chord	3/8	2	2	1/8		1/8	1	704														
81	81	121	121	0.5	1/4	1/4	Chord	3/8	2	2	1/8		1/8	1	705														
81	81	120	120	0.0	0	0	Dynamic	3/8	3	1	0						f												
81	81	120	120	0.0	0	0	Spanner	3/8	3	1	0																		
81	81	120	120	0.5	0	0	Chord	3/8	3	1	1/8		1/8	1	706										115				
81	81	241/2	241/2	0.5	1/8	1/8	Chord	3/8	3	1	1/8		1/8	1	707										115				
81	81	121	121	0.5	1/4	1/4	Chord	3/8	3	1	1/8		1/8	1	708														
82	82	243/2	243/2	0.0	0	0	Dynamic	3/8	1	1	0						p												
82	82	243/2	243/2	0.5	0	0	Chord	3/8	1	1	1/8		1/8	1	709	lu-									116				
82	82	122	122	0.5	1/8	1/8	Chord	3/8	1	1	1/8		1/8	1	710														
82	82	245/2	245/2	0.5	1/4	1/4	Chord	3/8	1	1	1/8		1/8	1	711	-ge-													
82	82	243/2	243/2	0.5	0	0	Chord	3/8	2	1	1/8		1/8	1	712										117				
82	82	122	122	0.5	1/8	1/8	Chord	3/8	2	1	1/8		1/8	1	713										117				
82	82	245/2	245/2	0.5	1/4	1/4	Chord	3/8	2	1	1/8		1/8	1	714														
82	82	243/2	243/2	1.0	0	0	Chord	3/8	2	2	1/4		1/4	1	715														
82	82	245/2	245/2	0.5	1/4	1/4	Chord	3/8	2	2	1/8		1/8	1	716														
82	82	243/2	243/2	0.0	0	0	Dynamic	3/8	3	1	0						p												
82	82	243/2	243/2	0.5	0	0	Chord	3/8	3	1	1/8		1/8	1	717										118				
82	82	122	122	0.5	1/8	1/8	Chord	3/8	3	1	1/8		1/8	1	718														
82	82	245/2	245/2	0.5	1/4	1/4	Chord	3/8	3	1	1/8		1/8	1	719														
83	83	123	123	1.0	0	0	Chord	3/8	1	1	1/4		1/4	1	720	-am,													
83	83	123	123	0.25	0	0	Chord	3/8	2	1	1/16		1/16	1	721			articStaccatoAbove											
83	83	493/4	493/4	0.25	1/16	1/16	Chord	3/8	2	1	1/16		1/16	1	722			articStaccatoAbove											
83	83	247/2	247/2	0.25	1/8	1/8	Chord	3/8	2	1	1/16		1/16	1	723			articStaccatoAbove											
83	83	495/4	495/4	0.25	3/16	3/16	Chord	3/8	2	1	1/16		1/16	1	724			articStaccatoAbove											
83	83	124	124	0.5	1/4	1/4	Chord	3/8	2	1	1/8		1/8	1	725			articStaccatoAbove											
83	83	123	123	0.5	0	0	Chord	3/8	2	2	1/8		1/8	1	726														
83	83	247/2	247/2	0.5	1/8	1/8	Chord	3/8	2	2	1/8		1/8	1	727														
83	83	124	124	0.5	1/4	1/4	Chord	3/8	2	2	1/8		1/8	1	728														
83	83	123	123	0.0	0	0	Dynamic	3/8	3	1	0						f												
83	83	123	123	0.5	0	0	Chord	3/8	3	1	1/8		1/8	1	729										119				
83	83	247/2	247/2	0.5	1/8	1/8	Chord	3/8	3	1	1/8		1/8	1	730										119				
83	83	124	124	0.5	1/4	1/4	Chord	3/8	3	1	1/8		1/8	1	731														
84	84	249/2	249/2	0.0	0	0	Dynamic	3/8	1	1	0						other-dynamics												
84	84	249/2	249/2	0.5	0	0	Chord	3/8	1	1	1/8		1/8	1	732	lu-									120				
84	84	125	125	0.0	1/8	1/8	Spanner	3/8	1	1	0															8			
84	84	125	125	0.5	1/8	1/8	Chord	3/8	1	1	1/8		1/8	1	733											8			
84	84	251/2	251/2	0.5	1/4	1/4	Chord	3/8	1	1	1/8		1/8	1	734	-ge-										8			
84	84	249/2	249/2	0.5	0	0	Chord	3/8	2	1	1/8		1/8	1	735										121				
84	84	125	125	0.5	1/8	1/8	Chord	3/8	2	1	1/8		1/8	1	736														
84	84	251/2	251/2	0.5	1/4	1/4	Chord	3/8	2	1	1/8		1/8	1	737														
84	84	249/2	249/2	1.0	0	0	Chord	3/8	2	2	1/4		1/4	1	738														
84	84	251/2	251/2	0.5	1/4	1/4	Chord	3/8	2	2	1/8		1/8	1	739														
84	84	249/2	249/2	0.0	0	0	Dynamic	3/8	3	1	0						p												
84	84	249/2	249/2	0.0	0	0	Spanner	3/8	3	1	0															9			
84	84	125	125	1.0	1/8	1/8	Chord	3/8	3	1	1/4		1/4	1	740											9			
84	84	251/2	251/2	0.0	1/4	1/4	Spanner	3/8	3	1	0																		
84	84	249/2	249/2	0.5	0	0	Chord	3/8	3	2	1/8		1/8	1	741										122				
84	84	125	125	0.5	1/8	1/8	Chord	3/8	3	2	1/8		1/8	1	742														
84	84	251/2	251/2	0.5	1/4	1/4	Chord	3/8	3	2	1/8		1/8	1	743														
85	85	126	126	0.0	0	0	Dynamic	3/8	1	1	0						pp												
85	85	126	126	0.0	0	0	Tempo	3/8	1	1	0									ùÖ†=110	55.0	ùÖ†	110.0	0.0					
85	85	126	126	0.0	0	0	Spanner	3/8	1	1	0																		
85	85	126	126	1.0	0	0	Chord	3/8	1	1	1/4		1/4	1	744	-am.													
85	85	126	126	0.0	0	0	StaffText	3/8	2	1	0								( a tempo)										
85	85	126	126	0.5	0	0	Chord	3/8	2	1	1/8		1/8	1	745			articStaccatoAbove											
85	85	253/2	253/2	0.5	1/8	1/8	Chord	3/8	2	1	1/8		1/8	1	746			articStaccatoAbove											
85	85	127	127	0.5	1/4	1/4	Chord	3/8	2	1	1/8		1/8	1	747			articStaccatoAbove											
85	85	126	126	1.0	0	0	Chord	3/8	2	2	1/4		1/4	1	748														
85	85	126	126	0.0	0	0	Dynamic	3/8	3	1	0						mf												
85	85	126	126	1.0	0	0	Chord	3/8	3	1	1/4		1/4	1	749														
86	86	255/2	255/2	0.25	0	0	Chord	3/8	2	1	1/16		1/16	1	750														
86	86	511/4	511/4	0.25	1/16	1/16	Chord	3/8	2	1	1/16		1/16	1	751														
86	86	128	128	1.0	1/8	1/8	Chord	3/8	2	1	1/4		1/4	1	752														
86	86	255/2	255/2	1.5	0	0	Chord	3/8	3	1	3/8		1/4	3/2	753														
86	86	255/2	255/2	0.5	0	0	Chord	3/8	3	2	1/8		1/8	1	754														
86	86	128	128	0.5	1/8	1/8	Chord	3/8	3	2	1/8		1/8	1	755														
86	86	257/2	257/2	0.5	1/4	1/4	Chord	3/8	3	2	1/8		1/8	1	756														
87	87	129	129	0.25	0	0	Chord	3/8	2	1	1/16		1/16	1	757										123				
87	87	517/4	517/4	0.25	1/16	1/16	Chord	3/8	2	1	1/16		1/16	1	758										123				
87	87	259/2	259/2	0.5	1/8	1/8	Chord	3/8	2	1	1/8		1/8	1	759														
87	87	130	130	0.5	1/4	1/4	Chord	3/8	2	1	1/8		1/8	1	760														
87	87	129	129	0.5	0	0	Chord	3/8	3	1	1/8		1/8	1	761										124				
87	87	259/2	259/2	0.5	1/8	1/8	Chord	3/8	3	1	1/8		1/8	1	762										124				
87	87	130	130	0.5	1/4	1/4	Chord	3/8	3	1	1/8		1/8	1	763														
88	88	261/2	261/2	0.25	0	0	Chord	3/8	2	1	1/16		1/16	1	764														
88	88	523/4	523/4	0.25	1/16	1/16	Chord	3/8	2	1	1/16		1/16	1	765														
88	88	131	131	0.5	1/8	1/8	Chord	3/8	2	1	1/8		1/8	1	766										125				
88	88	263/2	263/2	0.5	1/4	1/4	Chord	3/8	2	1	1/8		1/8	1	767														
88	88	261/2	261/2	0.5	0	0	Chord	3/8	2	2	1/8		1/8	1	768														
88	88	131	131	1.0	1/8	1/8	Chord	3/8	2	2	1/4		1/4	1	769														
88	88	261/2	261/2	1.5	0	0	Chord	3/8	3	1	3/8		1/4	3/2	770														
88	88	261/2	261/2	0.5	0	0	Chord	3/8	3	2	1/8		1/8	1	771										126				
88	88	131	131	0.5	1/8	1/8	Chord	3/8	3	2	1/8		1/8	1	772										126				
88	88	263/2	263/2	0.5	1/4	1/4	Chord	3/8	3	2	1/8		1/8	1	773														
89	89	132	132	0.25	0	0	Chord	3/8	2	1	1/16		1/16	1	774										127				
89	89	529/4	529/4	0.25	1/16	1/16	Chord	3/8	2	1	1/16		1/16	1	775										127				
89	89	265/2	265/2	0.5	1/8	1/8	Chord	3/8	2	1	1/8		1/8	1	776														
89	89	133	133	0.5	1/4	1/4	Chord	3/8	2	1	1/8		1/8	1	777														
89	89	132	132	1.0	0	0	Chord	3/8	2	2	1/4		1/4	1	778														
89	89	133	133	0.5	1/4	1/4	Chord	3/8	2	2	1/8		1/8	1	779														
89	89	132	132	0.0	0	0	Dynamic	3/8	3	1	0						p												
89	89	132	132	0.0	0	0	Spanner	3/8	3	1	0																	6	
89	89	265/2	265/2	1.0	1/8	1/8	Chord	3/8	3	1	1/4		1/4	1	780													6	
89	89	132	132	0.5	0	0	Chord	3/8	3	2	1/8		1/8	1	781										128			6	
89	89	265/2	265/2	0.5	1/8	1/8	Chord	3/8	3	2	1/8		1/8	1	782													6	
89	89	133	133	0.5	1/4	1/4	Chord	3/8	3	2	1/8		1/8	1	783													6	
90	90	267/2	267/2	0.25	0	0	Chord	3/8	2	1	1/16		1/16	1	784			articStaccatoAbove											
90	90	535/4	535/4	0.25	1/16	1/16	Chord	3/8	2	1	1/16		1/16	1	785			articStaccatoAbove											
90	90	134	134	0.25	1/8	1/8	Chord	3/8	2	1	1/16		1/16	1	786			articStaccatoAbove											
90	90	537/4	537/4	0.25	3/16	3/16	Chord	3/8	2	1	1/16		1/16	1	787			articStaccatoAbove											
90	90	269/2	269/2	0.5	1/4	1/4	Chord	3/8	2	1	1/8		1/8	1	788			articStaccatoAbove											
90	90	267/2	267/2	0.5	0	0	Chord	3/8	2	2	1/8		1/8	1	789														
90	90	134	134	0.5	1/8	1/8	Chord	3/8	2	2	1/8		1/8	1	790														
90	90	269/2	269/2	0.5	1/4	1/4	Chord	3/8	2	2	1/8		1/8	1	791														
90	90	267/2	267/2	0.0	0	0	Dynamic	3/8	3	1	0						f												
90	90	267/2	267/2	0.0	0	0	Spanner	3/8	3	1	0																		
90	90	267/2	267/2	0.5	0	0	Chord	3/8	3	1	1/8		1/8	1	792														
90	90	134	134	0.5	1/8	1/8	Chord	3/8	3	1	1/8		1/8	1	793														
90	90	269/2	269/2	0.5	1/4	1/4	Chord	3/8	3	1	1/8		1/8	1	794														
91	91	135	135	0.5	0	0	Chord	3/8	2	1	1/8		1/8	1	795										129				
91	91	271/2	271/2	0.5	1/8	1/8	Chord	3/8	2	1	1/8		1/8	1	796														
91	91	136	136	0.5	1/4	1/4	Chord	3/8	2	1	1/8		1/8	1	797			articStaccatoAbove											
91	91	135	135	1.0	0	0	Chord	3/8	2	2	1/4		1/4	1	798														
91	91	136	136	0.5	1/4	1/4	Chord	3/8	2	2	1/8		1/8	1	799														
91	91	135	135	0.0	0	0	Dynamic	3/8	3	1	0						p												
91	91	271/2	271/2	1.0	1/8	1/8	Chord	3/8	3	1	1/4		1/4	1	800														
91	91	135	135	0.5	0	0	Chord	3/8	3	2	1/8		1/8	1	801										130				
91	91	271/2	271/2	0.5	1/8	1/8	Chord	3/8	3	2	1/8		1/8	1	802														
91	91	136	136	0.5	1/4	1/4	Chord	3/8	3	2	1/8		1/8	1	803														
92	92	273/2	273/2	0.25	0	0	Chord	3/8	2	1	1/16		1/16	1	804			articStaccatoAbove											
92	92	547/4	547/4	0.25	1/16	1/16	Chord	3/8	2	1	1/16		1/16	1	805			articStaccatoAbove											
92	92	137	137	0.25	1/8	1/8	Chord	3/8	2	1	1/16		1/16	1	806			articStaccatoAbove											
92	92	549/4	549/4	0.25	3/16	3/16	Chord	3/8	2	1	1/16		1/16	1	807			articStaccatoAbove											
92	92	275/2	275/2	0.5	1/4	1/4	Chord	3/8	2	1	1/8		1/8	1	808			articStaccatoAbove											
92	92	273/2	273/2	0.5	0	0	Chord	3/8	2	2	1/8		1/8	1	809														
92	92	137	137	0.5	1/8	1/8	Chord	3/8	2	2	1/8		1/8	1	810														
92	92	275/2	275/2	0.5	1/4	1/4	Chord	3/8	2	2	1/8		1/8	1	811														
92	92	273/2	273/2	0.0	0	0	Dynamic	3/8	3	1	0						f												
92	92	273/2	273/2	1.5	0	0	Chord	3/8	3	1	3/8		1/4	3/2	812														
92	92	273/2	273/2	0.5	0	0	Chord	3/8	3	2	1/8		1/8	1	813														
92	92	137	137	0.5	1/8	1/8	Chord	3/8	3	2	1/8		1/8	1	814														
92	92	275/2	275/2	0.5	1/4	1/4	Chord	3/8	3	2	1/8		1/8	1	815														
93	93	138	138	0.5	0	0	Chord	3/8	2	1	1/8		1/8	1	816										131				
93	93	277/2	277/2	0.5	1/8	1/8	Chord	3/8	2	1	1/8		1/8	1	817										131				
93	93	139	139	0.5	1/4	1/4	Chord	3/8	2	1	1/8		1/8	1	818														
93	93	138	138	1.0	0	0	Chord	3/8	2	2	1/4		1/4	1	819														
93	93	138	138	0.0	0	0	Dynamic	3/8	3	1	0						p												
93	93	138	138	0.0	0	0	Spanner	3/8	3	1	0																		1
93	93	277/2	277/2	1.0	1/8	1/8	Chord	3/8	3	1	1/4		1/4	1	820														1
93	93	138	138	0.5	0	0	Chord	3/8	3	2	1/8		1/8	1	821										132				1
93	93	277/2	277/2	0.5	1/8	1/8	Chord	3/8	3	2	1/8		1/8	1	822														1
93	93	139	139	0.5	1/4	1/4	Chord	3/8	3	2	1/8		1/8	1	823														1
94	94	279/2	279/2	1.5	0	0	Chord	3/8	2	1	3/8		1/4	3/2	824														
94	94	279/2	279/2	0.0	0	0	Dynamic	3/8	3	1	0						pp												
94	94	279/2	279/2	0.0	0	0	Spanner	3/8	3	1	0																		
94	94	279/2	279/2	1.5	0	0	Chord	3/8	3	1	3/8		1/4	3/2	825														
