mc	mn	quarterbeats	quarterbeats_all_endings	duration_qb	mc_onset	mn_onset	event	timesig	staff	voice	duration	gracenote	nominal_duration	scalar	chord_id	lyrics_1	dynamics	articulation	staff_text	tempo	qpm	metronome_base	metronome_number	tempo_visible	slur	decrescendo_hairpin	crescendo_line	crescendo_hairpin
1	1	0	0	0.0	0	0	Tempo	4/4	1	1	0									Largo	36.0			1.0				
1	1	0	0	0.0	0	0	Tempo	4/4	1	1	0									"ùÖü=78
"	78.0	ùÖü	78.0	0.0				
1	1	0	0	0.5	0	0	Chord	4/4	2	1	1/8		1/8	1	0													
1	1	1/2	1/2	0.375	1/8	1/8	Chord	4/4	2	1	3/32		1/16	3/2	1													
1	1	7/8	7/8	0.125	7/32	7/32	Chord	4/4	2	1	1/32		1/32	1	2													
1	1	1	1	0.375	1/4	1/4	Chord	4/4	2	1	3/32		1/16	3/2	3													
1	1	11/8	11/8	0.125	11/32	11/32	Chord	4/4	2	1	1/32		1/32	1	4													
1	1	3/2	3/2	0.375	3/8	3/8	Chord	4/4	2	1	3/32		1/16	3/2	5													
1	1	15/8	15/8	0.125	15/32	15/32	Chord	4/4	2	1	1/32		1/32	1	6													
1	1	2	2	0.375	1/2	1/2	Chord	4/4	2	1	3/32		1/16	3/2	7													
1	1	19/8	19/8	0.125	19/32	19/32	Chord	4/4	2	1	1/32		1/32	1	8													
1	1	5/2	5/2	0.5	5/8	5/8	Chord	4/4	2	1	1/8		1/8	1	9													
1	1	0	0	0.0	0	0	Dynamic	4/4	3	1	0						f											
1	1	0	0	0.5	0	0	Chord	4/4	3	1	1/8		1/8	1	10													
1	1	1/2	1/2	0.375	1/8	1/8	Chord	4/4	3	1	3/32		1/16	3/2	11													
1	1	7/8	7/8	0.125	7/32	7/32	Chord	4/4	3	1	1/32		1/32	1	12													
1	1	1	1	0.375	1/4	1/4	Chord	4/4	3	1	3/32		1/16	3/2	13													
1	1	11/8	11/8	0.125	11/32	11/32	Chord	4/4	3	1	1/32		1/32	1	14													
1	1	3/2	3/2	0.375	3/8	3/8	Chord	4/4	3	1	3/32		1/16	3/2	15													
1	1	15/8	15/8	0.125	15/32	15/32	Chord	4/4	3	1	1/32		1/32	1	16													
1	1	2	2	0.5	1/2	1/2	Chord	4/4	3	1	1/8		1/8	1	17													
1	1	5/2	5/2	0.5	5/8	5/8	Chord	4/4	3	1	1/8		1/8	1	18													
2	2	4	4	0.5	0	0	Chord	4/4	2	1	1/8		1/8	1	19													
2	2	9/2	9/2	0.375	1/8	1/8	Chord	4/4	2	1	3/32		1/16	3/2	20													
2	2	39/8	39/8	0.125	7/32	7/32	Chord	4/4	2	1	1/32		1/32	1	21													
2	2	5	5	0.375	1/4	1/4	Chord	4/4	2	1	3/32		1/16	3/2	22													
2	2	43/8	43/8	0.125	11/32	11/32	Chord	4/4	2	1	1/32		1/32	1	23													
2	2	11/2	11/2	0.375	3/8	3/8	Chord	4/4	2	1	3/32		1/16	3/2	24													
2	2	47/8	47/8	0.125	15/32	15/32	Chord	4/4	2	1	1/32		1/32	1	25													
2	2	6	6	0.25	1/2	1/2	Chord	4/4	2	1	1/16		1/16	1	26													
2	2	25/4	25/4	0.25	9/16	9/16	Chord	4/4	2	1	1/16		1/16	1	27													
2	2	13/2	13/2	0.0	5/8	5/8	Chord	4/4	2	1	0	appoggiatura	1/8	1	28													
2	2	13/2	13/2	0.5	5/8	5/8	Chord	4/4	2	1	1/8		1/8	1	29													
2	2	4	4	0.0	0	0	Dynamic	4/4	3	1	0						p											
2	2	4	4	0.5	0	0	Chord	4/4	3	1	1/8		1/8	1	30													
2	2	9/2	9/2	0.375	1/8	1/8	Chord	4/4	3	1	3/32		1/16	3/2	31													
2	2	39/8	39/8	0.125	7/32	7/32	Chord	4/4	3	1	1/32		1/32	1	32													
2	2	5	5	0.375	1/4	1/4	Chord	4/4	3	1	3/32		1/16	3/2	33													
2	2	43/8	43/8	0.125	11/32	11/32	Chord	4/4	3	1	1/32		1/32	1	34													
2	2	11/2	11/2	0.375	3/8	3/8	Chord	4/4	3	1	3/32		1/16	3/2	35													
2	2	47/8	47/8	0.125	15/32	15/32	Chord	4/4	3	1	1/32		1/32	1	36													
2	2	6	6	0.5	1/2	1/2	Chord	4/4	3	1	1/8		1/8	1	37													
2	2	13/2	13/2	0.5	5/8	5/8	Chord	4/4	3	1	1/8		1/8	1	38													
3	3	8	8	0.5	0	0	Chord	4/4	2	1	1/8		1/8	1	39													
3	3	17/2	17/2	0.375	1/8	1/8	Chord	4/4	2	1	3/32		1/16	3/2	40													
3	3	71/8	71/8	0.125	7/32	7/32	Chord	4/4	2	1	1/32		1/32	1	41													
3	3	9	9	0.375	1/4	1/4	Chord	4/4	2	1	3/32		1/16	3/2	42													
3	3	75/8	75/8	0.125	11/32	11/32	Chord	4/4	2	1	1/32		1/32	1	43													
3	3	19/2	19/2	0.375	3/8	3/8	Chord	4/4	2	1	3/32		1/16	3/2	44													
3	3	79/8	79/8	0.125	15/32	15/32	Chord	4/4	2	1	1/32		1/32	1	45													
3	3	10	10	0.375	1/2	1/2	Chord	4/4	2	1	3/32		1/16	3/2	46													
3	3	83/8	83/8	0.125	19/32	19/32	Chord	4/4	2	1	1/32		1/32	1	47													
3	3	21/2	21/2	0.5	5/8	5/8	Chord	4/4	2	1	1/8		1/8	1	48													
3	3	23/2	23/2	0.0	7/8	7/8	Dynamic	4/4	2	1	0						p											
3	3	23/2	23/2	0.25	7/8	7/8	Chord	4/4	2	1	1/16		1/16	1	49										0			
3	3	47/4	47/4	0.25	15/16	15/16	Chord	4/4	2	1	1/16		1/16	1	50													
3	3	23/2	23/2	0.5	7/8	7/8	Chord	4/4	2	2	1/8		1/8	1	51													
3	3	8	8	0.0	0	0	Dynamic	4/4	3	1	0						f											
3	3	8	8	0.5	0	0	Chord	4/4	3	1	1/8		1/8	1	52													
3	3	17/2	17/2	0.375	1/8	1/8	Chord	4/4	3	1	3/32		1/16	3/2	53													
3	3	71/8	71/8	0.125	7/32	7/32	Chord	4/4	3	1	1/32		1/32	1	54													
3	3	9	9	0.375	1/4	1/4	Chord	4/4	3	1	3/32		1/16	3/2	55													
3	3	75/8	75/8	0.125	11/32	11/32	Chord	4/4	3	1	1/32		1/32	1	56													
3	3	19/2	19/2	0.375	3/8	3/8	Chord	4/4	3	1	3/32		1/16	3/2	57													
3	3	79/8	79/8	0.125	15/32	15/32	Chord	4/4	3	1	1/32		1/32	1	58													
3	3	10	10	0.5	1/2	1/2	Chord	4/4	3	1	1/8		1/8	1	59													
3	3	21/2	21/2	0.5	5/8	5/8	Chord	4/4	3	1	1/8		1/8	1	60													
4	4	12	12	0.25	0	0	Chord	4/4	2	1	1/16		1/16	1	61										1			
4	4	49/4	49/4	0.25	1/16	1/16	Chord	4/4	2	1	1/16		1/16	1	62										1			
4	4	25/2	25/2	0.5	1/8	1/8	Chord	4/4	2	1	1/8		1/8	1	63										1			
4	4	13	13	0.125	1/4	1/4	Chord	4/4	2	1	1/32		1/32	1	64													
4	4	105/8	105/8	0.125	9/32	9/32	Chord	4/4	2	1	1/32		1/32	1	65										2			
4	4	53/4	53/4	0.125	5/16	5/16	Chord	4/4	2	1	1/32		1/32	1	66										2			
4	4	107/8	107/8	0.125	11/32	11/32	Chord	4/4	2	1	1/32		1/32	1	67										2			
4	4	27/2	27/2	0.125	3/8	3/8	Chord	4/4	2	1	1/32		1/32	1	68										2			
4	4	109/8	109/8	0.125	13/32	13/32	Chord	4/4	2	1	1/32		1/32	1	69										2			
4	4	55/4	55/4	0.125	7/16	7/16	Chord	4/4	2	1	1/32		1/32	1	70													
4	4	111/8	111/8	0.125	15/32	15/32	Chord	4/4	2	1	1/32		1/32	1	71													
4	4	14	14	0.25	1/2	1/2	Chord	4/4	2	1	1/16		1/16	1	72										3			
4	4	57/4	57/4	0.25	9/16	9/16	Chord	4/4	2	1	1/16		1/16	1	73										3			
4	4	29/2	29/2	0.5	5/8	5/8	Chord	4/4	2	1	1/8		1/8	1	74													
4	4	12	12	0.5	0	0	Chord	4/4	2	2	1/8		1/8	1	75													
4	4	25/2	25/2	0.25	1/8	1/8	Chord	4/4	2	2	1/16		1/16	1	76										4			
4	4	51/4	51/4	0.25	3/16	3/16	Chord	4/4	2	2	1/16		1/16	1	77										4			
4	4	13	13	0.5	1/4	1/4	Chord	4/4	2	2	1/8		1/8	1	78													
4	4	27/2	27/2	0.25	3/8	3/8	Chord	4/4	2	2	1/16		1/16	1	79										5			
4	4	55/4	55/4	0.25	7/16	7/16	Chord	4/4	2	2	1/16		1/16	1	80													
4	4	14	14	0.25	1/2	1/2	Chord	4/4	2	2	1/16		1/16	1	81													
4	4	57/4	57/4	0.25	9/16	9/16	Chord	4/4	2	2	1/16		1/16	1	82													
4	4	29/2	29/2	0.5	5/8	5/8	Chord	4/4	2	2	1/8		1/8	1	83													
4	4	27/2	27/2	0.5	3/8	3/8	Chord	4/4	3	1	1/8		1/8	1	84													
4	4	14	14	1.0	1/2	1/2	Chord	4/4	3	1	1/4		1/4	1	85													
4	4	15	15	0.0	3/4	3/4	Dynamic	4/4	3	1	0						f											
4	4	15	15	0.25	3/4	3/4	Chord	4/4	3	1	1/16		1/16	1	86													
4	4	61/4	61/4	0.0	13/16	13/16	Spanner	4/4	3	1	0															0		
4	4	61/4	61/4	0.25	13/16	13/16	Chord	4/4	3	1	1/16		1/16	1	87											0		
4	4	31/2	31/2	0.25	7/8	7/8	Chord	4/4	3	1	1/16		1/16	1	88											0		
4	4	63/4	63/4	0.25	15/16	15/16	Chord	4/4	3	1	1/16		1/16	1	89											0		
5	5	16	16	0.25	0	0	Chord	4/4	2	1	1/16		1/16	1	90										6			
5	5	65/4	65/4	0.125	1/16	1/16	Chord	4/4	2	1	1/32		1/32	1	91										6			
5	5	131/8	131/8	0.125	3/32	3/32	Chord	4/4	2	1	1/32		1/32	1	92										6			
5	5	33/2	33/2	0.5	1/8	1/8	Chord	4/4	2	1	1/8		1/8	1	93										6			
5	5	17	17	0.25	1/4	1/4	Chord	4/4	2	1	1/16		1/16	1	94													
5	5	69/4	69/4	0.125	5/16	5/16	Chord	4/4	2	1	1/32		1/32	1	95										7			
5	5	139/8	139/8	0.125	11/32	11/32	Chord	4/4	2	1	1/32		1/32	1	96										7			
5	5	35/2	35/2	0.125	3/8	3/8	Chord	4/4	2	1	1/32		1/32	1	97										7			
5	5	141/8	141/8	0.125	13/32	13/32	Chord	4/4	2	1	1/32		1/32	1	98										7			
5	5	71/4	71/4	0.125	7/16	7/16	Chord	4/4	2	1	1/32		1/32	1	99										7			
5	5	143/8	143/8	0.125	15/32	15/32	Chord	4/4	2	1	1/32		1/32	1	100													
5	5	18	18	0.25	1/2	1/2	Chord	4/4	2	1	1/16		1/16	1	101													
5	5	73/4	73/4	0.125	9/16	9/16	Chord	4/4	2	1	1/32		1/32	1	102										8			
5	5	147/8	147/8	0.125	19/32	19/32	Chord	4/4	2	1	1/32		1/32	1	103										8			
5	5	37/2	37/2	0.5	5/8	5/8	Chord	4/4	2	1	1/8		1/8	1	104										8			
5	5	19	19	0.25	3/4	3/4	Chord	4/4	2	1	1/16		1/16	1	105													
5	5	77/4	77/4	0.125	13/16	13/16	Chord	4/4	2	1	1/32		1/32	1	106										9			
5	5	155/8	155/8	0.125	27/32	27/32	Chord	4/4	2	1	1/32		1/32	1	107										9			
5	5	39/2	39/2	0.125	7/8	7/8	Chord	4/4	2	1	1/32		1/32	1	108										9			
5	5	157/8	157/8	0.125	29/32	29/32	Chord	4/4	2	1	1/32		1/32	1	109										9			
5	5	79/4	79/4	0.125	15/16	15/16	Chord	4/4	2	1	1/32		1/32	1	110										9			
5	5	159/8	159/8	0.125	31/32	31/32	Chord	4/4	2	1	1/32		1/32	1	111													
5	5	16	16	0.5	0	0	Chord	4/4	2	2	1/8		1/8	1	112													
5	5	33/2	33/2	0.5	1/8	1/8	Chord	4/4	2	2	1/8		1/8	1	113													
5	5	17	17	0.5	1/4	1/4	Chord	4/4	2	2	1/8		1/8	1	114													
5	5	35/2	35/2	0.25	3/8	3/8	Chord	4/4	2	2	1/16		1/16	1	115													
5	5	71/4	71/4	0.25	7/16	7/16	Chord	4/4	2	2	1/16		1/16	1	116													
5	5	18	18	0.5	1/2	1/2	Chord	4/4	2	2	1/8		1/8	1	117													
5	5	37/2	37/2	0.5	5/8	5/8	Chord	4/4	2	2	1/8		1/8	1	118													
5	5	19	19	0.5	3/4	3/4	Chord	4/4	2	2	1/8		1/8	1	119													
5	5	39/2	39/2	0.25	7/8	7/8	Chord	4/4	2	2	1/16		1/16	1	120													
5	5	79/4	79/4	0.25	15/16	15/16	Chord	4/4	2	2	1/16		1/16	1	121													
5	5	16	16	0.0	0	0	Dynamic	4/4	3	1	0						mf											
5	5	16	16	0.0	0	0	Spanner	4/4	3	1	0																	
5	5	16	16	0.5	0	0	Chord	4/4	3	1	1/8		1/8	1	122													
5	5	33/2	33/2	0.5	1/8	1/8	Chord	4/4	3	1	1/8		1/8	1	123													
5	5	17	17	0.5	1/4	1/4	Chord	4/4	3	1	1/8		1/8	1	124													
5	5	35/2	35/2	0.5	3/8	3/8	Chord	4/4	3	1	1/8		1/8	1	125													
5	5	18	18	0.0	1/2	1/2	Dynamic	4/4	3	1	0						p											
5	5	18	18	0.5	1/2	1/2	Chord	4/4	3	1	1/8		1/8	1	126													
5	5	37/2	37/2	0.5	5/8	5/8	Chord	4/4	3	1	1/8		1/8	1	127										10			
5	5	19	19	0.5	3/4	3/4	Chord	4/4	3	1	1/8		1/8	1	128										10			
5	5	39/2	39/2	0.5	7/8	7/8	Chord	4/4	3	1	1/8		1/8	1	129													
6	6	20	20	0.0	0	0	Dynamic	4/4	1	1	0						mp											
6	6	20	20	0.375	0	0	Chord	4/4	2	1	3/32		1/16	3/2	130													
6	6	163/8	163/8	0.125	3/32	3/32	Chord	4/4	2	1	1/32		1/32	1	131													
6	6	41/2	41/2	0.375	1/8	1/8	Chord	4/4	2	1	3/32		1/16	3/2	132													
6	6	167/8	167/8	0.125	7/32	7/32	Chord	4/4	2	1	1/32		1/32	1	133													
6	6	21	21	0.5	1/4	1/4	Chord	4/4	2	1	1/8		1/8	1	134			articStaccatissimoBelow										
6	6	43/2	43/2	0.5	3/8	3/8	Chord	4/4	2	1	1/8		1/8	1	135			articStaccatissimoBelow										
6	6	22	22	1.0	1/2	1/2	Chord	4/4	2	1	1/4		1/4	1	136													
6	6	20	20	0.0	0	0	Dynamic	4/4	3	1	0						f											
6	6	20	20	0.375	0	0	Chord	4/4	3	1	3/32		1/16	3/2	137													
6	6	163/8	163/8	0.125	3/32	3/32	Chord	4/4	3	1	1/32		1/32	1	138													
6	6	41/2	41/2	0.375	1/8	1/8	Chord	4/4	3	1	3/32		1/16	3/2	139													
6	6	167/8	167/8	0.125	7/32	7/32	Chord	4/4	3	1	1/32		1/32	1	140													
6	6	21	21	0.5	1/4	1/4	Chord	4/4	3	1	1/8		1/8	1	141			articStaccatissimoAbove										
6	6	43/2	43/2	0.5	3/8	3/8	Chord	4/4	3	1	1/8		1/8	1	142			articStaccatissimoAbove										
6	6	22	22	1.0	1/2	1/2	Chord	4/4	3	1	1/4		1/4	1	143													
7	7	24	24	0.0	0	0	StaffText	4/4	1	1	0								Alto solo									
7	7	24	24	1.0	0	0	Chord	4/4	1	1	1/4		1/4	1	144	Fac												
7	7	25	25	0.375	1/4	1/4	Chord	4/4	1	1	3/32		1/16	3/2	145													
7	7	203/8	203/8	0.125	11/32	11/32	Chord	4/4	1	1	1/32		1/32	1	146													
7	7	51/2	51/2	0.375	3/8	3/8	Chord	4/4	1	1	3/32		1/16	3/2	147	ut									11			
7	7	207/8	207/8	0.125	15/32	15/32	Chord	4/4	1	1	1/32		1/32	1	148													
7	7	26	26	0.5	1/2	1/2	Chord	4/4	1	1	1/8		1/8	1	149	por-												
7	7	53/2	53/2	0.25	5/8	5/8	Chord	4/4	1	1	1/16		1/16	1	150	-tem									12			
7	7	107/4	107/4	0.25	11/16	11/16	Chord	4/4	1	1	1/16		1/16	1	151													
7	7	24	24	0.5	0	0	Chord	4/4	2	1	1/8		1/8	1	152													
7	7	49/2	49/2	0.375	1/8	1/8	Chord	4/4	2	1	3/32		1/16	3/2	153													
7	7	199/8	199/8	0.125	7/32	7/32	Chord	4/4	2	1	1/32		1/32	1	154													
7	7	25	25	0.375	1/4	1/4	Chord	4/4	2	1	3/32		1/16	3/2	155													
7	7	203/8	203/8	0.125	11/32	11/32	Chord	4/4	2	1	1/32		1/32	1	156													
7	7	51/2	51/2	0.375	3/8	3/8	Chord	4/4	2	1	3/32		1/16	3/2	157													
7	7	207/8	207/8	0.125	15/32	15/32	Chord	4/4	2	1	1/32		1/32	1	158													
7	7	26	26	0.375	1/2	1/2	Chord	4/4	2	1	3/32		1/16	3/2	159													
7	7	211/8	211/8	0.125	19/32	19/32	Chord	4/4	2	1	1/32		1/32	1	160													
7	7	53/2	53/2	0.5	5/8	5/8	Chord	4/4	2	1	1/8		1/8	1	161													
7	7	24	24	0.0	0	0	Dynamic	4/4	3	1	0						p											
7	7	24	24	0.5	0	0	Chord	4/4	3	1	1/8		1/8	1	162													
7	7	49/2	49/2	0.375	1/8	1/8	Chord	4/4	3	1	3/32		1/16	3/2	163													
7	7	199/8	199/8	0.125	7/32	7/32	Chord	4/4	3	1	1/32		1/32	1	164													
7	7	25	25	0.375	1/4	1/4	Chord	4/4	3	1	3/32		1/16	3/2	165													
7	7	203/8	203/8	0.125	11/32	11/32	Chord	4/4	3	1	1/32		1/32	1	166													
7	7	51/2	51/2	0.375	3/8	3/8	Chord	4/4	3	1	3/32		1/16	3/2	167													
7	7	207/8	207/8	0.125	15/32	15/32	Chord	4/4	3	1	1/32		1/32	1	168													
7	7	26	26	0.5	1/2	1/2	Chord	4/4	3	1	1/8		1/8	1	169													
7	7	53/2	53/2	0.5	5/8	5/8	Chord	4/4	3	1	1/8		1/8	1	170													
8	8	28	28	0.0	0	0	Dynamic	4/4	1	1	0						p											
8	8	28	28	1.0	0	0	Chord	4/4	1	1	1/4		1/4	1	171	Chri-												
8	8	29	29	0.25	1/4	1/4	Chord	4/4	1	1	1/16		1/16	1	172													
8	8	117/4	117/4	0.25	5/16	5/16	Chord	4/4	1	1	1/16		1/16	1	173													
8	8	59/2	59/2	0.25	3/8	3/8	Chord	4/4	1	1	1/16		1/16	1	174	-sti									13			
8	8	119/4	119/4	0.25	7/16	7/16	Chord	4/4	1	1	1/16		1/16	1	175													
8	8	30	30	0.5	1/2	1/2	Chord	4/4	1	1	1/8		1/8	1	176	mor-												
8	8	61/2	61/2	0.25	5/8	5/8	Chord	4/4	1	1	1/16		1/16	1	177	-tem,									14			
8	8	123/4	123/4	0.25	11/16	11/16	Chord	4/4	1	1	1/16		1/16	1	178													
8	8	28	28	0.5	0	0	Chord	4/4	2	1	1/8		1/8	1	179													
8	8	57/2	57/2	0.375	1/8	1/8	Chord	4/4	2	1	3/32		1/16	3/2	180													
8	8	231/8	231/8	0.125	7/32	7/32	Chord	4/4	2	1	1/32		1/32	1	181													
8	8	29	29	0.375	1/4	1/4	Chord	4/4	2	1	3/32		1/16	3/2	182													
8	8	235/8	235/8	0.125	11/32	11/32	Chord	4/4	2	1	1/32		1/32	1	183													
8	8	59/2	59/2	0.375	3/8	3/8	Chord	4/4	2	1	3/32		1/16	3/2	184													
8	8	239/8	239/8	0.125	15/32	15/32	Chord	4/4	2	1	1/32		1/32	1	185													
8	8	30	30	0.375	1/2	1/2	Chord	4/4	2	1	3/32		1/16	3/2	186													
8	8	243/8	243/8	0.125	19/32	19/32	Chord	4/4	2	1	1/32		1/32	1	187													
8	8	61/2	61/2	0.5	5/8	5/8	Chord	4/4	2	1	1/8		1/8	1	188													
8	8	28	28	0.0	0	0	Dynamic	4/4	3	1	0						other-dynamics											
8	8	28	28	0.5	0	0	Chord	4/4	3	1	1/8		1/8	1	189													
8	8	57/2	57/2	0.375	1/8	1/8	Chord	4/4	3	1	3/32		1/16	3/2	190													
8	8	231/8	231/8	0.125	7/32	7/32	Chord	4/4	3	1	1/32		1/32	1	191													
8	8	29	29	0.375	1/4	1/4	Chord	4/4	3	1	3/32		1/16	3/2	192													
8	8	235/8	235/8	0.125	11/32	11/32	Chord	4/4	3	1	1/32		1/32	1	193													
8	8	59/2	59/2	0.375	3/8	3/8	Chord	4/4	3	1	3/32		1/16	3/2	194													
8	8	239/8	239/8	0.125	15/32	15/32	Chord	4/4	3	1	1/32		1/32	1	195													
8	8	30	30	0.5	1/2	1/2	Chord	4/4	3	1	1/8		1/8	1	196													
8	8	61/2	61/2	0.5	5/8	5/8	Chord	4/4	3	1	1/8		1/8	1	197													
9	9	32	32	1.0	0	0	Chord	4/4	1	1	1/4		1/4	1	198	Chri-												
9	9	33	33	0.25	1/4	1/4	Chord	4/4	1	1	1/16		1/16	1	199													
9	9	133/4	133/4	0.25	5/16	5/16	Chord	4/4	1	1	1/16		1/16	1	200													
9	9	67/2	67/2	0.25	3/8	3/8	Chord	4/4	1	1	1/16		1/16	1	201	-sti		ornamentShortTrill							15			
9	9	135/4	135/4	0.25	7/16	7/16	Chord	4/4	1	1	1/16		1/16	1	202													
9	9	34	34	0.5	1/2	1/2	Chord	4/4	1	1	1/8		1/8	1	203	mor-												
9	9	69/2	69/2	0.25	5/8	5/8	Chord	4/4	1	1	1/16		1/16	1	204	-tem									16			
9	9	139/4	139/4	0.25	11/16	11/16	Chord	4/4	1	1	1/16		1/16	1	205													
9	9	71/2	71/2	0.5	7/8	7/8	Chord	4/4	1	1	1/8		1/8	1	206	pas-												
9	9	32	32	0.5	0	0	Chord	4/4	2	1	1/8		1/8	1	207													
9	9	65/2	65/2	0.375	1/8	1/8	Chord	4/4	2	1	3/32		1/16	3/2	208													
9	9	263/8	263/8	0.125	7/32	7/32	Chord	4/4	2	1	1/32		1/32	1	209													
9	9	33	33	0.375	1/4	1/4	Chord	4/4	2	1	3/32		1/16	3/2	210													
9	9	267/8	267/8	0.125	11/32	11/32	Chord	4/4	2	1	1/32		1/32	1	211													
9	9	67/2	67/2	0.375	3/8	3/8	Chord	4/4	2	1	3/32		1/16	3/2	212													
9	9	271/8	271/8	0.125	15/32	15/32	Chord	4/4	2	1	1/32		1/32	1	213													
9	9	34	34	0.375	1/2	1/2	Chord	4/4	2	1	3/32		1/16	3/2	214													
9	9	275/8	275/8	0.125	19/32	19/32	Chord	4/4	2	1	1/32		1/32	1	215													
9	9	69/2	69/2	0.25	5/8	5/8	Chord	4/4	2	1	1/16		1/16	1	216													
9	9	139/4	139/4	0.25	11/16	11/16	Chord	4/4	2	1	1/16		1/16	1	217													
9	9	71/2	71/2	0.5	7/8	7/8	Chord	4/4	2	1	1/8		1/8	1	218													
9	9	32	32	0.5	0	0	Chord	4/4	3	1	1/8		1/8	1	219													
9	9	65/2	65/2	0.375	1/8	1/8	Chord	4/4	3	1	3/32		1/16	3/2	220													
9	9	263/8	263/8	0.125	7/32	7/32	Chord	4/4	3	1	1/32		1/32	1	221													
9	9	33	33	0.375	1/4	1/4	Chord	4/4	3	1	3/32		1/16	3/2	222													
9	9	267/8	267/8	0.125	11/32	11/32	Chord	4/4	3	1	1/32		1/32	1	223													
9	9	67/2	67/2	0.375	3/8	3/8	Chord	4/4	3	1	3/32		1/16	3/2	224													
9	9	271/8	271/8	0.125	15/32	15/32	Chord	4/4	3	1	1/32		1/32	1	225													
9	9	34	34	0.5	1/2	1/2	Chord	4/4	3	1	1/8		1/8	1	226													
9	9	69/2	69/2	0.5	5/8	5/8	Chord	4/4	3	1	1/8		1/8	1	227													
9	9	71/2	71/2	0.0	7/8	7/8	Dynamic	4/4	3	1	0						p											
9	9	71/2	71/2	0.5	7/8	7/8	Chord	4/4	3	1	1/8		1/8	1	228													
10	10	36	36	0.75	0	0	Chord	4/4	1	1	3/16		1/8	3/2	229	-sio-		ornamentTrill										
10	10	147/4	147/4	0.125	3/16	3/16	Chord	4/4	1	1	1/32		1/32	1	230	-nis									17			
10	10	295/8	295/8	0.125	7/32	7/32	Chord	4/4	1	1	1/32		1/32	1	231													
10	10	37	37	0.5	1/4	1/4	Chord	4/4	1	1	1/8		1/8	1	232	fac												
10	10	75/2	75/2	0.5	3/8	3/8	Chord	4/4	1	1	1/8		1/8	1	233	con-												
10	10	38	38	0.5	1/2	1/2	Chord	4/4	1	1	1/8		1/8	1	234	-sor-												
10	10	77/2	77/2	0.5	5/8	5/8	Chord	4/4	1	1	1/8		1/8	1	235	-tem												
10	10	79/2	79/2	0.5	7/8	7/8	Chord	4/4	1	1	1/8		1/8	1	236	et												
10	10	36	36	0.75	0	0	Chord	4/4	2	1	3/16		1/8	3/2	237										18			
10	10	147/4	147/4	0.125	3/16	3/16	Chord	4/4	2	1	1/32		1/32	1	238										18			
10	10	295/8	295/8	0.125	7/32	7/32	Chord	4/4	2	1	1/32		1/32	1	239													
10	10	37	37	0.5	1/4	1/4	Chord	4/4	2	1	1/8		1/8	1	240													
10	10	75/2	75/2	0.5	3/8	3/8	Chord	4/4	2	1	1/8		1/8	1	241													
10	10	38	38	0.5	1/2	1/2	Chord	4/4	2	1	1/8		1/8	1	242													
10	10	77/2	77/2	0.5	5/8	5/8	Chord	4/4	2	1	1/8		1/8	1	243													
10	10	39	39	0.5	3/4	3/4	Chord	4/4	2	1	1/8		1/8	1	244													
10	10	79/2	79/2	0.5	7/8	7/8	Chord	4/4	2	1	1/8		1/8	1	245													
10	10	36	36	0.5	0	0	Chord	4/4	2	2	1/8		1/8	1	246													
10	10	73/2	73/2	0.5	1/8	1/8	Chord	4/4	2	2	1/8		1/8	1	247													
10	10	37	37	0.5	1/4	1/4	Chord	4/4	2	2	1/8		1/8	1	248													
10	10	75/2	75/2	0.5	3/8	3/8	Chord	4/4	2	2	1/8		1/8	1	249													
10	10	36	36	0.5	0	0	Chord	4/4	3	1	1/8		1/8	1	250													
10	10	73/2	73/2	0.5	1/8	1/8	Chord	4/4	3	1	1/8		1/8	1	251													
10	10	37	37	0.5	1/4	1/4	Chord	4/4	3	1	1/8		1/8	1	252													
10	10	75/2	75/2	0.5	3/8	3/8	Chord	4/4	3	1	1/8		1/8	1	253													
10	10	38	38	0.5	1/2	1/2	Chord	4/4	3	1	1/8		1/8	1	254													
10	10	77/2	77/2	0.5	5/8	5/8	Chord	4/4	3	1	1/8		1/8	1	255													
10	10	39	39	0.5	3/4	3/4	Chord	4/4	3	1	1/8		1/8	1	256													
10	10	79/2	79/2	0.5	7/8	7/8	Chord	4/4	3	1	1/8		1/8	1	257													
11	11	40	40	0.375	0	0	Chord	4/4	1	1	3/32		1/16	3/2	258	pla-		ornamentTrill							19			
11	11	323/8	323/8	0.0625	3/32	3/32	Chord	4/4	1	1	1/64		1/64	1	259										19			
11	11	647/16	647/16	0.0625	7/64	7/64	Chord	4/4	1	1	1/64		1/64	1	260										19			
11	11	81/2	81/2	0.5	1/8	1/8	Chord	4/4	1	1	1/8		1/8	1	261										19			
11	11	41	41	0.25	1/4	1/4	Chord	4/4	1	1	1/16		1/16	1	262										19			
11	11	165/4	165/4	0.25	5/16	5/16	Chord	4/4	1	1	1/16		1/16	1	263										19			
11	11	83/2	83/2	0.25	3/8	3/8	Chord	4/4	1	1	1/16		1/16	1	264										19			
11	11	167/4	167/4	0.25	7/16	7/16	Chord	4/4	1	1	1/16		1/16	1	265										19			
11	11	42	42	0.375	1/2	1/2	Chord	4/4	1	1	3/32		1/16	3/2	266			ornamentTrill							19			
11	11	339/8	339/8	0.0625	19/32	19/32	Chord	4/4	1	1	1/64		1/64	1	267										19			
11	11	679/16	679/16	0.0625	39/64	39/64	Chord	4/4	1	1	1/64		1/64	1	268										19			
11	11	85/2	85/2	0.5	5/8	5/8	Chord	4/4	1	1	1/8		1/8	1	269										19			
11	11	43	43	0.25	3/4	3/4	Chord	4/4	1	1	1/16		1/16	1	270										19			
11	11	173/4	173/4	0.25	13/16	13/16	Chord	4/4	1	1	1/16		1/16	1	271										19, 20			
11	11	87/2	87/2	0.25	7/8	7/8	Chord	4/4	1	1	1/16		1/16	1	272										19, 20			
11	11	175/4	175/4	0.25	15/16	15/16	Chord	4/4	1	1	1/16		1/16	1	273										19			
11	11	40	40	0.5	0	0	Chord	4/4	2	1	1/8		1/8	1	274													
11	11	81/2	81/2	0.5	1/8	1/8	Chord	4/4	2	1	1/8		1/8	1	275													
11	11	41	41	0.5	1/4	1/4	Chord	4/4	2	1	1/8		1/8	1	276													
11	11	83/2	83/2	0.5	3/8	3/8	Chord	4/4	2	1	1/8		1/8	1	277													
11	11	42	42	0.5	1/2	1/2	Chord	4/4	2	1	1/8		1/8	1	278													
11	11	85/2	85/2	0.5	5/8	5/8	Chord	4/4	2	1	1/8		1/8	1	279													
11	11	43	43	0.5	3/4	3/4	Chord	4/4	2	1	1/8		1/8	1	280													
11	11	87/2	87/2	0.5	7/8	7/8	Chord	4/4	2	1	1/8		1/8	1	281													
11	11	40	40	0.5	0	0	Chord	4/4	3	1	1/8		1/8	1	282													
11	11	81/2	81/2	0.5	1/8	1/8	Chord	4/4	3	1	1/8		1/8	1	283													
11	11	41	41	0.5	1/4	1/4	Chord	4/4	3	1	1/8		1/8	1	284													
11	11	83/2	83/2	0.5	3/8	3/8	Chord	4/4	3	1	1/8		1/8	1	285													
11	11	42	42	0.5	1/2	1/2	Chord	4/4	3	1	1/8		1/8	1	286													
11	11	85/2	85/2	0.5	5/8	5/8	Chord	4/4	3	1	1/8		1/8	1	287													
11	11	43	43	0.5	3/4	3/4	Chord	4/4	3	1	1/8		1/8	1	288													
11	11	87/2	87/2	0.5	7/8	7/8	Chord	4/4	3	1	1/8		1/8	1	289													
12	12	44	44	0.375	0	0	Chord	4/4	1	1	3/32		1/16	3/2	290			ornamentTrill							19			
12	12	355/8	355/8	0.0625	3/32	3/32	Chord	4/4	1	1	1/64		1/64	1	291										19			
12	12	711/16	711/16	0.0625	7/64	7/64	Chord	4/4	1	1	1/64		1/64	1	292										19			
12	12	89/2	89/2	0.5	1/8	1/8	Chord	4/4	1	1	1/8		1/8	1	293										19			
12	12	45	45	0.125	1/4	1/4	Chord	4/4	1	1	1/32		1/32	1	294										19			
12	12	361/8	361/8	0.125	9/32	9/32	Chord	4/4	1	1	1/32		1/32	1	295										19			
12	12	181/4	181/4	0.125	5/16	5/16	Chord	4/4	1	1	1/32		1/32	1	296										19			
12	12	363/8	363/8	0.125	11/32	11/32	Chord	4/4	1	1	1/32		1/32	1	297										19			
12	12	91/2	91/2	0.25	3/8	3/8	Chord	4/4	1	1	1/16		1/16	1	298										19			
12	12	183/4	183/4	0.25	7/16	7/16	Chord	4/4	1	1	1/16		1/16	1	299										19			
12	12	46	46	0.375	1/2	1/2	Chord	4/4	1	1	3/32		1/16	3/2	300										19			
12	12	371/8	371/8	0.0625	19/32	19/32	Chord	4/4	1	1	1/64		1/64	1	301										19			
12	12	743/16	743/16	0.0625	39/64	39/64	Chord	4/4	1	1	1/64		1/64	1	302										19			
12	12	93/2	93/2	0.375	5/8	5/8	Chord	4/4	1	1	3/32		1/16	3/2	303										19			
12	12	375/8	375/8	0.0625	23/32	23/32	Chord	4/4	1	1	1/64		1/64	1	304										19			
12	12	751/16	751/16	0.0625	47/64	47/64	Chord	4/4	1	1	1/64		1/64	1	305													
12	12	47	47	0.25	3/4	3/4	Chord	4/4	1	1	1/16		1/16	1	306	-gas									21			
12	12	189/4	189/4	0.25	13/16	13/16	Chord	4/4	1	1	1/16		1/16	1	307													
12	12	95/2	95/2	0.25	7/8	7/8	Chord	4/4	1	1	1/16		1/16	1	308	re-									22			
12	12	191/4	191/4	0.25	15/16	15/16	Chord	4/4	1	1	1/16		1/16	1	309													
12	12	44	44	0.5	0	0	Chord	4/4	2	1	1/8		1/8	1	310													
12	12	89/2	89/2	0.5	1/8	1/8	Chord	4/4	2	1	1/8		1/8	1	311													
12	12	45	45	0.5	1/4	1/4	Chord	4/4	2	1	1/8		1/8	1	312													
12	12	91/2	91/2	0.5	3/8	3/8	Chord	4/4	2	1	1/8		1/8	1	313													
12	12	46	46	0.5	1/2	1/2	Chord	4/4	2	1	1/8		1/8	1	314													
12	12	93/2	93/2	0.5	5/8	5/8	Chord	4/4	2	1	1/8		1/8	1	315													
12	12	47	47	0.5	3/4	3/4	Chord	4/4	2	1	1/8		1/8	1	316													
12	12	95/2	95/2	0.5	7/8	7/8	Chord	4/4	2	1	1/8		1/8	1	317													
12	12	44	44	0.5	0	0	Chord	4/4	3	1	1/8		1/8	1	318													
12	12	89/2	89/2	0.5	1/8	1/8	Chord	4/4	3	1	1/8		1/8	1	319													
12	12	45	45	0.5	1/4	1/4	Chord	4/4	3	1	1/8		1/8	1	320													
12	12	91/2	91/2	0.5	3/8	3/8	Chord	4/4	3	1	1/8		1/8	1	321													
12	12	46	46	0.5	1/2	1/2	Chord	4/4	3	1	1/8		1/8	1	322													
12	12	93/2	93/2	0.5	5/8	5/8	Chord	4/4	3	1	1/8		1/8	1	323													
12	12	47	47	0.5	3/4	3/4	Chord	4/4	3	1	1/8		1/8	1	324													
12	12	95/2	95/2	0.5	7/8	7/8	Chord	4/4	3	1	1/8		1/8	1	325													
13	13	48	48	0.75	0	0	Chord	4/4	1	1	3/16		1/8	3/2	326	-co-												
13	13	195/4	195/4	0.125	3/16	3/16	Chord	4/4	1	1	1/32		1/32	1	327													
13	13	391/8	391/8	0.125	7/32	7/32	Chord	4/4	1	1	1/32		1/32	1	328													
13	13	49	49	0.0	1/4	1/4	Chord	4/4	1	1	0	appoggiatura	1/8	1	329													
13	13	49	49	0.75	1/4	1/4	Chord	4/4	1	1	3/16		1/8	3/2	330			ornamentTrill										
13	13	199/4	199/4	0.25	7/16	7/16	Chord	4/4	1	1	1/16		1/16	1	331	-le-												
13	13	50	50	1.0	1/2	1/2	Chord	4/4	1	1	1/4		1/4	1	332	-re.												
13	13	48	48	0.5	0	0	Chord	4/4	2	1	1/8		1/8	1	333													
13	13	97/2	97/2	0.5	1/8	1/8	Chord	4/4	2	1	1/8		1/8	1	334													
13	13	49	49	0.5	1/4	1/4	Chord	4/4	2	1	1/8		1/8	1	335													
13	13	99/2	99/2	0.5	3/8	3/8	Chord	4/4	2	1	1/8		1/8	1	336													
13	13	50	50	0.75	1/2	1/2	Chord	4/4	2	1	3/16		1/8	3/2	337													
13	13	203/4	203/4	0.25	11/16	11/16	Chord	4/4	2	1	1/16		1/16	1	338													
13	13	51	51	0.375	3/4	3/4	Chord	4/4	2	1	3/32		1/16	3/2	339													
13	13	411/8	411/8	0.125	27/32	27/32	Chord	4/4	2	1	1/32		1/32	1	340													
13	13	103/2	103/2	0.375	7/8	7/8	Chord	4/4	2	1	3/32		1/16	3/2	341													
13	13	415/8	415/8	0.125	31/32	31/32	Chord	4/4	2	1	1/32		1/32	1	342													
13	13	97/2	97/2	0.5	1/8	1/8	Chord	4/4	3	1	1/8		1/8	1	343													
13	13	49	49	0.5	1/4	1/4	Chord	4/4	3	1	1/8		1/8	1	344													
13	13	99/2	99/2	0.5	3/8	3/8	Chord	4/4	3	1	1/8		1/8	1	345													
13	13	50	50	0.0	1/2	1/2	Dynamic	4/4	3	1	0						f											
13	13	50	50	0.75	1/2	1/2	Chord	4/4	3	1	3/16		1/8	3/2	346													
13	13	203/4	203/4	0.25	11/16	11/16	Chord	4/4	3	1	1/16		1/16	1	347													
13	13	51	51	0.375	3/4	3/4	Chord	4/4	3	1	3/32		1/16	3/2	348													
13	13	411/8	411/8	0.125	27/32	27/32	Chord	4/4	3	1	1/32		1/32	1	349													
13	13	103/2	103/2	0.375	7/8	7/8	Chord	4/4	3	1	3/32		1/16	3/2	350													
13	13	415/8	415/8	0.125	31/32	31/32	Chord	4/4	3	1	1/32		1/32	1	351													
13	13	50	50	1.5	1/2	1/2	Chord	4/4	3	2	3/8		1/4	3/2	352													
14	14	52	52	0.75	0	0	Chord	4/4	2	1	3/16		1/8	3/2	353													
14	14	211/4	211/4	0.25	3/16	3/16	Chord	4/4	2	1	1/16		1/16	1	354													
14	14	53	53	0.375	1/4	1/4	Chord	4/4	2	1	3/32		1/16	3/2	355													
14	14	427/8	427/8	0.125	11/32	11/32	Chord	4/4	2	1	1/32		1/32	1	356													
14	14	107/2	107/2	0.375	3/8	3/8	Chord	4/4	2	1	3/32		1/16	3/2	357													
14	14	431/8	431/8	0.125	15/32	15/32	Chord	4/4	2	1	1/32		1/32	1	358													
14	14	54	54	0.75	1/2	1/2	Chord	4/4	2	1	3/16		1/8	3/2	359													
14	14	219/4	219/4	0.25	11/16	11/16	Chord	4/4	2	1	1/16		1/16	1	360													
14	14	55	55	0.375	3/4	3/4	Chord	4/4	2	1	3/32		1/16	3/2	361													
14	14	443/8	443/8	0.125	27/32	27/32	Chord	4/4	2	1	1/32		1/32	1	362													
14	14	111/2	111/2	0.375	7/8	7/8	Chord	4/4	2	1	3/32		1/16	3/2	363													
14	14	447/8	447/8	0.125	31/32	31/32	Chord	4/4	2	1	1/32		1/32	1	364													
14	14	52	52	0.0	0	0	Dynamic	4/4	3	1	0						sf											
14	14	52	52	0.75	0	0	Chord	4/4	3	1	3/16		1/8	3/2	365													
14	14	211/4	211/4	0.25	3/16	3/16	Chord	4/4	3	1	1/16		1/16	1	366													
14	14	53	53	0.375	1/4	1/4	Chord	4/4	3	1	3/32		1/16	3/2	367													
14	14	427/8	427/8	0.125	11/32	11/32	Chord	4/4	3	1	1/32		1/32	1	368													
14	14	107/2	107/2	0.375	3/8	3/8	Chord	4/4	3	1	3/32		1/16	3/2	369													
14	14	431/8	431/8	0.125	15/32	15/32	Chord	4/4	3	1	1/32		1/32	1	370													
14	14	54	54	0.0	1/2	1/2	Dynamic	4/4	3	1	0						sf											
14	14	54	54	0.75	1/2	1/2	Chord	4/4	3	1	3/16		1/8	3/2	371													
14	14	219/4	219/4	0.25	11/16	11/16	Chord	4/4	3	1	1/16		1/16	1	372													
14	14	55	55	0.375	3/4	3/4	Chord	4/4	3	1	3/32		1/16	3/2	373													
14	14	443/8	443/8	0.125	27/32	27/32	Chord	4/4	3	1	1/32		1/32	1	374													
14	14	111/2	111/2	0.375	7/8	7/8	Chord	4/4	3	1	3/32		1/16	3/2	375													
14	14	447/8	447/8	0.125	31/32	31/32	Chord	4/4	3	1	1/32		1/32	1	376													
15	15	56	56	0.5	0	0	Chord	4/4	2	1	1/8		1/8	1	377													
15	15	113/2	113/2	0.125	1/8	1/8	Chord	4/4	2	1	1/32		1/32	1	378										23			
15	15	453/8	453/8	0.125	5/32	5/32	Chord	4/4	2	1	1/32		1/32	1	379										23			
15	15	227/4	227/4	0.125	3/16	3/16	Chord	4/4	2	1	1/32		1/32	1	380										23			
15	15	455/8	455/8	0.125	7/32	7/32	Chord	4/4	2	1	1/32		1/32	1	381										23			
15	15	57	57	0.5	1/4	1/4	Chord	4/4	2	1	1/8		1/8	1	382			articStaccatissimoAbove										
15	15	115/2	115/2	0.125	3/8	3/8	Chord	4/4	2	1	1/32		1/32	1	383										24			
15	15	461/8	461/8	0.125	13/32	13/32	Chord	4/4	2	1	1/32		1/32	1	384										24			
15	15	231/4	231/4	0.125	7/16	7/16	Chord	4/4	2	1	1/32		1/32	1	385										24			
15	15	463/8	463/8	0.125	15/32	15/32	Chord	4/4	2	1	1/32		1/32	1	386										24			
15	15	58	58	0.5	1/2	1/2	Chord	4/4	2	1	1/8		1/8	1	387			articStaccatissimoAbove										
15	15	117/2	117/2	0.0	5/8	5/8	Dynamic	4/4	2	1	0						p											
15	15	117/2	117/2	0.125	5/8	5/8	Chord	4/4	2	1	1/32		1/32	1	388										25			
15	15	469/8	469/8	0.125	21/32	21/32	Chord	4/4	2	1	1/32		1/32	1	389										25			
15	15	235/4	235/4	0.125	11/16	11/16	Chord	4/4	2	1	1/32		1/32	1	390										25			
15	15	471/8	471/8	0.125	23/32	23/32	Chord	4/4	2	1	1/32		1/32	1	391										25			
15	15	59	59	0.5	3/4	3/4	Chord	4/4	2	1	1/8		1/8	1	392			articStaccatissimoAbove										
15	15	119/2	119/2	0.125	7/8	7/8	Chord	4/4	2	1	1/32		1/32	1	393										26			
15	15	477/8	477/8	0.125	29/32	29/32	Chord	4/4	2	1	1/32		1/32	1	394										26			
15	15	239/4	239/4	0.125	15/16	15/16	Chord	4/4	2	1	1/32		1/32	1	395										26			
15	15	479/8	479/8	0.125	31/32	31/32	Chord	4/4	2	1	1/32		1/32	1	396										26			
15	15	113/2	113/2	1.0	1/8	1/8	Chord	4/4	3	1	1/4		1/4	1	397										27			
15	15	115/2	115/2	0.5	3/8	3/8	Chord	4/4	3	1	1/8		1/8	1	398													
15	15	58	58	1.5	1/2	1/2	Chord	4/4	3	1	3/8		1/4	3/2	399										28			
15	15	119/2	119/2	0.5	7/8	7/8	Chord	4/4	3	1	1/8		1/8	1	400													
15	15	56	56	0.5	0	0	Chord	4/4	3	2	1/8		1/8	1	401													
15	15	113/2	113/2	0.5	1/8	1/8	Chord	4/4	3	2	1/8		1/8	1	402													
15	15	57	57	0.5	1/4	1/4	Chord	4/4	3	2	1/8		1/8	1	403													
15	15	115/2	115/2	0.5	3/8	3/8	Chord	4/4	3	2	1/8		1/8	1	404													
15	15	58	58	0.5	1/2	1/2	Chord	4/4	3	2	1/8		1/8	1	405													
15	15	117/2	117/2	0.5	5/8	5/8	Chord	4/4	3	2	1/8		1/8	1	406													
15	15	59	59	0.5	3/4	3/4	Chord	4/4	3	2	1/8		1/8	1	407													
15	15	119/2	119/2	0.5	7/8	7/8	Chord	4/4	3	2	1/8		1/8	1	408													
16	16	60	60	0.0	0	0	Dynamic	4/4	1	1	0						p											
16	16	60	60	0.0	0	0	StaffText	4/4	1	1	0								dol.									
16	16	60	60	1.5	0	0	Chord	4/4	1	1	3/8		1/4	3/2	409	Fac												
16	16	123/2	123/2	0.5	3/8	3/8	Chord	4/4	1	1	1/8		1/8	1	410	me												
16	16	62	62	0.5	1/2	1/2	Chord	4/4	1	1	1/8		1/8	1	411	pla-												
16	16	125/2	125/2	0.5	5/8	5/8	Chord	4/4	1	1	1/8		1/8	1	412	-gis												
16	16	60	60	0.0	0	0	Dynamic	4/4	2	1	0						pp											
16	16	60	60	0.25	0	0	Chord	4/4	2	1	1/16		1/16	1	413													
16	16	241/4	241/4	0.25	1/16	1/16	Chord	4/4	2	1	1/16		1/16	1	414													
16	16	121/2	121/2	0.25	1/8	1/8	Chord	4/4	2	1	1/16		1/16	1	415													
16	16	243/4	243/4	0.25	3/16	3/16	Chord	4/4	2	1	1/16		1/16	1	416													
16	16	61	61	0.25	1/4	1/4	Chord	4/4	2	1	1/16		1/16	1	417													
16	16	245/4	245/4	0.25	5/16	5/16	Chord	4/4	2	1	1/16		1/16	1	418													
16	16	123/2	123/2	0.25	3/8	3/8	Chord	4/4	2	1	1/16		1/16	1	419													
16	16	247/4	247/4	0.25	7/16	7/16	Chord	4/4	2	1	1/16		1/16	1	420													
16	16	62	62	0.25	1/2	1/2	Chord	4/4	2	1	1/16		1/16	1	421													
16	16	249/4	249/4	0.25	9/16	9/16	Chord	4/4	2	1	1/16		1/16	1	422													
16	16	125/2	125/2	0.25	5/8	5/8	Chord	4/4	2	1	1/16		1/16	1	423													
16	16	251/4	251/4	0.25	11/16	11/16	Chord	4/4	2	1	1/16		1/16	1	424													
16	16	63	63	0.25	3/4	3/4	Chord	4/4	2	1	1/16		1/16	1	425													
16	16	253/4	253/4	0.25	13/16	13/16	Chord	4/4	2	1	1/16		1/16	1	426													
16	16	127/2	127/2	0.25	7/8	7/8	Chord	4/4	2	1	1/16		1/16	1	427													
16	16	255/4	255/4	0.25	15/16	15/16	Chord	4/4	2	1	1/16		1/16	1	428													
16	16	60	60	0.5	0	0	Chord	4/4	3	1	1/8		1/8	1	429													
16	16	121/2	121/2	0.5	1/8	1/8	Chord	4/4	3	1	1/8		1/8	1	430													
16	16	61	61	0.5	1/4	1/4	Chord	4/4	3	1	1/8		1/8	1	431													
16	16	123/2	123/2	0.5	3/8	3/8	Chord	4/4	3	1	1/8		1/8	1	432													
16	16	62	62	0.5	1/2	1/2	Chord	4/4	3	1	1/8		1/8	1	433													
16	16	125/2	125/2	0.5	5/8	5/8	Chord	4/4	3	1	1/8		1/8	1	434													
16	16	63	63	0.5	3/4	3/4	Chord	4/4	3	1	1/8		1/8	1	435													
16	16	127/2	127/2	0.5	7/8	7/8	Chord	4/4	3	1	1/8		1/8	1	436													
17	17	64	64	0.0	0	0	Chord	4/4	1	1	0	grace16	1/16	1	437													
17	17	64	64	0.0	0	0	Chord	4/4	1	1	0	grace16	1/16	1	438													
17	17	64	64	1.5	0	0	Chord	4/4	1	1	3/8		1/4	3/2	439	vul-												
17	17	131/2	131/2	0.25	3/8	3/8	Chord	4/4	1	1	1/16		1/16	1	440	-ne-									29			
17	17	263/4	263/4	0.25	7/16	7/16	Chord	4/4	1	1	1/16		1/16	1	441													
17	17	66	66	0.5	1/2	1/2	Chord	4/4	1	1	1/8		1/8	1	442	-ra-												
17	17	133/2	133/2	0.5	5/8	5/8	Chord	4/4	1	1	1/8		1/8	1	443	-ri,												
17	17	64	64	0.25	0	0	Chord	4/4	2	1	1/16		1/16	1	444													
17	17	257/4	257/4	0.25	1/16	1/16	Chord	4/4	2	1	1/16		1/16	1	445													
17	17	129/2	129/2	0.25	1/8	1/8	Chord	4/4	2	1	1/16		1/16	1	446													
17	17	259/4	259/4	0.25	3/16	3/16	Chord	4/4	2	1	1/16		1/16	1	447													
17	17	65	65	0.25	1/4	1/4	Chord	4/4	2	1	1/16		1/16	1	448													
17	17	261/4	261/4	0.25	5/16	5/16	Chord	4/4	2	1	1/16		1/16	1	449													
17	17	131/2	131/2	0.25	3/8	3/8	Chord	4/4	2	1	1/16		1/16	1	450													
17	17	263/4	263/4	0.25	7/16	7/16	Chord	4/4	2	1	1/16		1/16	1	451													
17	17	66	66	0.25	1/2	1/2	Chord	4/4	2	1	1/16		1/16	1	452													
17	17	265/4	265/4	0.25	9/16	9/16	Chord	4/4	2	1	1/16		1/16	1	453													
17	17	133/2	133/2	0.25	5/8	5/8	Chord	4/4	2	1	1/16		1/16	1	454													
17	17	267/4	267/4	0.25	11/16	11/16	Chord	4/4	2	1	1/16		1/16	1	455													
17	17	67	67	0.25	3/4	3/4	Chord	4/4	2	1	1/16		1/16	1	456													
17	17	269/4	269/4	0.25	13/16	13/16	Chord	4/4	2	1	1/16		1/16	1	457													
17	17	135/2	135/2	0.25	7/8	7/8	Chord	4/4	2	1	1/16		1/16	1	458													
17	17	271/4	271/4	0.25	15/16	15/16	Chord	4/4	2	1	1/16		1/16	1	459													
17	17	64	64	0.5	0	0	Chord	4/4	3	1	1/8		1/8	1	460													
17	17	129/2	129/2	0.5	1/8	1/8	Chord	4/4	3	1	1/8		1/8	1	461													
17	17	65	65	0.5	1/4	1/4	Chord	4/4	3	1	1/8		1/8	1	462													
17	17	131/2	131/2	0.5	3/8	3/8	Chord	4/4	3	1	1/8		1/8	1	463													
17	17	66	66	0.5	1/2	1/2	Chord	4/4	3	1	1/8		1/8	1	464													
17	17	133/2	133/2	0.5	5/8	5/8	Chord	4/4	3	1	1/8		1/8	1	465													
17	17	67	67	0.5	3/4	3/4	Chord	4/4	3	1	1/8		1/8	1	466													
17	17	135/2	135/2	0.5	7/8	7/8	Chord	4/4	3	1	1/8		1/8	1	467													
18	18	68	68	0.0	0	0	Chord	4/4	1	1	0	grace16	1/16	1	468													
18	18	68	68	0.0	0	0	Chord	4/4	1	1	0	grace16	1/16	1	469													
18	18	68	68	1.5	0	0	Chord	4/4	1	1	3/8		1/4	3/2	470	vul-												
18	18	139/2	139/2	0.25	3/8	3/8	Chord	4/4	1	1	1/16		1/16	1	471	-ne-									30			
18	18	279/4	279/4	0.25	7/16	7/16	Chord	4/4	1	1	1/16		1/16	1	472													
18	18	70	70	0.5	1/2	1/2	Chord	4/4	1	1	1/8		1/8	1	473	-ra-												
18	18	141/2	141/2	0.5	5/8	5/8	Chord	4/4	1	1	1/8		1/8	1	474	-ri												
18	18	143/2	143/2	0.25	7/8	7/8	Chord	4/4	1	1	1/16		1/16	1	475	cru-												
18	18	287/4	287/4	0.25	15/16	15/16	Chord	4/4	1	1	1/16		1/16	1	476	-ce												
18	18	68	68	0.25	0	0	Chord	4/4	2	1	1/16		1/16	1	477													
18	18	273/4	273/4	0.25	1/16	1/16	Chord	4/4	2	1	1/16		1/16	1	478													
18	18	137/2	137/2	0.25	1/8	1/8	Chord	4/4	2	1	1/16		1/16	1	479													
18	18	275/4	275/4	0.25	3/16	3/16	Chord	4/4	2	1	1/16		1/16	1	480													
18	18	69	69	0.25	1/4	1/4	Chord	4/4	2	1	1/16		1/16	1	481													
18	18	277/4	277/4	0.25	5/16	5/16	Chord	4/4	2	1	1/16		1/16	1	482													
18	18	139/2	139/2	0.25	3/8	3/8	Chord	4/4	2	1	1/16		1/16	1	483													
18	18	279/4	279/4	0.25	7/16	7/16	Chord	4/4	2	1	1/16		1/16	1	484													
18	18	70	70	0.25	1/2	1/2	Chord	4/4	2	1	1/16		1/16	1	485													
18	18	281/4	281/4	0.25	9/16	9/16	Chord	4/4	2	1	1/16		1/16	1	486													
18	18	141/2	141/2	0.25	5/8	5/8	Chord	4/4	2	1	1/16		1/16	1	487													
18	18	283/4	283/4	0.25	11/16	11/16	Chord	4/4	2	1	1/16		1/16	1	488													
18	18	71	71	0.25	3/4	3/4	Chord	4/4	2	1	1/16		1/16	1	489													
18	18	285/4	285/4	0.25	13/16	13/16	Chord	4/4	2	1	1/16		1/16	1	490													
18	18	143/2	143/2	0.25	7/8	7/8	Chord	4/4	2	1	1/16		1/16	1	491													
18	18	287/4	287/4	0.25	15/16	15/16	Chord	4/4	2	1	1/16		1/16	1	492													
18	18	68	68	0.5	0	0	Chord	4/4	3	1	1/8		1/8	1	493													
18	18	137/2	137/2	0.5	1/8	1/8	Chord	4/4	3	1	1/8		1/8	1	494													
18	18	69	69	0.5	1/4	1/4	Chord	4/4	3	1	1/8		1/8	1	495													
18	18	139/2	139/2	0.5	3/8	3/8	Chord	4/4	3	1	1/8		1/8	1	496													
18	18	70	70	0.5	1/2	1/2	Chord	4/4	3	1	1/8		1/8	1	497													
18	18	141/2	141/2	0.5	5/8	5/8	Chord	4/4	3	1	1/8		1/8	1	498													
18	18	71	71	0.5	3/4	3/4	Chord	4/4	3	1	1/8		1/8	1	499													
18	18	143/2	143/2	0.5	7/8	7/8	Chord	4/4	3	1	1/8		1/8	1	500													
19	19	72	72	0.5	0	0	Chord	4/4	1	1	1/8		1/8	1	501	hac									31			
19	19	145/2	145/2	0.25	1/8	1/8	Chord	4/4	1	1	1/16		1/16	1	502													
19	19	291/4	291/4	0.25	3/16	3/16	Chord	4/4	1	1	1/16		1/16	1	503	i-												
19	19	73	73	0.5	1/4	1/4	Chord	4/4	1	1	1/8		1/8	1	504	-ne-									32			
19	19	147/2	147/2	0.25	3/8	3/8	Chord	4/4	1	1	1/16		1/16	1	505													
19	19	295/4	295/4	0.25	7/16	7/16	Chord	4/4	1	1	1/16		1/16	1	506	-bri-												
19	19	74	74	0.5	1/2	1/2	Chord	4/4	1	1	1/8		1/8	1	507	-a-												
19	19	149/2	149/2	0.5	5/8	5/8	Chord	4/4	1	1	1/8		1/8	1	508	-ri,												
19	19	151/2	151/2	0.5	7/8	7/8	Chord	4/4	1	1	1/8		1/8	1	509	i-												
19	19	72	72	0.25	0	0	Chord	4/4	2	1	1/16		1/16	1	510													
19	19	289/4	289/4	0.25	1/16	1/16	Chord	4/4	2	1	1/16		1/16	1	511													
19	19	145/2	145/2	0.25	1/8	1/8	Chord	4/4	2	1	1/16		1/16	1	512													
19	19	291/4	291/4	0.25	3/16	3/16	Chord	4/4	2	1	1/16		1/16	1	513													
19	19	73	73	0.25	1/4	1/4	Chord	4/4	2	1	1/16		1/16	1	514													
19	19	293/4	293/4	0.25	5/16	5/16	Chord	4/4	2	1	1/16		1/16	1	515													
19	19	147/2	147/2	0.25	3/8	3/8	Chord	4/4	2	1	1/16		1/16	1	516													
19	19	295/4	295/4	0.25	7/16	7/16	Chord	4/4	2	1	1/16		1/16	1	517													
19	19	74	74	0.25	1/2	1/2	Chord	4/4	2	1	1/16		1/16	1	518													
19	19	297/4	297/4	0.25	9/16	9/16	Chord	4/4	2	1	1/16		1/16	1	519													
19	19	149/2	149/2	0.25	5/8	5/8	Chord	4/4	2	1	1/16		1/16	1	520													
19	19	299/4	299/4	0.25	11/16	11/16	Chord	4/4	2	1	1/16		1/16	1	521													
19	19	75	75	0.25	3/4	3/4	Chord	4/4	2	1	1/16		1/16	1	522													
19	19	301/4	301/4	0.25	13/16	13/16	Chord	4/4	2	1	1/16		1/16	1	523													
19	19	151/2	151/2	0.25	7/8	7/8	Chord	4/4	2	1	1/16		1/16	1	524													
19	19	303/4	303/4	0.25	15/16	15/16	Chord	4/4	2	1	1/16		1/16	1	525													
19	19	72	72	0.5	0	0	Chord	4/4	3	1	1/8		1/8	1	526										33			
19	19	145/2	145/2	0.5	1/8	1/8	Chord	4/4	3	1	1/8		1/8	1	527										33			
19	19	73	73	0.5	1/4	1/4	Chord	4/4	3	1	1/8		1/8	1	528													
19	19	147/2	147/2	0.5	3/8	3/8	Chord	4/4	3	1	1/8		1/8	1	529													
19	19	74	74	0.5	1/2	1/2	Chord	4/4	3	1	1/8		1/8	1	530													
19	19	149/2	149/2	0.5	5/8	5/8	Chord	4/4	3	1	1/8		1/8	1	531													
19	19	75	75	0.5	3/4	3/4	Chord	4/4	3	1	1/8		1/8	1	532													
19	19	151/2	151/2	0.5	7/8	7/8	Chord	4/4	3	1	1/8		1/8	1	533													
20	20	76	76	0.75	0	0	Chord	4/4	1	1	3/16		1/8	3/2	534	-ne-		ornamentTrill										
20	20	307/4	307/4	0.125	3/16	3/16	Chord	4/4	1	1	1/32		1/32	1	535													
20	20	615/8	615/8	0.125	7/32	7/32	Chord	4/4	1	1	1/32		1/32	1	536													
20	20	77	77	0.5	1/4	1/4	Chord	4/4	1	1	1/8		1/8	1	537													
20	20	155/2	155/2	0.5	3/8	3/8	Chord	4/4	1	1	1/8		1/8	1	538	-bri-												
20	20	78	78	0.25	1/2	1/2	Chord	4/4	1	1	1/16		1/16	1	539	-a-									34			
20	20	313/4	313/4	0.25	9/16	9/16	Chord	4/4	1	1	1/16		1/16	1	540													
20	20	157/2	157/2	0.5	5/8	5/8	Chord	4/4	1	1	1/8		1/8	1	541	-ri												
20	20	76	76	0.25	0	0	Chord	4/4	2	1	1/16		1/16	1	542													
20	20	305/4	305/4	0.25	1/16	1/16	Chord	4/4	2	1	1/16		1/16	1	543													
20	20	153/2	153/2	0.25	1/8	1/8	Chord	4/4	2	1	1/16		1/16	1	544													
20	20	307/4	307/4	0.25	3/16	3/16	Chord	4/4	2	1	1/16		1/16	1	545													
20	20	77	77	0.25	1/4	1/4	Chord	4/4	2	1	1/16		1/16	1	546													
20	20	309/4	309/4	0.25	5/16	5/16	Chord	4/4	2	1	1/16		1/16	1	547													
20	20	155/2	155/2	0.25	3/8	3/8	Chord	4/4	2	1	1/16		1/16	1	548													
20	20	311/4	311/4	0.25	7/16	7/16	Chord	4/4	2	1	1/16		1/16	1	549													
20	20	78	78	0.25	1/2	1/2	Chord	4/4	2	1	1/16		1/16	1	550													
20	20	313/4	313/4	0.25	9/16	9/16	Chord	4/4	2	1	1/16		1/16	1	551													
20	20	157/2	157/2	0.25	5/8	5/8	Chord	4/4	2	1	1/16		1/16	1	552													
20	20	315/4	315/4	0.25	11/16	11/16	Chord	4/4	2	1	1/16		1/16	1	553													
20	20	79	79	1.0	3/4	3/4	Chord	4/4	2	1	1/4		1/4	1	554													
20	20	76	76	0.5	0	0	Chord	4/4	3	1	1/8		1/8	1	555													
20	20	153/2	153/2	0.5	1/8	1/8	Chord	4/4	3	1	1/8		1/8	1	556													
20	20	77	77	0.5	1/4	1/4	Chord	4/4	3	1	1/8		1/8	1	557													
20	20	155/2	155/2	0.5	3/8	3/8	Chord	4/4	3	1	1/8		1/8	1	558													
20	20	78	78	0.0	1/2	1/2	Spanner	4/4	3	1	0																	0
20	20	78	78	1.0	1/2	1/2	Chord	4/4	3	1	1/4		1/4	1	559													0
20	20	79	79	0.0	3/4	3/4	Spanner	4/4	3	1	0																	
20	20	79	79	0.25	3/4	3/4	Chord	4/4	3	1	1/16		1/16	1	560										35			
20	20	317/4	317/4	0.25	13/16	13/16	Chord	4/4	3	1	1/16		1/16	1	561										35			
20	20	159/2	159/2	0.25	7/8	7/8	Chord	4/4	3	1	1/16		1/16	1	562										35			
20	20	319/4	319/4	0.25	15/16	15/16	Chord	4/4	3	1	1/16		1/16	1	563													
21	21	80	80	0.0	0	0	Dynamic	4/4	1	1	0						mp											
21	21	80	80	1.0	0	0	Chord	4/4	1	1	1/4		1/4	1	564	ob												
21	21	81	81	0.25	1/4	1/4	Chord	4/4	1	1	1/16		1/16	1	565													
21	21	325/4	325/4	0.25	5/16	5/16	Chord	4/4	1	1	1/16		1/16	1	566													
21	21	163/2	163/2	0.25	3/8	3/8	Chord	4/4	1	1	1/16		1/16	1	567	a-									36			
21	21	327/4	327/4	0.25	7/16	7/16	Chord	4/4	1	1	1/16		1/16	1	568													
21	21	82	82	1.0	1/2	1/2	Chord	4/4	1	1	1/4		1/4	1	569	-mo-												
21	21	83	83	0.25	3/4	3/4	Chord	4/4	1	1	1/16		1/16	1	570													
21	21	333/4	333/4	0.125	13/16	13/16	Chord	4/4	1	1	1/32		1/32	1	571													
21	21	667/8	667/8	0.125	27/32	27/32	Chord	4/4	1	1	1/32		1/32	1	572													
21	21	167/2	167/2	0.125	7/8	7/8	Chord	4/4	1	1	1/32		1/32	1	573													
21	21	669/8	669/8	0.125	29/32	29/32	Chord	4/4	1	1	1/32		1/32	1	574													
21	21	335/4	335/4	0.125	15/16	15/16	Chord	4/4	1	1	1/32		1/32	1	575													
21	21	671/8	671/8	0.125	31/32	31/32	Chord	4/4	1	1	1/32		1/32	1	576										37			
21	21	80	80	0.25	0	0	Chord	4/4	2	1	1/16		1/16	1	577										38			
21	21	321/4	321/4	0.125	1/16	1/16	Chord	4/4	2	1	1/32		1/32	1	578										38			
21	21	643/8	643/8	0.125	3/32	3/32	Chord	4/4	2	1	1/32		1/32	1	579										38			
21	21	161/2	161/2	0.5	1/8	1/8	Chord	4/4	2	1	1/8		1/8	1	580										38			
21	21	81	81	0.25	1/4	1/4	Chord	4/4	2	1	1/16		1/16	1	581													
21	21	325/4	325/4	0.125	5/16	5/16	Chord	4/4	2	1	1/32		1/32	1	582										39			
21	21	651/8	651/8	0.125	11/32	11/32	Chord	4/4	2	1	1/32		1/32	1	583										39			
21	21	163/2	163/2	0.125	3/8	3/8	Chord	4/4	2	1	1/32		1/32	1	584										39			
21	21	653/8	653/8	0.125	13/32	13/32	Chord	4/4	2	1	1/32		1/32	1	585										39			
21	21	327/4	327/4	0.125	7/16	7/16	Chord	4/4	2	1	1/32		1/32	1	586										39			
21	21	655/8	655/8	0.125	15/32	15/32	Chord	4/4	2	1	1/32		1/32	1	587										39			
21	21	82	82	0.25	1/2	1/2	Chord	4/4	2	1	1/16		1/16	1	588													
21	21	329/4	329/4	0.125	9/16	9/16	Chord	4/4	2	1	1/32		1/32	1	589										40			
21	21	659/8	659/8	0.125	19/32	19/32	Chord	4/4	2	1	1/32		1/32	1	590										40			
21	21	165/2	165/2	0.5	5/8	5/8	Chord	4/4	2	1	1/8		1/8	1	591										40			
21	21	83	83	0.25	3/4	3/4	Chord	4/4	2	1	1/16		1/16	1	592													
21	21	333/4	333/4	0.125	13/16	13/16	Chord	4/4	2	1	1/32		1/32	1	593										41			
21	21	667/8	667/8	0.125	27/32	27/32	Chord	4/4	2	1	1/32		1/32	1	594										41			
21	21	167/2	167/2	0.125	7/8	7/8	Chord	4/4	2	1	1/32		1/32	1	595										41			
21	21	669/8	669/8	0.125	29/32	29/32	Chord	4/4	2	1	1/32		1/32	1	596										41			
21	21	335/4	335/4	0.125	15/16	15/16	Chord	4/4	2	1	1/32		1/32	1	597										41			
21	21	671/8	671/8	0.125	31/32	31/32	Chord	4/4	2	1	1/32		1/32	1	598										41			
21	21	80	80	0.5	0	0	Chord	4/4	2	2	1/8		1/8	1	599													
21	21	161/2	161/2	0.5	1/8	1/8	Chord	4/4	2	2	1/8		1/8	1	600													
21	21	81	81	0.5	1/4	1/4	Chord	4/4	2	2	1/8		1/8	1	601													
21	21	163/2	163/2	0.25	3/8	3/8	Chord	4/4	2	2	1/16		1/16	1	602													
21	21	327/4	327/4	0.25	7/16	7/16	Chord	4/4	2	2	1/16		1/16	1	603													
21	21	165/2	165/2	0.5	5/8	5/8	Chord	4/4	2	2	1/8		1/8	1	604													
21	21	83	83	0.5	3/4	3/4	Chord	4/4	2	2	1/8		1/8	1	605													
21	21	167/2	167/2	0.25	7/8	7/8	Chord	4/4	2	2	1/16		1/16	1	606													
21	21	335/4	335/4	0.25	15/16	15/16	Chord	4/4	2	2	1/16		1/16	1	607													
21	21	80	80	0.0	0	0	Dynamic	4/4	3	1	0						mf											
21	21	80	80	0.5	0	0	Chord	4/4	3	1	1/8		1/8	1	608													
21	21	161/2	161/2	0.5	1/8	1/8	Chord	4/4	3	1	1/8		1/8	1	609													
21	21	81	81	0.5	1/4	1/4	Chord	4/4	3	1	1/8		1/8	1	610													
21	21	163/2	163/2	0.5	3/8	3/8	Chord	4/4	3	1	1/8		1/8	1	611													
21	21	82	82	0.0	1/2	1/2	Dynamic	4/4	3	1	0						p											
21	21	82	82	0.5	1/2	1/2	Chord	4/4	3	1	1/8		1/8	1	612													
21	21	165/2	165/2	0.5	5/8	5/8	Chord	4/4	3	1	1/8		1/8	1	613													
21	21	83	83	0.5	3/4	3/4	Chord	4/4	3	1	1/8		1/8	1	614													
21	21	167/2	167/2	0.5	7/8	7/8	Chord	4/4	3	1	1/8		1/8	1	615													
22	22	84	84	1.0	0	0	Chord	4/4	1	1	1/4		1/4	1	616													
22	22	85	85	0.25	1/4	1/4	Chord	4/4	1	1	1/16		1/16	1	617													
22	22	341/4	341/4	0.125	5/16	5/16	Chord	4/4	1	1	1/32		1/32	1	618													
22	22	683/8	683/8	0.125	11/32	11/32	Chord	4/4	1	1	1/32		1/32	1	619													
22	22	171/2	171/2	0.125	3/8	3/8	Chord	4/4	1	1	1/32		1/32	1	620													
22	22	685/8	685/8	0.125	13/32	13/32	Chord	4/4	1	1	1/32		1/32	1	621													
22	22	343/4	343/4	0.125	7/16	7/16	Chord	4/4	1	1	1/32		1/32	1	622	-rem												
22	22	687/8	687/8	0.125	15/32	15/32	Chord	4/4	1	1	1/32		1/32	1	623													
22	22	86	86	0.25	1/2	1/2	Chord	4/4	1	1	1/16		1/16	1	624	fi-												
22	22	345/4	345/4	0.25	9/16	9/16	Chord	4/4	1	1	1/16		1/16	1	625	-li-												
22	22	173/2	173/2	0.5	5/8	5/8	Chord	4/4	1	1	1/8		1/8	1	626	-i,												
22	22	175/2	175/2	0.25	7/8	7/8	Chord	4/4	1	1	1/16		1/16	1	627	ob												
22	22	351/4	351/4	0.25	15/16	15/16	Chord	4/4	1	1	1/16		1/16	1	628	a-												
22	22	84	84	0.25	0	0	Chord	4/4	2	1	1/16		1/16	1	629													
22	22	337/4	337/4	0.125	1/16	1/16	Chord	4/4	2	1	1/32		1/32	1	630										42			
22	22	675/8	675/8	0.125	3/32	3/32	Chord	4/4	2	1	1/32		1/32	1	631										42			
22	22	169/2	169/2	0.5	1/8	1/8	Chord	4/4	2	1	1/8		1/8	1	632										42			
22	22	85	85	0.25	1/4	1/4	Chord	4/4	2	1	1/16		1/16	1	633													
22	22	341/4	341/4	0.125	5/16	5/16	Chord	4/4	2	1	1/32		1/32	1	634										43			
22	22	683/8	683/8	0.125	11/32	11/32	Chord	4/4	2	1	1/32		1/32	1	635										43			
22	22	171/2	171/2	0.125	3/8	3/8	Chord	4/4	2	1	1/32		1/32	1	636										43			
22	22	685/8	685/8	0.125	13/32	13/32	Chord	4/4	2	1	1/32		1/32	1	637										43			
22	22	343/4	343/4	0.125	7/16	7/16	Chord	4/4	2	1	1/32		1/32	1	638										43			
22	22	687/8	687/8	0.125	15/32	15/32	Chord	4/4	2	1	1/32		1/32	1	639													
22	22	86	86	0.25	1/2	1/2	Chord	4/4	2	1	1/16		1/16	1	640													
22	22	345/4	345/4	0.25	9/16	9/16	Chord	4/4	2	1	1/16		1/16	1	641													
22	22	173/2	173/2	0.5	5/8	5/8	Chord	4/4	2	1	1/8		1/8	1	642													
22	22	175/2	175/2	0.5	7/8	7/8	Chord	4/4	2	1	1/8		1/8	1	643													
22	22	169/2	169/2	0.5	1/8	1/8	Chord	4/4	2	2	1/8		1/8	1	644													
22	22	85	85	0.5	1/4	1/4	Chord	4/4	2	2	1/8		1/8	1	645													
22	22	171/2	171/2	0.25	3/8	3/8	Chord	4/4	2	2	1/16		1/16	1	646													
22	22	343/4	343/4	0.25	7/16	7/16	Chord	4/4	2	2	1/16		1/16	1	647													
22	22	86	86	1.0	1/2	1/2	Chord	4/4	2	2	1/4		1/4	1	648													
22	22	84	84	0.0	0	0	Dynamic	4/4	3	1	0						other-dynamics											
22	22	84	84	0.5	0	0	Chord	4/4	3	1	1/8		1/8	1	649													
22	22	169/2	169/2	0.0	1/8	1/8	Spanner	4/4	3	1	0																	1
22	22	169/2	169/2	0.5	1/8	1/8	Chord	4/4	3	1	1/8		1/8	1	650													1
22	22	85	85	0.5	1/4	1/4	Chord	4/4	3	1	1/8		1/8	1	651													1
22	22	171/2	171/2	0.5	3/8	3/8	Chord	4/4	3	1	1/8		1/8	1	652													1
22	22	86	86	0.0	1/2	1/2	Spanner	4/4	3	1	0																	
22	22	86	86	1.0	1/2	1/2	Chord	4/4	3	1	1/4		1/4	1	653													
22	22	87	87	0.0	3/4	3/4	Dynamic	4/4	3	1	0						p											
22	22	87	87	1.0	3/4	3/4	Chord	4/4	3	1	1/4		1/4	1	654													
23	23	88	88	0.16666666666666666	0	0	Chord	4/4	1	1	1/24		1/16	2/3	655	-mo-									44			
23	23	529/6	529/6	0.16666666666666666	1/24	1/24	Chord	4/4	1	1	1/24		1/16	2/3	656										44			
23	23	265/3	265/3	0.16666666666666666	1/12	1/12	Chord	4/4	1	1	1/24		1/16	2/3	657													
23	23	177/2	177/2	0.16666666666666666	1/8	1/8	Chord	4/4	1	1	1/24		1/16	2/3	658	-rem									45			
23	23	266/3	266/3	0.16666666666666666	1/6	1/6	Chord	4/4	1	1	1/24		1/16	2/3	659										45			
23	23	533/6	533/6	0.16666666666666666	5/24	5/24	Chord	4/4	1	1	1/24		1/16	2/3	660													
23	23	89	89	0.5	1/4	1/4	Chord	4/4	1	1	1/8		1/8	1	661	fi-									46			
23	23	179/2	179/2	0.25	3/8	3/8	Chord	4/4	1	1	1/16		1/16	1	662													
23	23	359/4	359/4	0.25	7/16	7/16	Chord	4/4	1	1	1/16		1/16	1	663	-li-												
23	23	90	90	1.0	1/2	1/2	Chord	4/4	1	1	1/4		1/4	1	664	-i,												
23	23	91	91	0.5	3/4	3/4	Chord	4/4	1	1	1/8		1/8	1	665	ob												
23	23	183/2	183/2	0.5	7/8	7/8	Chord	4/4	1	1	1/8		1/8	1	666	a-												
23	23	88	88	0.5	0	0	Chord	4/4	2	1	1/8		1/8	1	667													
23	23	177/2	177/2	0.5	1/8	1/8	Chord	4/4	2	1	1/8		1/8	1	668													
23	23	89	89	0.5	1/4	1/4	Chord	4/4	2	1	1/8		1/8	1	669													
23	23	179/2	179/2	0.5	3/8	3/8	Chord	4/4	2	1	1/8		1/8	1	670													
23	23	90	90	0.375	1/2	1/2	Chord	4/4	2	1	3/32		1/16	3/2	671													
23	23	723/8	723/8	0.125	19/32	19/32	Chord	4/4	2	1	1/32		1/32	1	672													
23	23	181/2	181/2	0.375	5/8	5/8	Chord	4/4	2	1	3/32		1/16	3/2	673													
23	23	727/8	727/8	0.125	23/32	23/32	Chord	4/4	2	1	1/32		1/32	1	674													
23	23	91	91	0.5	3/4	3/4	Chord	4/4	2	1	1/8		1/8	1	675													
23	23	183/2	183/2	0.5	7/8	7/8	Chord	4/4	2	1	1/8		1/8	1	676													
23	23	88	88	0.5	0	0	Chord	4/4	3	1	1/8		1/8	1	677													
23	23	177/2	177/2	0.0	1/8	1/8	Spanner	4/4	3	1	0																0	
23	23	177/2	177/2	0.5	1/8	1/8	Chord	4/4	3	1	1/8		1/8	1	678												0	
23	23	89	89	0.5	1/4	1/4	Chord	4/4	3	1	1/8		1/8	1	679												0	
23	23	179/2	179/2	0.5	3/8	3/8	Chord	4/4	3	1	1/8		1/8	1	680												0	
23	23	90	90	0.0	1/2	1/2	Dynamic	4/4	3	1	0						f											
23	23	90	90	0.0	1/2	1/2	Spanner	4/4	3	1	0																	
23	23	90	90	0.375	1/2	1/2	Chord	4/4	3	1	3/32		1/16	3/2	681													
23	23	723/8	723/8	0.125	19/32	19/32	Chord	4/4	3	1	1/32		1/32	1	682													
23	23	181/2	181/2	0.375	5/8	5/8	Chord	4/4	3	1	3/32		1/16	3/2	683													
23	23	727/8	727/8	0.125	23/32	23/32	Chord	4/4	3	1	1/32		1/32	1	684													
23	23	91	91	0.0	3/4	3/4	Spanner	4/4	3	1	0															1		
23	23	91	91	0.5	3/4	3/4	Chord	4/4	3	1	1/8		1/8	1	685											1		
23	23	183/2	183/2	0.5	7/8	7/8	Chord	4/4	3	1	1/8		1/8	1	686											1		
24	24	92	92	0.0	0	0	Tempo	4/4	1	1	0									Largo	26.0			1.0				
24	24	92	92	0.5	0	0	Chord	4/4	1	1	1/8		1/8	1	687	-mo-									47			
24	24	185/2	185/2	0.5	1/8	1/8	Chord	4/4	1	1	1/8		1/8	1	688													
24	24	93	93	0.3333333333333333	1/4	1/4	Chord	4/4	1	1	1/12		1/8	2/3	689	-rem									48			
24	24	280/3	280/3	0.3333333333333333	1/3	1/3	Chord	4/4	1	1	1/12		1/8	2/3	690										48			
24	24	281/3	281/3	0.3333333333333333	5/12	5/12	Chord	4/4	1	1	1/12		1/8	2/3	691													
24	24	94	94	0.0	1/2	1/2	Spanner	4/4	1	1	0															2		
24	24	94	94	1.5	1/2	1/2	Chord	4/4	1	1	3/8		1/4	3/2	692	fi-		ornamentTrill								2		
24	24	191/2	191/2	0.5	7/8	7/8	Chord	4/4	1	1	1/8		1/8	1	693	-li-										2		
24	24	92	92	4.0	0	0	Chord	4/4	2	1	1		1	1	694													
24	24	92	92	0.0	0	0	Dynamic	4/4	3	1	0						p											
24	24	92	92	0.0	0	0	Spanner	4/4	3	1	0																	
24	24	92	92	1.0	0	0	Chord	4/4	3	1	1/4		1/4	1	695													
24	24	93	93	1.0	1/4	1/4	Chord	4/4	3	1	1/4		1/4	1	696													
24	24	94	94	1.0	1/2	1/2	Chord	4/4	3	1	1/4		1/4	1	697													
24	24	95	95	1.0	3/4	3/4	Chord	4/4	3	1	1/4		1/4	1	698													
24	24	92	92	4.0	0	0	Chord	4/4	3	2	1		1	1	699													
24	24	94	94	0.0	1/2	1/2	Spanner	4/4	3	3	0															3		
24	24	94	94	2.0	1/2	1/2	Chord	4/4	3	3	1/2		1/2	1	700											3		
25	25	96	96	0.0	0	0	Tempo	4/4	1	1	0									ùÖü=36	36.0	ùÖü	36.0	0.0				
25	25	96	96	0.0	0	0	Dynamic	4/4	1	1	0						pp											
25	25	96	96	0.0	0	0	Spanner	4/4	1	1	0																	
25	25	96	96	2.0	0	0	Chord	4/4	1	1	1/2		1/2	1	701	-i.												
25	25	96	96	0.0	0	0	Dynamic	4/4	2	1	0						f											
25	25	96	96	0.25	0	0	Chord	4/4	2	1	1/16		1/16	1	702													
25	25	385/4	385/4	0.125	1/16	1/16	Chord	4/4	2	1	1/32		1/32	1	703										49			
25	25	771/8	771/8	0.125	3/32	3/32	Chord	4/4	2	1	1/32		1/32	1	704										49			
25	25	193/2	193/2	0.5	1/8	1/8	Chord	4/4	2	1	1/8		1/8	1	705										49			
25	25	97	97	0.25	1/4	1/4	Chord	4/4	2	1	1/16		1/16	1	706													
25	25	389/4	389/4	0.125	5/16	5/16	Chord	4/4	2	1	1/32		1/32	1	707										50			
25	25	779/8	779/8	0.125	11/32	11/32	Chord	4/4	2	1	1/32		1/32	1	708										50			
25	25	195/2	195/2	0.125	3/8	3/8	Chord	4/4	2	1	1/32		1/32	1	709										50			
25	25	781/8	781/8	0.125	13/32	13/32	Chord	4/4	2	1	1/32		1/32	1	710										50			
25	25	391/4	391/4	0.125	7/16	7/16	Chord	4/4	2	1	1/32		1/32	1	711										50			
25	25	783/8	783/8	0.125	15/32	15/32	Chord	4/4	2	1	1/32		1/32	1	712										50			
25	25	98	98	0.0	1/2	1/2	Dynamic	4/4	2	1	0						p											
25	25	98	98	0.25	1/2	1/2	Chord	4/4	2	1	1/16		1/16	1	713													
25	25	393/4	393/4	0.125	9/16	9/16	Chord	4/4	2	1	1/32		1/32	1	714													
25	25	787/8	787/8	0.125	19/32	19/32	Chord	4/4	2	1	1/32		1/32	1	715													
25	25	197/2	197/2	0.5	5/8	5/8	Chord	4/4	2	1	1/8		1/8	1	716													
25	25	99	99	0.25	3/4	3/4	Chord	4/4	2	1	1/16		1/16	1	717													
25	25	397/4	397/4	0.125	13/16	13/16	Chord	4/4	2	1	1/32		1/32	1	718										51			
25	25	795/8	795/8	0.125	27/32	27/32	Chord	4/4	2	1	1/32		1/32	1	719										51			
25	25	199/2	199/2	0.125	7/8	7/8	Chord	4/4	2	1	1/32		1/32	1	720										51			
25	25	797/8	797/8	0.125	29/32	29/32	Chord	4/4	2	1	1/32		1/32	1	721										51			
25	25	399/4	399/4	0.125	15/16	15/16	Chord	4/4	2	1	1/32		1/32	1	722										51			
25	25	799/8	799/8	0.125	31/32	31/32	Chord	4/4	2	1	1/32		1/32	1	723													
25	25	193/2	193/2	0.5	1/8	1/8	Chord	4/4	2	2	1/8		1/8	1	724													
25	25	97	97	0.5	1/4	1/4	Chord	4/4	2	2	1/8		1/8	1	725													
25	25	195/2	195/2	0.25	3/8	3/8	Chord	4/4	2	2	1/16		1/16	1	726													
25	25	391/4	391/4	0.25	7/16	7/16	Chord	4/4	2	2	1/16		1/16	1	727													
25	25	197/2	197/2	0.5	5/8	5/8	Chord	4/4	2	2	1/8		1/8	1	728													
25	25	99	99	0.5	3/4	3/4	Chord	4/4	2	2	1/8		1/8	1	729													
25	25	199/2	199/2	0.25	7/8	7/8	Chord	4/4	2	2	1/16		1/16	1	730													
25	25	399/4	399/4	0.25	15/16	15/16	Chord	4/4	2	2	1/16		1/16	1	731													
25	25	96	96	0.0	0	0	StaffText	4/4	3	1	0								a tempo									
25	25	96	96	0.5	0	0	Chord	4/4	3	1	1/8		1/8	1	732													
25	25	193/2	193/2	0.5	1/8	1/8	Chord	4/4	3	1	1/8		1/8	1	733													
25	25	97	97	0.5	1/4	1/4	Chord	4/4	3	1	1/8		1/8	1	734													
25	25	195/2	195/2	0.5	3/8	3/8	Chord	4/4	3	1	1/8		1/8	1	735													
25	25	98	98	0.5	1/2	1/2	Chord	4/4	3	1	1/8		1/8	1	736													
25	25	197/2	197/2	0.5	5/8	5/8	Chord	4/4	3	1	1/8		1/8	1	737										52			
25	25	99	99	0.5	3/4	3/4	Chord	4/4	3	1	1/8		1/8	1	738										52			
25	25	199/2	199/2	0.5	7/8	7/8	Chord	4/4	3	1	1/8		1/8	1	739													
25	25	96	96	0.0	0	0	Spanner	4/4	3	3	0																	
26	26	100	100	0.0	0	0	Dynamic	4/4	2	1	0						f											
26	26	100	100	0.375	0	0	Chord	4/4	2	1	3/32		1/16	3/2	740													
26	26	803/8	803/8	0.125	3/32	3/32	Chord	4/4	2	1	1/32		1/32	1	741													
26	26	201/2	201/2	0.375	1/8	1/8	Chord	4/4	2	1	3/32		1/16	3/2	742													
26	26	807/8	807/8	0.125	7/32	7/32	Chord	4/4	2	1	1/32		1/32	1	743													
26	26	101	101	0.5	1/4	1/4	Chord	4/4	2	1	1/8		1/8	1	744													
26	26	203/2	203/2	0.5	3/8	3/8	Chord	4/4	2	1	1/8		1/8	1	745													
26	26	102	102	1.0	1/2	1/2	Chord	4/4	2	1	1/4		1/4	1	746													
26	26	100	100	0.375	0	0	Chord	4/4	3	1	3/32		1/16	3/2	747													
26	26	803/8	803/8	0.125	3/32	3/32	Chord	4/4	3	1	1/32		1/32	1	748													
26	26	201/2	201/2	0.375	1/8	1/8	Chord	4/4	3	1	3/32		1/16	3/2	749													
26	26	807/8	807/8	0.125	7/32	7/32	Chord	4/4	3	1	1/32		1/32	1	750													
26	26	101	101	0.5	1/4	1/4	Chord	4/4	3	1	1/8		1/8	1	751			articAccentAbove										
26	26	203/2	203/2	0.5	3/8	3/8	Chord	4/4	3	1	1/8		1/8	1	752			articAccentAbove										
26	26	102	102	1.0	1/2	1/2	Chord	4/4	3	1	1/4		1/4	1	753													
