mc	mn	quarterbeats	quarterbeats_all_endings	duration_qb	mc_onset	mn_onset	event	timesig	staff	voice	duration	gracenote	nominal_duration	scalar	chord_id	lyrics_1	dynamics	articulation	staff_text	tempo	qpm	tempo_visible	slur	diminuendo_line	crescendo_line	decrescendo_hairpin	crescendo_hairpin
1	1	0	0	0.0	0	0	Tempo	4/4	1	1	0									Allegro(manontroppo)	80.0	1.0					
1	1	0	0	0.5	0	0	Chord	4/4	3	1	1/8		1/8	1	0												
1	1	1/2	1/2	1.0	1/8	1/8	Chord	4/4	3	1	1/4		1/4	1	1								0				
1	1	3/2	3/2	0.5	3/8	3/8	Chord	4/4	3	1	1/8		1/8	1	2												
1	1	2	2	0.5	1/2	1/2	Chord	4/4	3	1	1/8		1/8	1	3												
1	1	5/2	5/2	1.0	5/8	5/8	Chord	4/4	3	1	1/4		1/4	1	4								1				
1	1	7/2	7/2	0.5	7/8	7/8	Chord	4/4	3	1	1/8		1/8	1	5												
1	1	2	2	0.5	1/2	1/2	Chord	4/4	3	2	1/8		1/8	1	6												
1	1	5/2	5/2	1.0	5/8	5/8	Chord	4/4	3	2	1/4		1/4	1	7								2				
1	1	7/2	7/2	0.5	7/8	7/8	Chord	4/4	3	2	1/8		1/8	1	8												
1	1	0	0	0.0	0	0	Dynamic	4/4	4	1	0						other-dynamics										
1	1	0	0	1.0	0	0	Chord	4/4	4	1	1/4		1/4	1	9												
1	1	1	1	1.0	1/4	1/4	Chord	4/4	4	1	1/4		1/4	1	10												
1	1	2	2	1.0	1/2	1/2	Chord	4/4	4	1	1/4		1/4	1	11												
1	1	3	3	1.0	3/4	3/4	Chord	4/4	4	1	1/4		1/4	1	12												
2	2	4	4	0.25	0	0	Chord	4/4	3	1	1/16		1/16	1	13			ornamentTrill					3				
2	2	17/4	17/4	0.25	1/16	1/16	Chord	4/4	3	1	1/16		1/16	1	14								3				
2	2	9/2	9/2	0.5	1/8	1/8	Chord	4/4	3	1	1/8		1/8	1	15												
2	2	5	5	0.25	1/4	1/4	Chord	4/4	3	1	1/16		1/16	1	16			ornamentTrill					4				
2	2	21/4	21/4	0.25	5/16	5/16	Chord	4/4	3	1	1/16		1/16	1	17								4				
2	2	11/2	11/2	0.5	3/8	3/8	Chord	4/4	3	1	1/8		1/8	1	18												
2	2	6	6	0.25	1/2	1/2	Chord	4/4	3	1	1/16		1/16	1	19												
2	2	25/4	25/4	0.25	9/16	9/16	Chord	4/4	3	1	1/16		1/16	1	20												
2	2	13/2	13/2	0.5	5/8	5/8	Chord	4/4	3	1	1/8		1/8	1	21												
2	2	9/2	9/2	1.0	1/8	1/8	Chord	4/4	4	1	1/4		1/4	1	22								5				
2	2	11/2	11/2	0.5	3/8	3/8	Chord	4/4	4	1	1/8		1/8	1	23												
2	2	6	6	0.5	1/2	1/2	Chord	4/4	4	1	1/8		1/8	1	24												
2	2	13/2	13/2	0.0	5/8	5/8	Dynamic	4/4	4	1	0						f										
2	2	13/2	13/2	0.0	5/8	5/8	Spanner	4/4	4	1	0															0	
2	2	13/2	13/2	0.5	5/8	5/8	Chord	4/4	4	1	1/8		1/8	1	25											0	
2	2	7	7	0.25	3/4	3/4	Chord	4/4	4	1	1/16		1/16	1	26											0	
2	2	29/4	29/4	0.25	13/16	13/16	Chord	4/4	4	1	1/16		1/16	1	27											0	
2	2	15/2	15/2	0.25	7/8	7/8	Chord	4/4	4	1	1/16		1/16	1	28											0	
2	2	31/4	31/4	0.25	15/16	15/16	Chord	4/4	4	1	1/16		1/16	1	29											0	
2	2	4	4	0.5	0	0	Chord	4/4	4	2	1/8		1/8	1	30											0	
2	2	9/2	9/2	0.5	1/8	1/8	Chord	4/4	4	2	1/8		1/8	1	31								6			0	
2	2	5	5	0.5	1/4	1/4	Chord	4/4	4	2	1/8		1/8	1	32								6			0	
2	2	11/2	11/2	0.5	3/8	3/8	Chord	4/4	4	2	1/8		1/8	1	33											0	
3	3	8	8	0.5	0	0	Chord	4/4	3	1	1/8		1/8	1	34												
3	3	17/2	17/2	1.0	1/8	1/8	Chord	4/4	3	1	1/4		1/4	1	35								7				
3	3	19/2	19/2	0.5	3/8	3/8	Chord	4/4	3	1	1/8		1/8	1	36												
3	3	10	10	0.5	1/2	1/2	Chord	4/4	3	1	1/8		1/8	1	37												
3	3	21/2	21/2	1.0	5/8	5/8	Chord	4/4	3	1	1/4		1/4	1	38								8				
3	3	23/2	23/2	0.5	7/8	7/8	Chord	4/4	3	1	1/8		1/8	1	39												
3	3	10	10	0.5	1/2	1/2	Chord	4/4	3	2	1/8		1/8	1	40												
3	3	21/2	21/2	1.0	5/8	5/8	Chord	4/4	3	2	1/4		1/4	1	41								9				
3	3	23/2	23/2	0.5	7/8	7/8	Chord	4/4	3	2	1/8		1/8	1	42												
3	3	8	8	0.0	0	0	Dynamic	4/4	4	1	0						p										
3	3	8	8	0.0	0	0	Spanner	4/4	4	1	0																
3	3	8	8	1.0	0	0	Chord	4/4	4	1	1/4		1/4	1	43												
3	3	9	9	1.0	1/4	1/4	Chord	4/4	4	1	1/4		1/4	1	44												
3	3	10	10	1.0	1/2	1/2	Chord	4/4	4	1	1/4		1/4	1	45												
3	3	11	11	1.0	3/4	3/4	Chord	4/4	4	1	1/4		1/4	1	46												
4	4	12	12	0.25	0	0	Chord	4/4	3	1	1/16		1/16	1	47			ornamentTrill					10				
4	4	49/4	49/4	0.25	1/16	1/16	Chord	4/4	3	1	1/16		1/16	1	48								10				
4	4	25/2	25/2	0.5	1/8	1/8	Chord	4/4	3	1	1/8		1/8	1	49												
4	4	13	13	0.25	1/4	1/4	Chord	4/4	3	1	1/16		1/16	1	50			ornamentTrill					11				
4	4	53/4	53/4	0.25	5/16	5/16	Chord	4/4	3	1	1/16		1/16	1	51								11				
4	4	27/2	27/2	0.5	3/8	3/8	Chord	4/4	3	1	1/8		1/8	1	52												
4	4	14	14	0.25	1/2	1/2	Chord	4/4	3	1	1/16		1/16	1	53								12				
4	4	57/4	57/4	0.25	9/16	9/16	Chord	4/4	3	1	1/16		1/16	1	54								12				
4	4	29/2	29/2	0.5	5/8	5/8	Chord	4/4	3	1	1/8		1/8	1	55												
4	4	31/2	31/2	0.5	7/8	7/8	Chord	4/4	3	1	1/8		1/8	1	56												
4	4	12	12	1.0	0	0	Chord	4/4	3	2	1/4		1/4	1	57												
4	4	13	13	0.5	1/4	1/4	Chord	4/4	3	2	1/8		1/8	1	58												
4	4	27/2	27/2	0.5	3/8	3/8	Chord	4/4	3	2	1/8		1/8	1	59												
4	4	14	14	1.0	1/2	1/2	Chord	4/4	3	2	1/4		1/4	1	60												
4	4	25/2	25/2	1.0	1/8	1/8	Chord	4/4	4	1	1/4		1/4	1	61								13				
4	4	27/2	27/2	0.5	3/8	3/8	Chord	4/4	4	1	1/8		1/8	1	62												
4	4	14	14	1.0	1/2	1/2	Chord	4/4	4	1	1/4		1/4	1	63												
4	4	15	15	1.0	3/4	3/4	Chord	4/4	4	1	1/4		1/4	1	64												
4	4	12	12	0.5	0	0	Chord	4/4	4	2	1/8		1/8	1	65												
4	4	25/2	25/2	0.5	1/8	1/8	Chord	4/4	4	2	1/8		1/8	1	66								14				
4	4	13	13	0.5	1/4	1/4	Chord	4/4	4	2	1/8		1/8	1	67								14				
4	4	27/2	27/2	0.5	3/8	3/8	Chord	4/4	4	2	1/8		1/8	1	68												
4	4	14	14	0.0	1/2	1/2	Spanner	4/4	4	2	0																0
4	4	14	14	0.5	1/2	1/2	Chord	4/4	4	2	1/8		1/8	1	69								15				0
4	4	29/2	29/2	0.5	5/8	5/8	Chord	4/4	4	2	1/8		1/8	1	70								15				0
4	4	15	15	0.5	3/4	3/4	Chord	4/4	4	2	1/8		1/8	1	71								15				0
4	4	31/2	31/2	0.0	7/8	7/8	Dynamic	4/4	4	2	0						f										
4	4	31/2	31/2	0.0	7/8	7/8	Spanner	4/4	4	2	0																
4	4	31/2	31/2	0.5	7/8	7/8	Chord	4/4	4	2	1/8		1/8	1	72												
5	5	16	16	0.5	0	0	Chord	4/4	3	1	1/8		1/8	1	73												
5	5	33/2	33/2	1.0	1/8	1/8	Chord	4/4	3	1	1/4		1/4	1	74												
5	5	35/2	35/2	0.5	3/8	3/8	Chord	4/4	3	1	1/8		1/8	1	75												
5	5	18	18	0.5	1/2	1/2	Chord	4/4	3	1	1/8		1/8	1	76												
5	5	37/2	37/2	0.5	5/8	5/8	Chord	4/4	3	1	1/8		1/8	1	77												
5	5	39/2	39/2	0.5	7/8	7/8	Chord	4/4	3	1	1/8		1/8	1	78												
5	5	16	16	1.0	0	0	Chord	4/4	3	2	1/4		1/4	1	79												
5	5	17	17	1.0	1/4	1/4	Chord	4/4	3	2	1/4		1/4	1	80												
5	5	16	16	0.5	0	0	Chord	4/4	4	1	1/8		1/8	1	81												
5	5	33/2	33/2	0.5	1/8	1/8	Chord	4/4	4	1	1/8		1/8	1	82												
5	5	17	17	0.5	1/4	1/4	Chord	4/4	4	1	1/8		1/8	1	83												
5	5	35/2	35/2	0.5	3/8	3/8	Chord	4/4	4	1	1/8		1/8	1	84												
5	5	18	18	0.5	1/2	1/2	Chord	4/4	4	1	1/8		1/8	1	85												
5	5	37/2	37/2	0.5	5/8	5/8	Chord	4/4	4	1	1/8		1/8	1	86												
5	5	19	19	0.5	3/4	3/4	Chord	4/4	4	1	1/8		1/8	1	87												
5	5	39/2	39/2	0.0	7/8	7/8	Dynamic	4/4	4	1	0						pp										
5	5	39/2	39/2	0.5	7/8	7/8	Chord	4/4	4	1	1/8		1/8	1	88												
6	6	20	20	0.5	0	0	Chord	4/4	3	1	1/8		1/8	1	89												
6	6	41/2	41/2	1.0	1/8	1/8	Chord	4/4	3	1	1/4		1/4	1	90								16				
6	6	43/2	43/2	0.5	3/8	3/8	Chord	4/4	3	1	1/8		1/8	1	91												
6	6	22	22	0.5	1/2	1/2	Chord	4/4	3	1	1/8		1/8	1	92												
6	6	45/2	45/2	0.5	5/8	5/8	Chord	4/4	3	1	1/8		1/8	1	93												
6	6	23	23	0.5	3/4	3/4	Chord	4/4	3	1	1/8		1/8	1	94								17				
6	6	47/2	47/2	0.5	7/8	7/8	Chord	4/4	3	1	1/8		1/8	1	95												
6	6	20	20	1.0	0	0	Chord	4/4	3	2	1/4		1/4	1	96												
6	6	21	21	0.5	1/4	1/4	Chord	4/4	3	2	1/8		1/8	1	97												
6	6	43/2	43/2	0.5	3/8	3/8	Chord	4/4	3	2	1/8		1/8	1	98												
6	6	22	22	0.5	1/2	1/2	Chord	4/4	3	2	1/8		1/8	1	99												
6	6	45/2	45/2	0.5	5/8	5/8	Chord	4/4	3	2	1/8		1/8	1	100												
6	6	23	23	1.0	3/4	3/4	Chord	4/4	3	2	1/4		1/4	1	101												
6	6	20	20	0.5	0	0	Chord	4/4	4	1	1/8		1/8	1	102												
6	6	41/2	41/2	0.5	1/8	1/8	Chord	4/4	4	1	1/8		1/8	1	103												
6	6	21	21	0.5	1/4	1/4	Chord	4/4	4	1	1/8		1/8	1	104												
6	6	43/2	43/2	0.5	3/8	3/8	Chord	4/4	4	1	1/8		1/8	1	105												
6	6	22	22	1.0	1/2	1/2	Chord	4/4	4	1	1/4		1/4	1	106												
6	6	23	23	0.0	3/4	3/4	Dynamic	4/4	4	1	0						f										
6	6	23	23	0.5	3/4	3/4	Chord	4/4	4	1	1/8		1/8	1	107								18				
6	6	47/2	47/2	0.5	7/8	7/8	Chord	4/4	4	1	1/8		1/8	1	108												
7	7	24	24	0.5	0	0	Chord	4/4	3	1	1/8		1/8	1	109								19				
7	7	49/2	49/2	0.25	1/8	1/8	Chord	4/4	3	1	1/16		1/16	1	110								19				
7	7	99/4	99/4	0.25	3/16	3/16	Chord	4/4	3	1	1/16		1/16	1	111												
7	7	25	25	1.0	1/4	1/4	Chord	4/4	3	1	1/4		1/4	1	112												
7	7	26	26	1.0	1/2	1/2	Chord	4/4	3	1	1/4		1/4	1	113												
7	7	27	27	0.5	3/4	3/4	Chord	4/4	3	1	1/8		1/8	1	114												
7	7	55/2	55/2	0.5	7/8	7/8	Chord	4/4	3	1	1/8		1/8	1	115												
7	7	24	24	1.0	0	0	Chord	4/4	3	2	1/4		1/4	1	116												
7	7	25	25	0.5	1/4	1/4	Chord	4/4	3	2	1/8		1/8	1	117								20				
7	7	51/2	51/2	0.25	3/8	3/8	Chord	4/4	3	2	1/16		1/16	1	118								20				
7	7	103/4	103/4	0.25	7/16	7/16	Chord	4/4	3	2	1/16		1/16	1	119								20				
7	7	26	26	0.5	1/2	1/2	Chord	4/4	3	2	1/8		1/8	1	120												
7	7	53/2	53/2	0.5	5/8	5/8	Chord	4/4	3	2	1/8		1/8	1	121												
7	7	27	27	0.5	3/4	3/4	Chord	4/4	3	2	1/8		1/8	1	122												
7	7	55/2	55/2	0.5	7/8	7/8	Chord	4/4	3	2	1/8		1/8	1	123												
7	7	24	24	1.5	0	0	Chord	4/4	4	1	3/8		1/4	3/2	124								21				
7	7	51/2	51/2	0.5	3/8	3/8	Chord	4/4	4	1	1/8		1/8	1	125												
7	7	26	26	0.5	1/2	1/2	Chord	4/4	4	1	1/8		1/8	1	126												
7	7	53/2	53/2	0.5	5/8	5/8	Chord	4/4	4	1	1/8		1/8	1	127												
7	7	27	27	0.0	3/4	3/4	Dynamic	4/4	4	1	0						p										
7	7	27	27	0.5	3/4	3/4	Chord	4/4	4	1	1/8		1/8	1	128												
7	7	55/2	55/2	0.5	7/8	7/8	Chord	4/4	4	1	1/8		1/8	1	129												
7	7	24	24	0.5	0	0	Chord	4/4	4	2	1/8		1/8	1	130												
7	7	49/2	49/2	0.5	1/8	1/8	Chord	4/4	4	2	1/8		1/8	1	131												
7	7	25	25	0.5	1/4	1/4	Chord	4/4	4	2	1/8		1/8	1	132												
7	7	51/2	51/2	0.5	3/8	3/8	Chord	4/4	4	2	1/8		1/8	1	133												
8	8	29	29	1.0	1/4	1/4	Chord	4/4	3	1	1/4		1/4	1	134			ornamentTrill									
8	8	30	30	1.0	1/2	1/2	Chord	4/4	3	1	1/4		1/4	1	135												
8	8	31	31	0.5	3/4	3/4	Chord	4/4	3	1	1/8		1/8	1	136								22				
8	8	63/2	63/2	0.5	7/8	7/8	Chord	4/4	3	1	1/8		1/8	1	137								22				
8	8	28	28	0.5	0	0	Chord	4/4	3	2	1/8		1/8	1	138												
8	8	57/2	57/2	0.5	1/8	1/8	Chord	4/4	3	2	1/8		1/8	1	139												
8	8	29	29	0.5	1/4	1/4	Chord	4/4	3	2	1/8		1/8	1	140												
8	8	59/2	59/2	0.5	3/8	3/8	Chord	4/4	3	2	1/8		1/8	1	141												
8	8	30	30	1.0	1/2	1/2	Chord	4/4	3	2	1/4		1/4	1	142												
8	8	31	31	0.5	3/4	3/4	Chord	4/4	3	2	1/8		1/8	1	143												
8	8	63/2	63/2	0.5	7/8	7/8	Chord	4/4	3	2	1/8		1/8	1	144												
8	8	28	28	0.5	0	0	Chord	4/4	4	1	1/8		1/8	1	145												
8	8	57/2	57/2	0.5	1/8	1/8	Chord	4/4	4	1	1/8		1/8	1	146												
8	8	29	29	0.5	1/4	1/4	Chord	4/4	4	1	1/8		1/8	1	147												
8	8	59/2	59/2	0.5	3/8	3/8	Chord	4/4	4	1	1/8		1/8	1	148												
8	8	30	30	0.5	1/2	1/2	Chord	4/4	4	1	1/8		1/8	1	149												
8	8	61/2	61/2	0.0	5/8	5/8	Dynamic	4/4	4	1	0						pp										
8	8	61/2	61/2	0.5	5/8	5/8	Chord	4/4	4	1	1/8		1/8	1	150												
8	8	31	31	0.5	3/4	3/4	Chord	4/4	4	1	1/8		1/8	1	151												
8	8	63/2	63/2	0.5	7/8	7/8	Chord	4/4	4	1	1/8		1/8	1	152												
9	9	33	33	1.0	1/4	1/4	Chord	4/4	3	1	1/4		1/4	1	153			ornamentTrill									
9	9	34	34	0.5	1/2	1/2	Chord	4/4	3	1	1/8		1/8	1	154												
9	9	69/2	69/2	0.25	5/8	5/8	Chord	4/4	3	1	1/16		1/16	1	155												
9	9	139/4	139/4	0.25	11/16	11/16	Chord	4/4	3	1	1/16		1/16	1	156												
9	9	35	35	0.5	3/4	3/4	Chord	4/4	3	1	1/8		1/8	1	157												
9	9	71/2	71/2	0.5	7/8	7/8	Chord	4/4	3	1	1/8		1/8	1	158												
9	9	32	32	0.5	0	0	Chord	4/4	3	2	1/8		1/8	1	159												
9	9	65/2	65/2	0.5	1/8	1/8	Chord	4/4	3	2	1/8		1/8	1	160												
9	9	33	33	0.5	1/4	1/4	Chord	4/4	3	2	1/8		1/8	1	161												
9	9	67/2	67/2	0.5	3/8	3/8	Chord	4/4	3	2	1/8		1/8	1	162												
9	9	32	32	0.5	0	0	Chord	4/4	4	1	1/8		1/8	1	163								23				
9	9	65/2	65/2	0.5	1/8	1/8	Chord	4/4	4	1	1/8		1/8	1	164								23				
9	9	33	33	0.5	1/4	1/4	Chord	4/4	4	1	1/8		1/8	1	165								23				
9	9	67/2	67/2	0.5	3/8	3/8	Chord	4/4	4	1	1/8		1/8	1	166												
9	9	34	34	0.5	1/2	1/2	Chord	4/4	4	1	1/8		1/8	1	167												
9	9	69/2	69/2	0.0	5/8	5/8	Dynamic	4/4	4	1	0						other-dynamics										
9	9	69/2	69/2	0.5	5/8	5/8	Chord	4/4	4	1	1/8		1/8	1	168			articStaccatoAbove									
9	9	35	35	0.5	3/4	3/4	Chord	4/4	4	1	1/8		1/8	1	169			articStaccatoAbove									
9	9	71/2	71/2	0.5	7/8	7/8	Chord	4/4	4	1	1/8		1/8	1	170			articStaccatoAbove									
10	10	36	36	0.5	0	0	Chord	4/4	3	1	1/8		1/8	1	171												
10	10	73/2	73/2	0.25	1/8	1/8	Chord	4/4	3	1	1/16		1/16	1	172												
10	10	147/4	147/4	0.25	3/16	3/16	Chord	4/4	3	1	1/16		1/16	1	173												
10	10	37	37	0.5	1/4	1/4	Chord	4/4	3	1	1/8		1/8	1	174												
10	10	75/2	75/2	0.5	3/8	3/8	Chord	4/4	3	1	1/8		1/8	1	175												
10	10	38	38	0.5	1/2	1/2	Chord	4/4	3	1	1/8		1/8	1	176												
10	10	77/2	77/2	0.25	5/8	5/8	Chord	4/4	3	1	1/16		1/16	1	177												
10	10	155/4	155/4	0.25	11/16	11/16	Chord	4/4	3	1	1/16		1/16	1	178												
10	10	39	39	0.5	3/4	3/4	Chord	4/4	3	1	1/8		1/8	1	179												
10	10	79/2	79/2	0.5	7/8	7/8	Chord	4/4	3	1	1/8		1/8	1	180												
10	10	36	36	0.5	0	0	Chord	4/4	4	1	1/8		1/8	1	181												
10	10	73/2	73/2	0.5	1/8	1/8	Chord	4/4	4	1	1/8		1/8	1	182												
10	10	37	37	0.5	1/4	1/4	Chord	4/4	4	1	1/8		1/8	1	183												
10	10	75/2	75/2	0.5	3/8	3/8	Chord	4/4	4	1	1/8		1/8	1	184												
10	10	38	38	0.5	1/2	1/2	Chord	4/4	4	1	1/8		1/8	1	185												
10	10	77/2	77/2	0.5	5/8	5/8	Chord	4/4	4	1	1/8		1/8	1	186												
10	10	39	39	0.5	3/4	3/4	Chord	4/4	4	1	1/8		1/8	1	187												
10	10	79/2	79/2	0.5	7/8	7/8	Chord	4/4	4	1	1/8		1/8	1	188												
11	11	41	41	0.25	1/4	1/4	Chord	4/4	3	1	1/16		1/16	1	189								24				
11	11	165/4	165/4	0.25	5/16	5/16	Chord	4/4	3	1	1/16		1/16	1	190								24				
11	11	83/2	83/2	0.25	3/8	3/8	Chord	4/4	3	1	1/16		1/16	1	191								24				
11	11	167/4	167/4	0.25	7/16	7/16	Chord	4/4	3	1	1/16		1/16	1	192												
11	11	42	42	0.5	1/2	1/2	Chord	4/4	3	1	1/8		1/8	1	193												
11	11	85/2	85/2	0.25	5/8	5/8	Chord	4/4	3	1	1/16		1/16	1	194												
11	11	171/4	171/4	0.25	11/16	11/16	Chord	4/4	3	1	1/16		1/16	1	195												
11	11	43	43	0.5	3/4	3/4	Chord	4/4	3	1	1/8		1/8	1	196												
11	11	87/2	87/2	0.5	7/8	7/8	Chord	4/4	3	1	1/8		1/8	1	197												
11	11	40	40	0.5	0	0	Chord	4/4	3	2	1/8		1/8	1	198												
11	11	81/2	81/2	0.5	1/8	1/8	Chord	4/4	3	2	1/8		1/8	1	199												
11	11	41	41	0.5	1/4	1/4	Chord	4/4	3	2	1/8		1/8	1	200												
11	11	83/2	83/2	0.5	3/8	3/8	Chord	4/4	3	2	1/8		1/8	1	201												
11	11	41	41	1.0	1/4	1/4	Chord	4/4	4	1	1/4		1/4	1	202												
11	11	42	42	0.5	1/2	1/2	Chord	4/4	4	1	1/8		1/8	1	203												
11	11	85/2	85/2	0.0	5/8	5/8	Dynamic	4/4	4	1	0						p										
11	11	85/2	85/2	0.5	5/8	5/8	Chord	4/4	4	1	1/8		1/8	1	204			articStaccatoAbove									
11	11	43	43	0.5	3/4	3/4	Chord	4/4	4	1	1/8		1/8	1	205			articStaccatoAbove									
11	11	87/2	87/2	0.5	7/8	7/8	Chord	4/4	4	1	1/8		1/8	1	206			articStaccatoAbove									
11	11	40	40	0.5	0	0	Chord	4/4	4	2	1/8		1/8	1	207												
11	11	81/2	81/2	0.5	1/8	1/8	Chord	4/4	4	2	1/8		1/8	1	208												
11	11	41	41	0.5	1/4	1/4	Chord	4/4	4	2	1/8		1/8	1	209												
11	11	83/2	83/2	0.5	3/8	3/8	Chord	4/4	4	2	1/8		1/8	1	210												
12	12	44	44	0.5	0	0	Chord	4/4	3	1	1/8		1/8	1	211												
12	12	89/2	89/2	0.25	1/8	1/8	Chord	4/4	3	1	1/16		1/16	1	212												
12	12	179/4	179/4	0.25	3/16	3/16	Chord	4/4	3	1	1/16		1/16	1	213												
12	12	45	45	0.5	1/4	1/4	Chord	4/4	3	1	1/8		1/8	1	214												
12	12	91/2	91/2	0.5	3/8	3/8	Chord	4/4	3	1	1/8		1/8	1	215												
12	12	46	46	0.5	1/2	1/2	Chord	4/4	3	1	1/8		1/8	1	216												
12	12	93/2	93/2	0.25	5/8	5/8	Chord	4/4	3	1	1/16		1/16	1	217												
12	12	187/4	187/4	0.25	11/16	11/16	Chord	4/4	3	1	1/16		1/16	1	218												
12	12	47	47	0.5	3/4	3/4	Chord	4/4	3	1	1/8		1/8	1	219												
12	12	95/2	95/2	0.5	7/8	7/8	Chord	4/4	3	1	1/8		1/8	1	220												
12	12	44	44	0.5	0	0	Chord	4/4	4	1	1/8		1/8	1	221												
12	12	89/2	89/2	0.5	1/8	1/8	Chord	4/4	4	1	1/8		1/8	1	222												
12	12	45	45	0.5	1/4	1/4	Chord	4/4	4	1	1/8		1/8	1	223												
12	12	91/2	91/2	0.5	3/8	3/8	Chord	4/4	4	1	1/8		1/8	1	224												
12	12	46	46	0.5	1/2	1/2	Chord	4/4	4	1	1/8		1/8	1	225												
12	12	93/2	93/2	0.0	5/8	5/8	Spanner	4/4	4	1	0														0		
12	12	93/2	93/2	0.5	5/8	5/8	Chord	4/4	4	1	1/8		1/8	1	226										0		
12	12	47	47	0.5	3/4	3/4	Chord	4/4	4	1	1/8		1/8	1	227										0		
12	12	95/2	95/2	0.5	7/8	7/8	Chord	4/4	4	1	1/8		1/8	1	228										0		
13	13	48	48	0.0	0	0	Dynamic	4/4	1	1	0						mp										
13	13	48	48	0.5	0	0	Chord	4/4	3	1	1/8		1/8	1	229												
13	13	97/2	97/2	0.5	1/8	1/8	Chord	4/4	3	1	1/8		1/8	1	230												
13	13	49	49	0.25	1/4	1/4	Chord	4/4	3	1	1/16		1/16	1	231								25				
13	13	197/4	197/4	0.25	5/16	5/16	Chord	4/4	3	1	1/16		1/16	1	232								25				
13	13	99/2	99/2	0.25	3/8	3/8	Chord	4/4	3	1	1/16		1/16	1	233								25				
13	13	199/4	199/4	0.25	7/16	7/16	Chord	4/4	3	1	1/16		1/16	1	234												
13	13	50	50	0.5	1/2	1/2	Chord	4/4	3	1	1/8		1/8	1	235												
13	13	101/2	101/2	0.5	5/8	5/8	Chord	4/4	3	1	1/8		1/8	1	236												
13	13	51	51	1.0	3/4	3/4	Chord	4/4	3	1	1/4		1/4	1	237												
13	13	48	48	0.0	0	0	Dynamic	4/4	4	1	0						f										
13	13	48	48	0.0	0	0	Spanner	4/4	4	1	0																
13	13	48	48	0.5	0	0	Chord	4/4	4	1	1/8		1/8	1	238												
13	13	97/2	97/2	0.5	1/8	1/8	Chord	4/4	4	1	1/8		1/8	1	239												
13	13	49	49	0.5	1/4	1/4	Chord	4/4	4	1	1/8		1/8	1	240												
13	13	99/2	99/2	0.5	3/8	3/8	Chord	4/4	4	1	1/8		1/8	1	241												
13	13	50	50	1.0	1/2	1/2	Chord	4/4	4	1	1/4		1/4	1	242												
14	14	52	52	0.0	0	0	StaffText	4/4	1	1	0								espr.								
14	14	52	52	0.5	0	0	Chord	4/4	1	1	1/8		1/8	1	243	In-											
14	14	105/2	105/2	0.0	1/8	1/8	StaffText	4/4	1	1	0								Sopr. solo								
14	14	105/2	105/2	1.0	1/8	1/8	Chord	4/4	1	1	1/4		1/4	1	244	-flam-							26				
14	14	107/2	107/2	0.5	3/8	3/8	Chord	4/4	1	1	1/8		1/8	1	245												
14	14	54	54	0.5	1/2	1/2	Chord	4/4	1	1	1/8		1/8	1	246	-ma-											
14	14	109/2	109/2	1.0	5/8	5/8	Chord	4/4	1	1	1/4		1/4	1	247	-tus							27				
14	14	111/2	111/2	0.5	7/8	7/8	Chord	4/4	1	1	1/8		1/8	1	248												
14	14	52	52	0.5	0	0	Chord	4/4	3	1	1/8		1/8	1	249												
14	14	105/2	105/2	1.0	1/8	1/8	Chord	4/4	3	1	1/4		1/4	1	250								28				
14	14	107/2	107/2	0.5	3/8	3/8	Chord	4/4	3	1	1/8		1/8	1	251												
14	14	54	54	0.5	1/2	1/2	Chord	4/4	3	1	1/8		1/8	1	252												
14	14	109/2	109/2	1.0	5/8	5/8	Chord	4/4	3	1	1/4		1/4	1	253								29				
14	14	111/2	111/2	0.5	7/8	7/8	Chord	4/4	3	1	1/8		1/8	1	254												
14	14	54	54	0.5	1/2	1/2	Chord	4/4	3	2	1/8		1/8	1	255												
14	14	109/2	109/2	1.0	5/8	5/8	Chord	4/4	3	2	1/4		1/4	1	256												
14	14	111/2	111/2	0.5	7/8	7/8	Chord	4/4	3	2	1/8		1/8	1	257												
14	14	52	52	0.0	0	0	Dynamic	4/4	4	1	0						p										
14	14	52	52	1.0	0	0	Chord	4/4	4	1	1/4		1/4	1	258												
14	14	53	53	1.0	1/4	1/4	Chord	4/4	4	1	1/4		1/4	1	259												
14	14	54	54	1.0	1/2	1/2	Chord	4/4	4	1	1/4		1/4	1	260												
14	14	55	55	1.0	3/4	3/4	Chord	4/4	4	1	1/4		1/4	1	261												
15	15	56	56	1.0	0	0	Chord	4/4	1	1	1/4		1/4	1	262	et		ornamentTrill									
15	15	57	57	1.0	1/4	1/4	Chord	4/4	1	1	1/4		1/4	1	263	ac-		ornamentTrill									
15	15	58	58	0.25	1/2	1/2	Chord	4/4	1	1	1/16		1/16	1	264	-cen-							30				
15	15	233/4	233/4	0.25	9/16	9/16	Chord	4/4	1	1	1/16		1/16	1	265												
15	15	117/2	117/2	0.5	5/8	5/8	Chord	4/4	1	1	1/8		1/8	1	266	-sus											
15	15	56	56	1.0	0	0	Chord	4/4	3	1	1/4		1/4	1	267			ornamentTrill					31				
15	15	57	57	1.0	1/4	1/4	Chord	4/4	3	1	1/4		1/4	1	268			ornamentTrill									
15	15	58	58	0.25	1/2	1/2	Chord	4/4	3	1	1/16		1/16	1	269								32				
15	15	233/4	233/4	0.25	9/16	9/16	Chord	4/4	3	1	1/16		1/16	1	270								32				
15	15	117/2	117/2	0.25	5/8	5/8	Chord	4/4	3	1	1/16		1/16	1	271												
15	15	235/4	235/4	0.25	11/16	11/16	Chord	4/4	3	1	1/16		1/16	1	272												
15	15	59	59	0.25	3/4	3/4	Chord	4/4	3	1	1/16		1/16	1	273												
15	15	237/4	237/4	0.25	13/16	13/16	Chord	4/4	3	1	1/16		1/16	1	274												
15	15	119/2	119/2	0.25	7/8	7/8	Chord	4/4	3	1	1/16		1/16	1	275												
15	15	239/4	239/4	0.25	15/16	15/16	Chord	4/4	3	1	1/16		1/16	1	276												
15	15	56	56	1.0	0	0	Chord	4/4	3	2	1/4		1/4	1	277												
15	15	57	57	0.5	1/4	1/4	Chord	4/4	3	2	1/8		1/8	1	278												
15	15	115/2	115/2	0.5	3/8	3/8	Chord	4/4	3	2	1/8		1/8	1	279												
15	15	113/2	113/2	1.0	1/8	1/8	Chord	4/4	4	1	1/4		1/4	1	280								33				
15	15	115/2	115/2	0.5	3/8	3/8	Chord	4/4	4	1	1/8		1/8	1	281												
15	15	58	58	0.5	1/2	1/2	Chord	4/4	4	1	1/8		1/8	1	282												
15	15	117/2	117/2	0.0	5/8	5/8	Dynamic	4/4	4	1	0						f										
15	15	117/2	117/2	0.0	5/8	5/8	Spanner	4/4	4	1	0															1	
15	15	117/2	117/2	0.5	5/8	5/8	Chord	4/4	4	1	1/8		1/8	1	283											1	
15	15	59	59	0.25	3/4	3/4	Chord	4/4	4	1	1/16		1/16	1	284											1	
15	15	237/4	237/4	0.25	13/16	13/16	Chord	4/4	4	1	1/16		1/16	1	285											1	
15	15	119/2	119/2	0.25	7/8	7/8	Chord	4/4	4	1	1/16		1/16	1	286											1	
15	15	239/4	239/4	0.25	15/16	15/16	Chord	4/4	4	1	1/16		1/16	1	287											1	
15	15	56	56	0.5	0	0	Chord	4/4	4	2	1/8		1/8	1	288											1	
15	15	113/2	113/2	0.5	1/8	1/8	Chord	4/4	4	2	1/8		1/8	1	289								34			1	
15	15	57	57	0.5	1/4	1/4	Chord	4/4	4	2	1/8		1/8	1	290								34			1	
15	15	115/2	115/2	0.5	3/8	3/8	Chord	4/4	4	2	1/8		1/8	1	291											1	
16	16	60	60	0.0	0	0	Dynamic	4/4	1	1	0						p										
16	16	60	60	0.5	0	0	Chord	4/4	1	1	1/8		1/8	1	292	per											
16	16	121/2	121/2	1.0	1/8	1/8	Chord	4/4	1	1	1/4		1/4	1	293	te,							35				
16	16	123/2	123/2	0.5	3/8	3/8	Chord	4/4	1	1	1/8		1/8	1	294												
16	16	62	62	0.5	1/2	1/2	Chord	4/4	1	1	1/8		1/8	1	295	vir-											
16	16	125/2	125/2	1.0	5/8	5/8	Chord	4/4	1	1	1/4		1/4	1	296	-go,											
16	16	127/2	127/2	0.5	7/8	7/8	Chord	4/4	1	1	1/8		1/8	1	297												
16	16	60	60	0.0	0	0	Dynamic	4/4	3	1	0						p										
16	16	60	60	0.0	0	0	Chord	4/4	3	1	0	acciaccatura	1/8	1	298												
16	16	60	60	0.5	0	0	Chord	4/4	3	1	1/8		1/8	1	299												
16	16	121/2	121/2	1.0	1/8	1/8	Chord	4/4	3	1	1/4		1/4	1	300								36				
16	16	123/2	123/2	0.5	3/8	3/8	Chord	4/4	3	1	1/8		1/8	1	301												
16	16	62	62	0.5	1/2	1/2	Chord	4/4	3	1	1/8		1/8	1	302												
16	16	125/2	125/2	1.0	5/8	5/8	Chord	4/4	3	1	1/4		1/4	1	303								37				
16	16	127/2	127/2	0.5	7/8	7/8	Chord	4/4	3	1	1/8		1/8	1	304												
16	16	62	62	0.5	1/2	1/2	Chord	4/4	3	2	1/8		1/8	1	305												
16	16	125/2	125/2	1.0	5/8	5/8	Chord	4/4	3	2	1/4		1/4	1	306												
16	16	127/2	127/2	0.5	7/8	7/8	Chord	4/4	3	2	1/8		1/8	1	307												
16	16	60	60	0.0	0	0	Spanner	4/4	4	1	0																
16	16	60	60	1.0	0	0	Chord	4/4	4	1	1/4		1/4	1	308												
16	16	61	61	1.0	1/4	1/4	Chord	4/4	4	1	1/4		1/4	1	309												
16	16	62	62	1.0	1/2	1/2	Chord	4/4	4	1	1/4		1/4	1	310												
16	16	63	63	1.0	3/4	3/4	Chord	4/4	4	1	1/4		1/4	1	311												
17	17	64	64	1.0	0	0	Chord	4/4	1	1	1/4		1/4	1	312	sim		ornamentTrill									
17	17	65	65	1.0	1/4	1/4	Chord	4/4	1	1	1/4		1/4	1	313	de		ornamentTrill									
17	17	66	66	0.25	1/2	1/2	Chord	4/4	1	1	1/16		1/16	1	314	fen-							38				
17	17	265/4	265/4	0.25	9/16	9/16	Chord	4/4	1	1	1/16		1/16	1	315												
17	17	133/2	133/2	0.5	5/8	5/8	Chord	4/4	1	1	1/8		1/8	1	316	-sus											
17	17	135/2	135/2	0.5	7/8	7/8	Chord	4/4	1	1	1/8		1/8	1	317	in-											
17	17	64	64	1.0	0	0	Chord	4/4	3	1	1/4		1/4	1	318			ornamentTrill					39				
17	17	65	65	1.0	1/4	1/4	Chord	4/4	3	1	1/4		1/4	1	319			ornamentTrill									
17	17	66	66	0.25	1/2	1/2	Chord	4/4	3	1	1/16		1/16	1	320												
17	17	265/4	265/4	0.25	9/16	9/16	Chord	4/4	3	1	1/16		1/16	1	321												
17	17	133/2	133/2	0.5	5/8	5/8	Chord	4/4	3	1	1/8		1/8	1	322												
17	17	64	64	1.0	0	0	Chord	4/4	3	2	1/4		1/4	1	323												
17	17	65	65	0.5	1/4	1/4	Chord	4/4	3	2	1/8		1/8	1	324												
17	17	131/2	131/2	0.5	3/8	3/8	Chord	4/4	3	2	1/8		1/8	1	325												
17	17	66	66	0.5	1/2	1/2	Chord	4/4	3	2	1/8		1/8	1	326												
17	17	133/2	133/2	0.5	5/8	5/8	Chord	4/4	3	2	1/8		1/8	1	327												
17	17	67	67	1.0	3/4	3/4	Chord	4/4	3	2	1/4		1/4	1	328												
17	17	129/2	129/2	1.0	1/8	1/8	Chord	4/4	4	1	1/4		1/4	1	329												
17	17	131/2	131/2	0.5	3/8	3/8	Chord	4/4	4	1	1/8		1/8	1	330												
17	17	66	66	0.5	1/2	1/2	Chord	4/4	4	1	1/8		1/8	1	331												
17	17	133/2	133/2	0.25	5/8	5/8	Chord	4/4	4	1	1/16		1/16	1	332												
17	17	267/4	267/4	0.25	11/16	11/16	Chord	4/4	4	1	1/16		1/16	1	333												
17	17	67	67	0.5	3/4	3/4	Chord	4/4	4	1	1/8		1/8	1	334												
17	17	135/2	135/2	0.0	7/8	7/8	Dynamic	4/4	4	1	0						mf										
17	17	135/2	135/2	0.5	7/8	7/8	Chord	4/4	4	1	1/8		1/8	1	335												
17	17	64	64	0.5	0	0	Chord	4/4	4	2	1/8		1/8	1	336								40				
17	17	129/2	129/2	0.5	1/8	1/8	Chord	4/4	4	2	1/8		1/8	1	337								40				
17	17	65	65	0.5	1/4	1/4	Chord	4/4	4	2	1/8		1/8	1	338								40				
17	17	131/2	131/2	0.5	3/8	3/8	Chord	4/4	4	2	1/8		1/8	1	339												
17	17	66	66	0.5	1/2	1/2	Chord	4/4	4	2	1/8		1/8	1	340								41				
17	17	133/2	133/2	0.5	5/8	5/8	Chord	4/4	4	2	1/8		1/8	1	341								41				
17	17	67	67	0.5	3/4	3/4	Chord	4/4	4	2	1/8		1/8	1	342												
17	17	135/2	135/2	0.5	7/8	7/8	Chord	4/4	4	2	1/8		1/8	1	343												
18	18	68	68	1.0	0	0	Chord	4/4	1	1	1/4		1/4	1	344	-di-							42				
18	18	69	69	1.0	1/4	1/4	Chord	4/4	1	1	1/4		1/4	1	345			ornamentTrill									
18	18	70	70	1.0	1/2	1/2	Chord	4/4	1	1	1/4		1/4	1	346	-e											
18	18	143/2	143/2	0.5	7/8	7/8	Chord	4/4	1	1	1/8		1/8	1	347	ju-											
18	18	137/2	137/2	1.0	1/8	1/8	Chord	4/4	3	1	1/4		1/4	1	348								43				
18	18	139/2	139/2	0.5	3/8	3/8	Chord	4/4	3	1	1/8		1/8	1	349												
18	18	68	68	0.5	0	0	Chord	4/4	3	2	1/8		1/8	1	350								44				
18	18	137/2	137/2	0.5	1/8	1/8	Chord	4/4	3	2	1/8		1/8	1	351								44				
18	18	69	69	1.0	1/4	1/4	Chord	4/4	3	2	1/4		1/4	1	352								44				
18	18	70	70	0.5	1/2	1/2	Chord	4/4	3	2	1/8		1/8	1	353												
18	18	141/2	141/2	0.25	5/8	5/8	Chord	4/4	3	2	1/16		1/16	1	354												
18	18	283/4	283/4	0.25	11/16	11/16	Chord	4/4	3	2	1/16		1/16	1	355												
18	18	71	71	0.5	3/4	3/4	Chord	4/4	3	2	1/8		1/8	1	356												
18	18	143/2	143/2	0.5	7/8	7/8	Chord	4/4	3	2	1/8		1/8	1	357												
18	18	68	68	0.5	0	0	Chord	4/4	4	1	1/8		1/8	1	358												
18	18	137/2	137/2	0.5	1/8	1/8	Chord	4/4	4	1	1/8		1/8	1	359												
18	18	69	69	0.5	1/4	1/4	Chord	4/4	4	1	1/8		1/8	1	360												
18	18	139/2	139/2	0.5	3/8	3/8	Chord	4/4	4	1	1/8		1/8	1	361												
18	18	70	70	0.5	1/2	1/2	Chord	4/4	4	1	1/8		1/8	1	362												
18	18	141/2	141/2	0.5	5/8	5/8	Chord	4/4	4	1	1/8		1/8	1	363												
18	18	71	71	0.5	3/4	3/4	Chord	4/4	4	1	1/8		1/8	1	364												
18	18	143/2	143/2	0.5	7/8	7/8	Chord	4/4	4	1	1/8		1/8	1	365												
19	19	72	72	1.0	0	0	Chord	4/4	1	1	1/4		1/4	1	366	-di-											
19	19	73	73	1.0	1/4	1/4	Chord	4/4	1	1	1/4		1/4	1	367	-ci-		ornamentTrill									
19	19	74	74	1.0	1/2	1/2	Chord	4/4	1	1	1/4		1/4	1	368	-i.											
19	19	75	75	0.5	3/4	3/4	Chord	4/4	1	1	1/8		1/8	1	369	In-											
19	19	151/2	151/2	0.5	7/8	7/8	Chord	4/4	1	1	1/8		1/8	1	370	-flam-											
19	19	145/2	145/2	1.0	1/8	1/8	Chord	4/4	3	1	1/4		1/4	1	371			articAccentAbove					45				
19	19	147/2	147/2	0.5	3/8	3/8	Chord	4/4	3	1	1/8		1/8	1	372												
19	19	74	74	1.0	1/2	1/2	Chord	4/4	3	1	1/4		1/4	1	373												
19	19	75	75	0.5	3/4	3/4	Chord	4/4	3	1	1/8		1/8	1	374												
19	19	151/2	151/2	0.5	7/8	7/8	Chord	4/4	3	1	1/8		1/8	1	375												
19	19	72	72	0.5	0	0	Chord	4/4	3	2	1/8		1/8	1	376								46				
19	19	145/2	145/2	0.5	1/8	1/8	Chord	4/4	3	2	1/8		1/8	1	377								46				
19	19	73	73	1.0	1/4	1/4	Chord	4/4	3	2	1/4		1/4	1	378								46				
19	19	74	74	0.5	1/2	1/2	Chord	4/4	3	2	1/8		1/8	1	379												
19	19	149/2	149/2	0.5	5/8	5/8	Chord	4/4	3	2	1/8		1/8	1	380												
19	19	75	75	0.5	3/4	3/4	Chord	4/4	3	2	1/8		1/8	1	381												
19	19	151/2	151/2	0.25	7/8	7/8	Chord	4/4	3	2	1/16		1/16	1	382												
19	19	303/4	303/4	0.25	15/16	15/16	Chord	4/4	3	2	1/16		1/16	1	383												
19	19	72	72	0.5	0	0	Chord	4/4	4	1	1/8		1/8	1	384												
19	19	145/2	145/2	0.5	1/8	1/8	Chord	4/4	4	1	1/8		1/8	1	385												
19	19	73	73	0.5	1/4	1/4	Chord	4/4	4	1	1/8		1/8	1	386												
19	19	147/2	147/2	0.5	3/8	3/8	Chord	4/4	4	1	1/8		1/8	1	387												
19	19	74	74	0.5	1/2	1/2	Chord	4/4	4	1	1/8		1/8	1	388												
19	19	149/2	149/2	0.5	5/8	5/8	Chord	4/4	4	1	1/8		1/8	1	389												
19	19	75	75	0.0	3/4	3/4	Dynamic	4/4	4	1	0						p										
19	19	75	75	0.5	3/4	3/4	Chord	4/4	4	1	1/8		1/8	1	390												
19	19	151/2	151/2	0.5	7/8	7/8	Chord	4/4	4	1	1/8		1/8	1	391												
20	20	76	76	0.5	0	0	Chord	4/4	1	1	1/8		1/8	1	392	-ma-							47				
20	20	153/2	153/2	0.5	1/8	1/8	Chord	4/4	1	1	1/8		1/8	1	393								47				
20	20	77	77	1.0	1/4	1/4	Chord	4/4	1	1	1/4		1/4	1	394			ornamentTrill									
20	20	78	78	1.0	1/2	1/2	Chord	4/4	1	1	1/4		1/4	1	395	-tus											
20	20	79	79	0.5	3/4	3/4	Chord	4/4	1	1	1/8		1/8	1	396	et											
20	20	159/2	159/2	0.5	7/8	7/8	Chord	4/4	1	1	1/8		1/8	1	397	ac-											
20	20	76	76	0.5	0	0	Chord	4/4	3	1	1/8		1/8	1	398								48				
20	20	153/2	153/2	0.5	1/8	1/8	Chord	4/4	3	1	1/8		1/8	1	399												
20	20	77	77	1.0	1/4	1/4	Chord	4/4	3	1	1/4		1/4	1	400												
20	20	78	78	1.0	1/2	1/2	Chord	4/4	3	1	1/4		1/4	1	401												
20	20	79	79	0.5	3/4	3/4	Chord	4/4	3	1	1/8		1/8	1	402												
20	20	159/2	159/2	0.5	7/8	7/8	Chord	4/4	3	1	1/8		1/8	1	403												
20	20	76	76	0.5	0	0	Chord	4/4	3	2	1/8		1/8	1	404												
20	20	153/2	153/2	0.5	1/8	1/8	Chord	4/4	3	2	1/8		1/8	1	405												
20	20	77	77	0.5	1/4	1/4	Chord	4/4	3	2	1/8		1/8	1	406												
20	20	155/2	155/2	0.5	3/8	3/8	Chord	4/4	3	2	1/8		1/8	1	407												
20	20	78	78	1.5	1/2	1/2	Chord	4/4	3	2	3/8		1/4	3/2	408												
20	20	159/2	159/2	0.25	7/8	7/8	Chord	4/4	3	2	1/16		1/16	1	409												
20	20	319/4	319/4	0.25	15/16	15/16	Chord	4/4	3	2	1/16		1/16	1	410												
20	20	76	76	0.5	0	0	Chord	4/4	4	1	1/8		1/8	1	411												
20	20	153/2	153/2	0.5	1/8	1/8	Chord	4/4	4	1	1/8		1/8	1	412												
20	20	77	77	0.5	1/4	1/4	Chord	4/4	4	1	1/8		1/8	1	413												
20	20	155/2	155/2	0.5	3/8	3/8	Chord	4/4	4	1	1/8		1/8	1	414												
20	20	78	78	0.5	1/2	1/2	Chord	4/4	4	1	1/8		1/8	1	415												
20	20	157/2	157/2	0.5	5/8	5/8	Chord	4/4	4	1	1/8		1/8	1	416												
20	20	79	79	0.0	3/4	3/4	Dynamic	4/4	4	1	0						pp										
20	20	79	79	0.5	3/4	3/4	Chord	4/4	4	1	1/8		1/8	1	417												
20	20	159/2	159/2	0.5	7/8	7/8	Chord	4/4	4	1	1/8		1/8	1	418												
21	21	80	80	0.5	0	0	Chord	4/4	1	1	1/8		1/8	1	419	-cen-							49				
21	21	161/2	161/2	0.5	1/8	1/8	Chord	4/4	1	1	1/8		1/8	1	420								49				
21	21	81	81	1.0	1/4	1/4	Chord	4/4	1	1	1/4		1/4	1	421			ornamentTrill									
21	21	82	82	1.0	1/2	1/2	Chord	4/4	1	1	1/4		1/4	1	422	-sus											
21	21	83	83	0.5	3/4	3/4	Chord	4/4	1	1	1/8		1/8	1	423	per											
21	21	167/2	167/2	0.5	7/8	7/8	Chord	4/4	1	1	1/8		1/8	1	424	te,											
21	21	80	80	0.5	0	0	Chord	4/4	3	1	1/8		1/8	1	425								50				
21	21	161/2	161/2	0.5	1/8	1/8	Chord	4/4	3	1	1/8		1/8	1	426								50				
21	21	81	81	1.0	1/4	1/4	Chord	4/4	3	1	1/4		1/4	1	427								50				
21	21	82	82	1.0	1/2	1/2	Chord	4/4	3	1	1/4		1/4	1	428												
21	21	83	83	0.5	3/4	3/4	Chord	4/4	3	1	1/8		1/8	1	429								51				
21	21	167/2	167/2	0.5	7/8	7/8	Chord	4/4	3	1	1/8		1/8	1	430												
21	21	80	80	0.5	0	0	Chord	4/4	3	2	1/8		1/8	1	431												
21	21	161/2	161/2	0.5	1/8	1/8	Chord	4/4	3	2	1/8		1/8	1	432												
21	21	81	81	0.5	1/4	1/4	Chord	4/4	3	2	1/8		1/8	1	433												
21	21	163/2	163/2	0.5	3/8	3/8	Chord	4/4	3	2	1/8		1/8	1	434												
21	21	82	82	1.5	1/2	1/2	Chord	4/4	3	2	3/8		1/4	3/2	435												
21	21	167/2	167/2	0.25	7/8	7/8	Chord	4/4	3	2	1/16		1/16	1	436												
21	21	335/4	335/4	0.25	15/16	15/16	Chord	4/4	3	2	1/16		1/16	1	437												
21	21	80	80	0.5	0	0	Chord	4/4	4	1	1/8		1/8	1	438												
21	21	161/2	161/2	0.5	1/8	1/8	Chord	4/4	4	1	1/8		1/8	1	439												
21	21	81	81	0.5	1/4	1/4	Chord	4/4	4	1	1/8		1/8	1	440												
21	21	163/2	163/2	0.5	3/8	3/8	Chord	4/4	4	1	1/8		1/8	1	441												
21	21	82	82	0.5	1/2	1/2	Chord	4/4	4	1	1/8		1/8	1	442												
21	21	165/2	165/2	0.5	5/8	5/8	Chord	4/4	4	1	1/8		1/8	1	443												
21	21	83	83	0.0	3/4	3/4	Dynamic	4/4	4	1	0						mf										
21	21	83	83	0.5	3/4	3/4	Chord	4/4	4	1	1/8		1/8	1	444												
21	21	167/2	167/2	0.5	7/8	7/8	Chord	4/4	4	1	1/8		1/8	1	445												
22	22	84	84	0.5	0	0	Chord	4/4	1	1	1/8		1/8	1	446	vir-							52				
22	22	169/2	169/2	0.5	1/8	1/8	Chord	4/4	1	1	1/8		1/8	1	447								52				
22	22	85	85	1.0	1/4	1/4	Chord	4/4	1	1	1/4		1/4	1	448			ornamentTrill									
22	22	86	86	1.0	1/2	1/2	Chord	4/4	1	1	1/4		1/4	1	449	-go,											
22	22	87	87	0.5	3/4	3/4	Chord	4/4	1	1	1/8		1/8	1	450	sim											
22	22	175/2	175/2	0.5	7/8	7/8	Chord	4/4	1	1	1/8		1/8	1	451	de-											
22	22	84	84	0.5	0	0	Chord	4/4	3	1	1/8		1/8	1	452												
22	22	169/2	169/2	0.5	1/8	1/8	Chord	4/4	3	1	1/8		1/8	1	453												
22	22	85	85	1.0	1/4	1/4	Chord	4/4	3	1	1/4		1/4	1	454												
22	22	86	86	1.0	1/2	1/2	Chord	4/4	3	1	1/4		1/4	1	455												
22	22	87	87	0.5	3/4	3/4	Chord	4/4	3	1	1/8		1/8	1	456								53				
22	22	175/2	175/2	0.5	7/8	7/8	Chord	4/4	3	1	1/8		1/8	1	457												
22	22	84	84	0.5	0	0	Chord	4/4	3	2	1/8		1/8	1	458												
22	22	169/2	169/2	0.5	1/8	1/8	Chord	4/4	3	2	1/8		1/8	1	459												
22	22	85	85	0.5	1/4	1/4	Chord	4/4	3	2	1/8		1/8	1	460												
22	22	171/2	171/2	0.5	3/8	3/8	Chord	4/4	3	2	1/8		1/8	1	461												
22	22	86	86	1.5	1/2	1/2	Chord	4/4	3	2	3/8		1/4	3/2	462												
22	22	175/2	175/2	0.25	7/8	7/8	Chord	4/4	3	2	1/16		1/16	1	463												
22	22	351/4	351/4	0.25	15/16	15/16	Chord	4/4	3	2	1/16		1/16	1	464												
22	22	84	84	0.5	0	0	Chord	4/4	4	1	1/8		1/8	1	465												
22	22	169/2	169/2	0.5	1/8	1/8	Chord	4/4	4	1	1/8		1/8	1	466												
22	22	85	85	0.5	1/4	1/4	Chord	4/4	4	1	1/8		1/8	1	467												
22	22	171/2	171/2	0.5	3/8	3/8	Chord	4/4	4	1	1/8		1/8	1	468												
22	22	86	86	0.5	1/2	1/2	Chord	4/4	4	1	1/8		1/8	1	469												
22	22	173/2	173/2	0.5	5/8	5/8	Chord	4/4	4	1	1/8		1/8	1	470												
22	22	87	87	0.0	3/4	3/4	Dynamic	4/4	4	1	0						p										
22	22	87	87	0.5	3/4	3/4	Chord	4/4	4	1	1/8		1/8	1	471												
22	22	175/2	175/2	0.5	7/8	7/8	Chord	4/4	4	1	1/8		1/8	1	472												
23	23	88	88	0.5	0	0	Chord	4/4	1	1	1/8		1/8	1	473	-fen-							54				
23	23	177/2	177/2	0.5	1/8	1/8	Chord	4/4	1	1	1/8		1/8	1	474								54				
23	23	89	89	1.0	1/4	1/4	Chord	4/4	1	1	1/4		1/4	1	475			ornamentTrill									
23	23	90	90	1.0	1/2	1/2	Chord	4/4	1	1	1/4		1/4	1	476	-sus											
23	23	183/2	183/2	0.5	7/8	7/8	Chord	4/4	1	1	1/8		1/8	1	477	in-											
23	23	88	88	0.5	0	0	Chord	4/4	3	1	1/8		1/8	1	478								55				
23	23	177/2	177/2	0.5	1/8	1/8	Chord	4/4	3	1	1/8		1/8	1	479								55				
23	23	89	89	1.0	1/4	1/4	Chord	4/4	3	1	1/4		1/4	1	480								55				
23	23	90	90	1.0	1/2	1/2	Chord	4/4	3	1	1/4		1/4	1	481												
23	23	183/2	183/2	0.5	7/8	7/8	Chord	4/4	3	1	1/8		1/8	1	482												
23	23	88	88	0.5	0	0	Chord	4/4	3	2	1/8		1/8	1	483												
23	23	177/2	177/2	0.5	1/8	1/8	Chord	4/4	3	2	1/8		1/8	1	484												
23	23	89	89	0.5	1/4	1/4	Chord	4/4	3	2	1/8		1/8	1	485												
23	23	179/2	179/2	0.5	3/8	3/8	Chord	4/4	3	2	1/8		1/8	1	486												
23	23	90	90	1.0	1/2	1/2	Chord	4/4	3	2	1/4		1/4	1	487												
23	23	90	90	2.0	1/2	1/2	Chord	4/4	4	1	1/2		1/2	1	488												
23	23	88	88	0.5	0	0	Chord	4/4	4	2	1/8		1/8	1	489												
23	23	177/2	177/2	0.5	1/8	1/8	Chord	4/4	4	2	1/8		1/8	1	490												
23	23	89	89	0.5	1/4	1/4	Chord	4/4	4	2	1/8		1/8	1	491												
23	23	179/2	179/2	0.5	3/8	3/8	Chord	4/4	4	2	1/8		1/8	1	492												
23	23	90	90	0.5	1/2	1/2	Chord	4/4	4	2	1/8		1/8	1	493												
23	23	181/2	181/2	0.5	5/8	5/8	Chord	4/4	4	2	1/8		1/8	1	494												
23	23	91	91	1.0	3/4	3/4	Chord	4/4	4	2	1/4		1/4	1	495												
24	24	92	92	4.0	0	0	Chord	4/4	1	1	1		1	1	496	-di-		ornamentTrill									
24	24	92	92	0.5	0	0	Chord	4/4	3	1	1/8		1/8	1	497												
24	24	185/2	185/2	0.25	1/8	1/8	Chord	4/4	3	1	1/16		1/16	1	498												
24	24	371/4	371/4	0.25	3/16	3/16	Chord	4/4	3	1	1/16		1/16	1	499												
24	24	93	93	0.5	1/4	1/4	Chord	4/4	3	1	1/8		1/8	1	500												
24	24	187/2	187/2	0.5	3/8	3/8	Chord	4/4	3	1	1/8		1/8	1	501												
24	24	94	94	0.5	1/2	1/2	Chord	4/4	3	1	1/8		1/8	1	502												
24	24	189/2	189/2	0.25	5/8	5/8	Chord	4/4	3	1	1/16		1/16	1	503												
24	24	379/4	379/4	0.25	11/16	11/16	Chord	4/4	3	1	1/16		1/16	1	504												
24	24	95	95	0.5	3/4	3/4	Chord	4/4	3	1	1/8		1/8	1	505												
24	24	191/2	191/2	0.5	7/8	7/8	Chord	4/4	3	1	1/8		1/8	1	506												
24	24	92	92	0.0	0	0	Dynamic	4/4	4	1	0						pp										
24	24	92	92	0.5	0	0	Chord	4/4	4	1	1/8		1/8	1	507												
24	24	185/2	185/2	0.5	1/8	1/8	Chord	4/4	4	1	1/8		1/8	1	508												
24	24	93	93	0.5	1/4	1/4	Chord	4/4	4	1	1/8		1/8	1	509												
24	24	187/2	187/2	0.5	3/8	3/8	Chord	4/4	4	1	1/8		1/8	1	510												
24	24	94	94	0.5	1/2	1/2	Chord	4/4	4	1	1/8		1/8	1	511												
24	24	189/2	189/2	0.5	5/8	5/8	Chord	4/4	4	1	1/8		1/8	1	512												
24	24	95	95	0.5	3/4	3/4	Chord	4/4	4	1	1/8		1/8	1	513												
24	24	191/2	191/2	0.5	7/8	7/8	Chord	4/4	4	1	1/8		1/8	1	514												
25	25	96	96	0.0	0	0	Spanner	4/4	1	1	0																1
25	25	96	96	2.0	0	0	Chord	4/4	1	1	1/2		1/2	1	515												1
25	25	98	98	0.0	1/2	1/2	Spanner	4/4	1	1	0																
25	25	98	98	0.5	1/2	1/2	Chord	4/4	1	1	1/8		1/8	1	516												
25	25	197/2	197/2	0.25	5/8	5/8	Chord	4/4	1	1	1/16		1/16	1	517												
25	25	395/4	395/4	0.25	11/16	11/16	Chord	4/4	1	1	1/16		1/16	1	518												
25	25	99	99	0.25	3/4	3/4	Chord	4/4	1	1	1/16		1/16	1	519	-e											
25	25	397/4	397/4	0.25	13/16	13/16	Chord	4/4	1	1	1/16		1/16	1	520												
25	25	199/2	199/2	0.25	7/8	7/8	Chord	4/4	1	1	1/16		1/16	1	521	ju-											
25	25	399/4	399/4	0.25	15/16	15/16	Chord	4/4	1	1	1/16		1/16	1	522												
25	25	96	96	0.0	0	0	Spanner	4/4	3	1	0																2
25	25	96	96	0.5	0	0	Chord	4/4	3	1	1/8		1/8	1	523												2
25	25	193/2	193/2	0.25	1/8	1/8	Chord	4/4	3	1	1/16		1/16	1	524												2
25	25	387/4	387/4	0.25	3/16	3/16	Chord	4/4	3	1	1/16		1/16	1	525												2
25	25	97	97	0.5	1/4	1/4	Chord	4/4	3	1	1/8		1/8	1	526												2
25	25	195/2	195/2	0.5	3/8	3/8	Chord	4/4	3	1	1/8		1/8	1	527												2
25	25	98	98	0.0	1/2	1/2	Spanner	4/4	3	1	0																
25	25	98	98	0.5	1/2	1/2	Chord	4/4	3	1	1/8		1/8	1	528								56				
25	25	197/2	197/2	0.25	5/8	5/8	Chord	4/4	3	1	1/16		1/16	1	529								56				
25	25	395/4	395/4	0.25	11/16	11/16	Chord	4/4	3	1	1/16		1/16	1	530								56				
25	25	99	99	0.25	3/4	3/4	Chord	4/4	3	1	1/16		1/16	1	531								56				
25	25	397/4	397/4	0.25	13/16	13/16	Chord	4/4	3	1	1/16		1/16	1	532								56				
25	25	199/2	199/2	0.25	7/8	7/8	Chord	4/4	3	1	1/16		1/16	1	533								56				
25	25	399/4	399/4	0.25	15/16	15/16	Chord	4/4	3	1	1/16		1/16	1	534												
25	25	98	98	1.0	1/2	1/2	Chord	4/4	3	2	1/4		1/4	1	535												
25	25	99	99	1.0	3/4	3/4	Chord	4/4	3	2	1/4		1/4	1	536												
25	25	96	96	0.5	0	0	Chord	4/4	4	1	1/8		1/8	1	537												
25	25	193/2	193/2	0.5	1/8	1/8	Chord	4/4	4	1	1/8		1/8	1	538												
25	25	97	97	0.5	1/4	1/4	Chord	4/4	4	1	1/8		1/8	1	539												
25	25	195/2	195/2	0.5	3/8	3/8	Chord	4/4	4	1	1/8		1/8	1	540												
25	25	98	98	0.5	1/2	1/2	Chord	4/4	4	1	1/8		1/8	1	541												
25	25	197/2	197/2	0.5	5/8	5/8	Chord	4/4	4	1	1/8		1/8	1	542												
25	25	99	99	0.5	3/4	3/4	Chord	4/4	4	1	1/8		1/8	1	543												
25	25	199/2	199/2	0.5	7/8	7/8	Chord	4/4	4	1	1/8		1/8	1	544												
26	26	100	100	0.0	0	0	Spanner	4/4	1	1	0															2	
26	26	100	100	1.0	0	0	Chord	4/4	1	1	1/4		1/4	1	545	-di-										2	
26	26	101	101	1.0	1/4	1/4	Chord	4/4	1	1	1/4		1/4	1	546	-ci-		ornamentTrill								2	
26	26	102	102	0.0	1/2	1/2	Dynamic	4/4	1	1	0						p										
26	26	102	102	0.0	1/2	1/2	Spanner	4/4	1	1	0																
26	26	102	102	1.0	1/2	1/2	Chord	4/4	1	1	1/4		1/4	1	547	-i.											
26	26	100	100	1.0	0	0	Chord	4/4	3	1	1/4		1/4	1	548												
26	26	101	101	1.0	1/4	1/4	Chord	4/4	3	1	1/4		1/4	1	549			ornamentTrill									
26	26	102	102	0.5	1/2	1/2	Chord	4/4	3	1	1/8		1/8	1	550												
26	26	205/2	205/2	0.25	5/8	5/8	Chord	4/4	3	1	1/16		1/16	1	551												
26	26	411/4	411/4	0.25	11/16	11/16	Chord	4/4	3	1	1/16		1/16	1	552												
26	26	103	103	0.5	3/4	3/4	Chord	4/4	3	1	1/8		1/8	1	553												
26	26	207/2	207/2	0.5	7/8	7/8	Chord	4/4	3	1	1/8		1/8	1	554												
26	26	100	100	2.0	0	0	Chord	4/4	3	2	1/2		1/2	1	555												
26	26	100	100	0.0	0	0	Spanner	4/4	4	1	0															3	
26	26	100	100	0.5	0	0	Chord	4/4	4	1	1/8		1/8	1	556											3	
26	26	201/2	201/2	0.5	1/8	1/8	Chord	4/4	4	1	1/8		1/8	1	557											3	
26	26	101	101	0.5	1/4	1/4	Chord	4/4	4	1	1/8		1/8	1	558											3	
26	26	203/2	203/2	0.0	3/8	3/8	Spanner	4/4	4	1	0																
26	26	203/2	203/2	0.5	3/8	3/8	Chord	4/4	4	1	1/8		1/8	1	559												
26	26	102	102	0.5	1/2	1/2	Chord	4/4	4	1	1/8		1/8	1	560												
26	26	205/2	205/2	0.0	5/8	5/8	Dynamic	4/4	4	1	0						f										
26	26	205/2	205/2	0.5	5/8	5/8	Chord	4/4	4	1	1/8		1/8	1	561												
26	26	103	103	0.5	3/4	3/4	Chord	4/4	4	1	1/8		1/8	1	562												
26	26	207/2	207/2	0.5	7/8	7/8	Chord	4/4	4	1	1/8		1/8	1	563												
27	27	104	104	0.5	0	0	Chord	4/4	3	1	1/8		1/8	1	564												
27	27	209/2	209/2	0.25	1/8	1/8	Chord	4/4	3	1	1/16		1/16	1	565												
27	27	419/4	419/4	0.25	3/16	3/16	Chord	4/4	3	1	1/16		1/16	1	566												
27	27	105	105	0.5	1/4	1/4	Chord	4/4	3	1	1/8		1/8	1	567												
27	27	211/2	211/2	0.5	3/8	3/8	Chord	4/4	3	1	1/8		1/8	1	568												
27	27	106	106	0.5	1/2	1/2	Chord	4/4	3	1	1/8		1/8	1	569												
27	27	213/2	213/2	0.25	5/8	5/8	Chord	4/4	3	1	1/16		1/16	1	570												
27	27	427/4	427/4	0.25	11/16	11/16	Chord	4/4	3	1	1/16		1/16	1	571												
27	27	107	107	0.5	3/4	3/4	Chord	4/4	3	1	1/8		1/8	1	572												
27	27	215/2	215/2	0.5	7/8	7/8	Chord	4/4	3	1	1/8		1/8	1	573												
27	27	104	104	0.5	0	0	Chord	4/4	4	1	1/8		1/8	1	574												
27	27	209/2	209/2	0.5	1/8	1/8	Chord	4/4	4	1	1/8		1/8	1	575												
27	27	105	105	0.5	1/4	1/4	Chord	4/4	4	1	1/8		1/8	1	576												
27	27	211/2	211/2	0.5	3/8	3/8	Chord	4/4	4	1	1/8		1/8	1	577												
27	27	106	106	0.5	1/2	1/2	Chord	4/4	4	1	1/8		1/8	1	578												
27	27	213/2	213/2	0.5	5/8	5/8	Chord	4/4	4	1	1/8		1/8	1	579												
27	27	107	107	0.5	3/4	3/4	Chord	4/4	4	1	1/8		1/8	1	580												
27	27	215/2	215/2	0.5	7/8	7/8	Chord	4/4	4	1	1/8		1/8	1	581												
28	28	108	108	0.5	0	0	Chord	4/4	3	1	1/8		1/8	1	582												
28	28	217/2	217/2	0.25	1/8	1/8	Chord	4/4	3	1	1/16		1/16	1	583												
28	28	435/4	435/4	0.25	3/16	3/16	Chord	4/4	3	1	1/16		1/16	1	584												
28	28	109	109	0.5	1/4	1/4	Chord	4/4	3	1	1/8		1/8	1	585												
28	28	219/2	219/2	0.5	3/8	3/8	Chord	4/4	3	1	1/8		1/8	1	586												
28	28	110	110	0.5	1/2	1/2	Chord	4/4	3	1	1/8		1/8	1	587												
28	28	221/2	221/2	0.25	5/8	5/8	Chord	4/4	3	1	1/16		1/16	1	588												
28	28	443/4	443/4	0.25	11/16	11/16	Chord	4/4	3	1	1/16		1/16	1	589												
28	28	111	111	0.5	3/4	3/4	Chord	4/4	3	1	1/8		1/8	1	590												
28	28	223/2	223/2	0.5	7/8	7/8	Chord	4/4	3	1	1/8		1/8	1	591												
28	28	108	108	0.5	0	0	Chord	4/4	4	1	1/8		1/8	1	592												
28	28	217/2	217/2	0.5	1/8	1/8	Chord	4/4	4	1	1/8		1/8	1	593												
28	28	109	109	0.5	1/4	1/4	Chord	4/4	4	1	1/8		1/8	1	594												
28	28	219/2	219/2	0.5	3/8	3/8	Chord	4/4	4	1	1/8		1/8	1	595												
28	28	110	110	0.5	1/2	1/2	Chord	4/4	4	1	1/8		1/8	1	596												
28	28	221/2	221/2	0.5	5/8	5/8	Chord	4/4	4	1	1/8		1/8	1	597												
28	28	111	111	0.5	3/4	3/4	Chord	4/4	4	1	1/8		1/8	1	598												
28	28	223/2	223/2	0.5	7/8	7/8	Chord	4/4	4	1	1/8		1/8	1	599												
29	29	112	112	0.0	0	0	Dynamic	4/4	1	1	0						mp										
29	29	112	112	0.0	0	0	Dynamic	4/4	2	1	0						mp										
29	29	112	112	0.5	0	0	Chord	4/4	3	1	1/8		1/8	1	600												
29	29	225/2	225/2	0.5	1/8	1/8	Chord	4/4	3	1	1/8		1/8	1	601												
29	29	113	113	0.5	1/4	1/4	Chord	4/4	3	1	1/8		1/8	1	602								57				
29	29	227/2	227/2	0.5	3/8	3/8	Chord	4/4	3	1	1/8		1/8	1	603												
29	29	114	114	0.5	1/2	1/2	Chord	4/4	3	1	1/8		1/8	1	604												
29	29	229/2	229/2	0.5	5/8	5/8	Chord	4/4	3	1	1/8		1/8	1	605												
29	29	115	115	1.0	3/4	3/4	Chord	4/4	3	1	1/4		1/4	1	606												
29	29	112	112	0.5	0	0	Chord	4/4	4	1	1/8		1/8	1	607												
29	29	225/2	225/2	0.5	1/8	1/8	Chord	4/4	4	1	1/8		1/8	1	608												
29	29	113	113	0.5	1/4	1/4	Chord	4/4	4	1	1/8		1/8	1	609												
29	29	227/2	227/2	0.5	3/8	3/8	Chord	4/4	4	1	1/8		1/8	1	610												
29	29	114	114	1.0	1/2	1/2	Chord	4/4	4	1	1/4		1/4	1	611												
29	29	113	113	1.0	1/4	1/4	Chord	4/4	4	2	1/4		1/4	1	612												
30	30	116	116	0.0	0	0	StaffText	4/4	2	1	0								Alto solo								
30	30	116	116	0.5	0	0	Chord	4/4	2	1	1/8		1/8	1	613	Fac											
30	30	233/2	233/2	1.0	1/8	1/8	Chord	4/4	2	1	1/4		1/4	1	614	me											
30	30	235/2	235/2	0.5	3/8	3/8	Chord	4/4	2	1	1/8		1/8	1	615												
30	30	118	118	0.5	1/2	1/2	Chord	4/4	2	1	1/8		1/8	1	616	cru-											
30	30	237/2	237/2	1.0	5/8	5/8	Chord	4/4	2	1	1/4		1/4	1	617	-ce											
30	30	239/2	239/2	0.5	7/8	7/8	Chord	4/4	2	1	1/8		1/8	1	618												
30	30	116	116	0.5	0	0	Chord	4/4	3	1	1/8		1/8	1	619												
30	30	233/2	233/2	1.0	1/8	1/8	Chord	4/4	3	1	1/4		1/4	1	620								58				
30	30	235/2	235/2	0.5	3/8	3/8	Chord	4/4	3	1	1/8		1/8	1	621												
30	30	118	118	0.5	1/2	1/2	Chord	4/4	3	1	1/8		1/8	1	622												
30	30	237/2	237/2	1.0	5/8	5/8	Chord	4/4	3	1	1/4		1/4	1	623								59				
30	30	239/2	239/2	0.5	7/8	7/8	Chord	4/4	3	1	1/8		1/8	1	624												
30	30	118	118	0.5	1/2	1/2	Chord	4/4	3	2	1/8		1/8	1	625												
30	30	237/2	237/2	1.0	5/8	5/8	Chord	4/4	3	2	1/4		1/4	1	626								60				
30	30	239/2	239/2	0.5	7/8	7/8	Chord	4/4	3	2	1/8		1/8	1	627												
30	30	116	116	0.0	0	0	Dynamic	4/4	4	1	0						p										
30	30	116	116	1.0	0	0	Chord	4/4	4	1	1/4		1/4	1	628												
30	30	117	117	1.0	1/4	1/4	Chord	4/4	4	1	1/4		1/4	1	629												
30	30	118	118	1.0	1/2	1/2	Chord	4/4	4	1	1/4		1/4	1	630												
30	30	119	119	1.0	3/4	3/4	Chord	4/4	4	1	1/4		1/4	1	631												
31	31	120	120	1.0	0	0	Chord	4/4	2	1	1/4		1/4	1	632	cu-		ornamentTrill									
31	31	121	121	1.0	1/4	1/4	Chord	4/4	2	1	1/4		1/4	1	633	-sto-		ornamentTrill									
31	31	122	122	0.25	1/2	1/2	Chord	4/4	2	1	1/16		1/16	1	634	-di-											
31	31	489/4	489/4	0.25	9/16	9/16	Chord	4/4	2	1	1/16		1/16	1	635												
31	31	245/2	245/2	0.5	5/8	5/8	Chord	4/4	2	1	1/8		1/8	1	636	-ri											
31	31	120	120	1.0	0	0	Chord	4/4	3	1	1/4		1/4	1	637			ornamentTrill									
31	31	121	121	0.0	1/4	1/4	Spanner	4/4	3	1	0																3
31	31	121	121	1.0	1/4	1/4	Chord	4/4	3	1	1/4		1/4	1	638			ornamentTrill									3
31	31	122	122	0.0	1/2	1/2	Spanner	4/4	3	1	0																
31	31	122	122	0.25	1/2	1/2	Chord	4/4	3	1	1/16		1/16	1	639												
31	31	489/4	489/4	0.25	9/16	9/16	Chord	4/4	3	1	1/16		1/16	1	640												
31	31	245/2	245/2	0.0	5/8	5/8	Dynamic	4/4	3	1	0						f										
31	31	245/2	245/2	0.25	5/8	5/8	Chord	4/4	3	1	1/16		1/16	1	641												
31	31	491/4	491/4	0.0	11/16	11/16	Spanner	4/4	3	1	0															4	
31	31	491/4	491/4	0.25	11/16	11/16	Chord	4/4	3	1	1/16		1/16	1	642											4	
31	31	123	123	0.25	3/4	3/4	Chord	4/4	3	1	1/16		1/16	1	643											4	
31	31	493/4	493/4	0.25	13/16	13/16	Chord	4/4	3	1	1/16		1/16	1	644											4	
31	31	247/2	247/2	0.25	7/8	7/8	Chord	4/4	3	1	1/16		1/16	1	645											4	
31	31	495/4	495/4	0.0	15/16	15/16	Spanner	4/4	3	1	0																
31	31	495/4	495/4	0.25	15/16	15/16	Chord	4/4	3	1	1/16		1/16	1	646												
31	31	120	120	1.0	0	0	Chord	4/4	3	2	1/4		1/4	1	647												
31	31	121	121	0.5	1/4	1/4	Chord	4/4	3	2	1/8		1/8	1	648												
31	31	243/2	243/2	0.5	3/8	3/8	Chord	4/4	3	2	1/8		1/8	1	649												
31	31	241/2	241/2	1.0	1/8	1/8	Chord	4/4	4	1	1/4		1/4	1	650								61				
31	31	243/2	243/2	0.5	3/8	3/8	Chord	4/4	4	1	1/8		1/8	1	651												
31	31	122	122	0.5	1/2	1/2	Chord	4/4	4	1	1/8		1/8	1	652												
31	31	245/2	245/2	0.5	5/8	5/8	Chord	4/4	4	1	1/8		1/8	1	653												
31	31	123	123	0.25	3/4	3/4	Chord	4/4	4	1	1/16		1/16	1	654												
31	31	493/4	493/4	0.25	13/16	13/16	Chord	4/4	4	1	1/16		1/16	1	655												
31	31	247/2	247/2	0.25	7/8	7/8	Chord	4/4	4	1	1/16		1/16	1	656												
31	31	495/4	495/4	0.25	15/16	15/16	Chord	4/4	4	1	1/16		1/16	1	657												
31	31	120	120	0.5	0	0	Chord	4/4	4	2	1/8		1/8	1	658												
31	31	241/2	241/2	0.5	1/8	1/8	Chord	4/4	4	2	1/8		1/8	1	659								62				
31	31	121	121	0.5	1/4	1/4	Chord	4/4	4	2	1/8		1/8	1	660								62				
31	31	243/2	243/2	0.5	3/8	3/8	Chord	4/4	4	2	1/8		1/8	1	661												
32	32	124	124	0.0	0	0	StaffText	4/4	1	1	0								Sopr. I								
32	32	124	124	0.5	0	0	Chord	4/4	1	1	1/8		1/8	1	662	Mor-											
32	32	249/2	249/2	1.0	1/8	1/8	Chord	4/4	1	1	1/4		1/4	1	663	-te							63				
32	32	251/2	251/2	0.5	3/8	3/8	Chord	4/4	1	1	1/8		1/8	1	664												
32	32	126	126	0.5	1/2	1/2	Chord	4/4	1	1	1/8		1/8	1	665	Chri-											
32	32	253/2	253/2	1.0	5/8	5/8	Chord	4/4	1	1	1/4		1/4	1	666	-sti							64				
32	32	255/2	255/2	0.5	7/8	7/8	Chord	4/4	1	1	1/8		1/8	1	667												
32	32	124	124	0.0	0	0	Dynamic	4/4	3	1	0						p										
32	32	124	124	0.5	0	0	Chord	4/4	3	1	1/8		1/8	1	668												
32	32	249/2	249/2	1.0	1/8	1/8	Chord	4/4	3	1	1/4		1/4	1	669								65				
32	32	251/2	251/2	0.5	3/8	3/8	Chord	4/4	3	1	1/8		1/8	1	670												
32	32	126	126	0.5	1/2	1/2	Chord	4/4	3	1	1/8		1/8	1	671												
32	32	253/2	253/2	1.0	5/8	5/8	Chord	4/4	3	1	1/4		1/4	1	672												
32	32	255/2	255/2	0.5	7/8	7/8	Chord	4/4	3	1	1/8		1/8	1	673												
32	32	126	126	0.5	1/2	1/2	Chord	4/4	3	2	1/8		1/8	1	674												
32	32	253/2	253/2	1.0	5/8	5/8	Chord	4/4	3	2	1/4		1/4	1	675								66				
32	32	255/2	255/2	0.5	7/8	7/8	Chord	4/4	3	2	1/8		1/8	1	676												
32	32	124	124	1.0	0	0	Chord	4/4	4	1	1/4		1/4	1	677												
32	32	125	125	1.0	1/4	1/4	Chord	4/4	4	1	1/4		1/4	1	678												
32	32	126	126	1.0	1/2	1/2	Chord	4/4	4	1	1/4		1/4	1	679												
32	32	127	127	1.0	3/4	3/4	Chord	4/4	4	1	1/4		1/4	1	680												
32	32	124	124	1.0	0	0	Chord	4/4	4	2	1/4		1/4	1	681												
33	33	128	128	1.0	0	0	Chord	4/4	1	1	1/4		1/4	1	682	prae-		ornamentTrill									
33	33	129	129	1.0	1/4	1/4	Chord	4/4	1	1	1/4		1/4	1	683	-mu-		ornamentTrill									
33	33	130	130	0.25	1/2	1/2	Chord	4/4	1	1	1/16		1/16	1	684	-ni-											
33	33	521/4	521/4	0.25	9/16	9/16	Chord	4/4	1	1	1/16		1/16	1	685												
33	33	261/2	261/2	0.5	5/8	5/8	Chord	4/4	1	1	1/8		1/8	1	686	-ri											
33	33	128	128	1.0	0	0	Chord	4/4	3	1	1/4		1/4	1	687			ornamentTrill					67				
33	33	129	129	1.0	1/4	1/4	Chord	4/4	3	1	1/4		1/4	1	688			ornamentTrill									
33	33	130	130	0.25	1/2	1/2	Chord	4/4	3	1	1/16		1/16	1	689												
33	33	521/4	521/4	0.25	9/16	9/16	Chord	4/4	3	1	1/16		1/16	1	690												
33	33	261/2	261/2	0.5	5/8	5/8	Chord	4/4	3	1	1/8		1/8	1	691												
33	33	128	128	1.0	0	0	Chord	4/4	3	2	1/4		1/4	1	692								68				
33	33	129	129	0.5	1/4	1/4	Chord	4/4	3	2	1/8		1/8	1	693								68				
33	33	259/2	259/2	0.5	3/8	3/8	Chord	4/4	3	2	1/8		1/8	1	694												
33	33	130	130	0.5	1/2	1/2	Chord	4/4	3	2	1/8		1/8	1	695												
33	33	261/2	261/2	0.5	5/8	5/8	Chord	4/4	3	2	1/8		1/8	1	696												
33	33	131	131	0.5	3/4	3/4	Chord	4/4	3	2	1/8		1/8	1	697												
33	33	263/2	263/2	0.5	7/8	7/8	Chord	4/4	3	2	1/8		1/8	1	698												
33	33	257/2	257/2	1.0	1/8	1/8	Chord	4/4	4	1	1/4		1/4	1	699								69				
33	33	259/2	259/2	0.5	3/8	3/8	Chord	4/4	4	1	1/8		1/8	1	700												
33	33	130	130	0.5	1/2	1/2	Chord	4/4	4	1	1/8		1/8	1	701												
33	33	261/2	261/2	0.25	5/8	5/8	Chord	4/4	4	1	1/16		1/16	1	702												
33	33	523/4	523/4	0.25	11/16	11/16	Chord	4/4	4	1	1/16		1/16	1	703												
33	33	131	131	0.5	3/4	3/4	Chord	4/4	4	1	1/8		1/8	1	704												
33	33	263/2	263/2	0.5	7/8	7/8	Chord	4/4	4	1	1/8		1/8	1	705												
33	33	128	128	0.5	0	0	Chord	4/4	4	2	1/8		1/8	1	706												
33	33	257/2	257/2	0.5	1/8	1/8	Chord	4/4	4	2	1/8		1/8	1	707												
33	33	129	129	0.5	1/4	1/4	Chord	4/4	4	2	1/8		1/8	1	708												
33	33	259/2	259/2	0.5	3/8	3/8	Chord	4/4	4	2	1/8		1/8	1	709												
33	33	130	130	0.5	1/2	1/2	Chord	4/4	4	2	1/8		1/8	1	710								70				
33	33	261/2	261/2	0.5	5/8	5/8	Chord	4/4	4	2	1/8		1/8	1	711								70				
33	33	131	131	0.5	3/4	3/4	Chord	4/4	4	2	1/8		1/8	1	712												
33	33	263/2	263/2	0.5	7/8	7/8	Chord	4/4	4	2	1/8		1/8	1	713												
34	34	132	132	0.5	0	0	Chord	4/4	1	1	1/8		1/8	1	714	con-											
34	34	265/2	265/2	0.5	1/8	1/8	Chord	4/4	1	1	1/8		1/8	1	715	-fo-											
34	34	133	133	1.0	1/4	1/4	Chord	4/4	1	1	1/4		1/4	1	716	-ve-											
34	34	134	134	1.0	1/2	1/2	Chord	4/4	1	1	1/4		1/4	1	717	-ri,											
34	34	132	132	0.5	0	0	Chord	4/4	2	1	1/8		1/8	1	718	con-											
34	34	265/2	265/2	0.5	1/8	1/8	Chord	4/4	2	1	1/8		1/8	1	719	-fo-											
34	34	133	133	1.0	1/4	1/4	Chord	4/4	2	1	1/4		1/4	1	720	-ve-											
34	34	134	134	1.0	1/2	1/2	Chord	4/4	2	1	1/4		1/4	1	721	-ri,											
34	34	132	132	0.5	0	0	Chord	4/4	3	1	1/8		1/8	1	722												
34	34	265/2	265/2	0.5	1/8	1/8	Chord	4/4	3	1	1/8		1/8	1	723												
34	34	133	133	1.0	1/4	1/4	Chord	4/4	3	1	1/4		1/4	1	724			ornamentTrill									
34	34	134	134	0.5	1/2	1/2	Chord	4/4	3	1	1/8		1/8	1	725												
34	34	269/2	269/2	0.25	5/8	5/8	Chord	4/4	3	1	1/16		1/16	1	726												
34	34	539/4	539/4	0.25	11/16	11/16	Chord	4/4	3	1	1/16		1/16	1	727												
34	34	135	135	0.5	3/4	3/4	Chord	4/4	3	1	1/8		1/8	1	728												
34	34	271/2	271/2	0.5	7/8	7/8	Chord	4/4	3	1	1/8		1/8	1	729												
34	34	132	132	0.0	0	0	Spanner	4/4	4	1	0																4
34	34	132	132	0.5	0	0	Chord	4/4	4	1	1/8		1/8	1	730												4
34	34	265/2	265/2	0.5	1/8	1/8	Chord	4/4	4	1	1/8		1/8	1	731												4
34	34	133	133	0.5	1/4	1/4	Chord	4/4	4	1	1/8		1/8	1	732												4
34	34	267/2	267/2	0.5	3/8	3/8	Chord	4/4	4	1	1/8		1/8	1	733												4
34	34	134	134	0.0	1/2	1/2	Spanner	4/4	4	1	0																
34	34	134	134	0.5	1/2	1/2	Chord	4/4	4	1	1/8		1/8	1	734												
34	34	269/2	269/2	0.0	5/8	5/8	Spanner	4/4	4	1	0															5	
34	34	269/2	269/2	0.5	5/8	5/8	Chord	4/4	4	1	1/8		1/8	1	735											5	
34	34	135	135	0.5	3/4	3/4	Chord	4/4	4	1	1/8		1/8	1	736											5	
34	34	271/2	271/2	0.5	7/8	7/8	Chord	4/4	4	1	1/8		1/8	1	737											5	
35	35	136	136	0.5	0	0	Chord	4/4	1	1	1/8		1/8	1	738	con-											
35	35	273/2	273/2	0.5	1/8	1/8	Chord	4/4	1	1	1/8		1/8	1	739	-fo-											
35	35	137	137	1.0	1/4	1/4	Chord	4/4	1	1	1/4		1/4	1	740	-ve-											
35	35	138	138	1.0	1/2	1/2	Chord	4/4	1	1	1/4		1/4	1	741	-ri,											
35	35	136	136	0.5	0	0	Chord	4/4	2	1	1/8		1/8	1	742	con-											
35	35	273/2	273/2	0.5	1/8	1/8	Chord	4/4	2	1	1/8		1/8	1	743	-fo-											
35	35	137	137	1.0	1/4	1/4	Chord	4/4	2	1	1/4		1/4	1	744	-ve-											
35	35	138	138	1.0	1/2	1/2	Chord	4/4	2	1	1/4		1/4	1	745	-ri,											
35	35	136	136	0.5	0	0	Chord	4/4	3	1	1/8		1/8	1	746												
35	35	273/2	273/2	0.5	1/8	1/8	Chord	4/4	3	1	1/8		1/8	1	747												
35	35	137	137	1.0	1/4	1/4	Chord	4/4	3	1	1/4		1/4	1	748			ornamentTrill									
35	35	138	138	0.5	1/2	1/2	Chord	4/4	3	1	1/8		1/8	1	749												
35	35	277/2	277/2	0.25	5/8	5/8	Chord	4/4	3	1	1/16		1/16	1	750												
35	35	555/4	555/4	0.25	11/16	11/16	Chord	4/4	3	1	1/16		1/16	1	751												
35	35	139	139	0.5	3/4	3/4	Chord	4/4	3	1	1/8		1/8	1	752												
35	35	279/2	279/2	0.5	7/8	7/8	Chord	4/4	3	1	1/8		1/8	1	753												
35	35	136	136	0.0	0	0	Spanner	4/4	4	1	0																
35	35	136	136	0.0	0	0	Spanner	4/4	4	1	0																5
35	35	136	136	0.5	0	0	Chord	4/4	4	1	1/8		1/8	1	754												5
35	35	273/2	273/2	0.5	1/8	1/8	Chord	4/4	4	1	1/8		1/8	1	755												5
35	35	137	137	0.5	1/4	1/4	Chord	4/4	4	1	1/8		1/8	1	756												5
35	35	275/2	275/2	0.5	3/8	3/8	Chord	4/4	4	1	1/8		1/8	1	757												5
35	35	138	138	0.0	1/2	1/2	Spanner	4/4	4	1	0																
35	35	138	138	0.5	1/2	1/2	Chord	4/4	4	1	1/8		1/8	1	758												
35	35	277/2	277/2	0.5	5/8	5/8	Chord	4/4	4	1	1/8		1/8	1	759												
35	35	139	139	0.0	3/4	3/4	Spanner	4/4	4	1	0															6	
35	35	139	139	0.5	3/4	3/4	Chord	4/4	4	1	1/8		1/8	1	760											6	
35	35	279/2	279/2	0.5	7/8	7/8	Chord	4/4	4	1	1/8		1/8	1	761											6	
36	36	140	140	1.0	0	0	Chord	4/4	2	1	1/4		1/4	1	762	con-											
36	36	141	141	1.0	1/4	1/4	Chord	4/4	2	1	1/4		1/4	1	763	-fo-											
36	36	142	142	2.0	1/2	1/2	Chord	4/4	2	1	1/2		1/2	1	764	-ve-											
36	36	143	143	0.25	3/4	3/4	Chord	4/4	3	1	1/16		1/16	1	765								71				
36	36	573/4	573/4	0.25	13/16	13/16	Chord	4/4	3	1	1/16		1/16	1	766								71				
36	36	287/2	287/2	0.25	7/8	7/8	Chord	4/4	3	1	1/16		1/16	1	767								71				
36	36	575/4	575/4	0.25	15/16	15/16	Chord	4/4	3	1	1/16		1/16	1	768												
36	36	140	140	1.0	0	0	Chord	4/4	3	2	1/4		1/4	1	769												
36	36	142	142	2.0	1/2	1/2	Chord	4/4	3	2	1/2		1/2	1	770												
36	36	140	140	0.0	0	0	Spanner	4/4	4	1	0																
36	36	140	140	1.0	0	0	Chord	4/4	4	1	1/4		1/4	1	771												
36	36	142	142	0.0	1/2	1/2	Spanner	4/4	4	1	0																6
36	36	142	142	0.5	1/2	1/2	Chord	4/4	4	1	1/8		1/8	1	772								72				6
36	36	285/2	285/2	0.5	5/8	5/8	Chord	4/4	4	1	1/8		1/8	1	773								72				6
36	36	143	143	0.0	3/4	3/4	Dynamic	4/4	4	1	0						mf										
36	36	143	143	0.0	3/4	3/4	Spanner	4/4	4	1	0																
36	36	143	143	0.5	3/4	3/4	Chord	4/4	4	1	1/8		1/8	1	774												
36	36	287/2	287/2	0.5	7/8	7/8	Chord	4/4	4	1	1/8		1/8	1	775												
37	37	144	144	0.5	0	0	Chord	4/4	1	1	1/8		1/8	1	776	Fac											
37	37	289/2	289/2	0.5	1/8	1/8	Chord	4/4	1	1	1/8		1/8	1	777	me											
37	37	145	145	1.0	1/4	1/4	Chord	4/4	1	1	1/4		1/4	1	778	cru-		ornamentTrill									
37	37	146	146	1.0	1/2	1/2	Chord	4/4	1	1	1/4		1/4	1	779	-ce											
37	37	144	144	4.0	0	0	Chord	4/4	2	1	1		1	1	780												
37	37	144	144	0.5	0	0	Chord	4/4	3	1	1/8		1/8	1	781												
37	37	289/2	289/2	0.5	1/8	1/8	Chord	4/4	3	1	1/8		1/8	1	782												
37	37	145	145	1.0	1/4	1/4	Chord	4/4	3	1	1/4		1/4	1	783			articAccentAbove									
37	37	146	146	1.0	1/2	1/2	Chord	4/4	3	1	1/4		1/4	1	784												
37	37	147	147	0.25	3/4	3/4	Chord	4/4	3	1	1/16		1/16	1	785								73				
37	37	589/4	589/4	0.25	13/16	13/16	Chord	4/4	3	1	1/16		1/16	1	786								73				
37	37	295/2	295/2	0.25	7/8	7/8	Chord	4/4	3	1	1/16		1/16	1	787								73				
37	37	591/4	591/4	0.25	15/16	15/16	Chord	4/4	3	1	1/16		1/16	1	788												
37	37	144	144	2.0	0	0	Chord	4/4	3	2	1/2		1/2	1	789												
37	37	146	146	2.0	1/2	1/2	Chord	4/4	3	2	1/2		1/2	1	790												
37	37	144	144	0.5	0	0	Chord	4/4	4	1	1/8		1/8	1	791												
37	37	289/2	289/2	0.5	1/8	1/8	Chord	4/4	4	1	1/8		1/8	1	792												
37	37	145	145	0.5	1/4	1/4	Chord	4/4	4	1	1/8		1/8	1	793												
37	37	291/2	291/2	0.5	3/8	3/8	Chord	4/4	4	1	1/8		1/8	1	794												
37	37	146	146	0.5	1/2	1/2	Chord	4/4	4	1	1/8		1/8	1	795												
37	37	293/2	293/2	0.5	5/8	5/8	Chord	4/4	4	1	1/8		1/8	1	796												
37	37	147	147	0.0	3/4	3/4	Dynamic	4/4	4	1	0						p										
37	37	147	147	0.5	3/4	3/4	Chord	4/4	4	1	1/8		1/8	1	797												
37	37	295/2	295/2	0.5	7/8	7/8	Chord	4/4	4	1	1/8		1/8	1	798												
38	38	148	148	0.5	0	0	Chord	4/4	1	1	1/8		1/8	1	799	cu-											
38	38	297/2	297/2	0.5	1/8	1/8	Chord	4/4	1	1	1/8		1/8	1	800	-sto-											
38	38	149	149	1.0	1/4	1/4	Chord	4/4	1	1	1/4		1/4	1	801	-di-		ornamentTrill									
38	38	150	150	1.0	1/2	1/2	Chord	4/4	1	1	1/4		1/4	1	802	-ri											
38	38	148	148	4.0	0	0	Chord	4/4	2	1	1		1	1	803												
38	38	148	148	0.5	0	0	Chord	4/4	3	1	1/8		1/8	1	804												
38	38	297/2	297/2	0.5	1/8	1/8	Chord	4/4	3	1	1/8		1/8	1	805												
38	38	149	149	1.0	1/4	1/4	Chord	4/4	3	1	1/4		1/4	1	806			articAccentAbove									
38	38	150	150	1.0	1/2	1/2	Chord	4/4	3	1	1/4		1/4	1	807												
38	38	151	151	0.25	3/4	3/4	Chord	4/4	3	1	1/16		1/16	1	808								74				
38	38	605/4	605/4	0.25	13/16	13/16	Chord	4/4	3	1	1/16		1/16	1	809								74				
38	38	303/2	303/2	0.25	7/8	7/8	Chord	4/4	3	1	1/16		1/16	1	810								74				
38	38	607/4	607/4	0.25	15/16	15/16	Chord	4/4	3	1	1/16		1/16	1	811												
38	38	148	148	2.0	0	0	Chord	4/4	3	2	1/2		1/2	1	812												
38	38	150	150	2.0	1/2	1/2	Chord	4/4	3	2	1/2		1/2	1	813												
38	38	148	148	0.5	0	0	Chord	4/4	4	1	1/8		1/8	1	814												
38	38	297/2	297/2	0.5	1/8	1/8	Chord	4/4	4	1	1/8		1/8	1	815												
38	38	149	149	0.5	1/4	1/4	Chord	4/4	4	1	1/8		1/8	1	816												
38	38	299/2	299/2	0.5	3/8	3/8	Chord	4/4	4	1	1/8		1/8	1	817												
38	38	150	150	0.5	1/2	1/2	Chord	4/4	4	1	1/8		1/8	1	818												
38	38	301/2	301/2	0.5	5/8	5/8	Chord	4/4	4	1	1/8		1/8	1	819												
38	38	151	151	0.0	3/4	3/4	Dynamic	4/4	4	1	0						mf										
38	38	151	151	0.5	3/4	3/4	Chord	4/4	4	1	1/8		1/8	1	820												
38	38	303/2	303/2	0.5	7/8	7/8	Chord	4/4	4	1	1/8		1/8	1	821												
39	39	152	152	0.5	0	0	Chord	4/4	1	1	1/8		1/8	1	822	mor-											
39	39	305/2	305/2	0.5	1/8	1/8	Chord	4/4	1	1	1/8		1/8	1	823	-te											
39	39	153	153	1.0	1/4	1/4	Chord	4/4	1	1	1/4		1/4	1	824	Chri-											
39	39	154	154	2.0	1/2	1/2	Chord	4/4	1	1	1/2		1/2	1	825	-sti											
39	39	152	152	4.0	0	0	Chord	4/4	2	1	1		1	1	826												
39	39	152	152	0.5	0	0	Chord	4/4	3	1	1/8		1/8	1	827												
39	39	305/2	305/2	0.5	1/8	1/8	Chord	4/4	3	1	1/8		1/8	1	828												
39	39	153	153	1.0	1/4	1/4	Chord	4/4	3	1	1/4		1/4	1	829			articAccentAbove									
39	39	154	154	1.0	1/2	1/2	Chord	4/4	3	1	1/4		1/4	1	830												
39	39	155	155	0.25	3/4	3/4	Chord	4/4	3	1	1/16		1/16	1	831								75				
39	39	621/4	621/4	0.25	13/16	13/16	Chord	4/4	3	1	1/16		1/16	1	832								75				
39	39	311/2	311/2	0.25	7/8	7/8	Chord	4/4	3	1	1/16		1/16	1	833								75				
39	39	623/4	623/4	0.25	15/16	15/16	Chord	4/4	3	1	1/16		1/16	1	834												
39	39	152	152	2.0	0	0	Chord	4/4	3	2	1/2		1/2	1	835												
39	39	154	154	2.0	1/2	1/2	Chord	4/4	3	2	1/2		1/2	1	836												
39	39	152	152	0.5	0	0	Chord	4/4	4	1	1/8		1/8	1	837												
39	39	305/2	305/2	0.5	1/8	1/8	Chord	4/4	4	1	1/8		1/8	1	838												
39	39	153	153	0.5	1/4	1/4	Chord	4/4	4	1	1/8		1/8	1	839												
39	39	307/2	307/2	0.5	3/8	3/8	Chord	4/4	4	1	1/8		1/8	1	840												
39	39	154	154	0.5	1/2	1/2	Chord	4/4	4	1	1/8		1/8	1	841												
39	39	309/2	309/2	0.5	5/8	5/8	Chord	4/4	4	1	1/8		1/8	1	842												
39	39	155	155	0.0	3/4	3/4	Dynamic	4/4	4	1	0						p										
39	39	155	155	0.5	3/4	3/4	Chord	4/4	4	1	1/8		1/8	1	843												
39	39	311/2	311/2	0.5	7/8	7/8	Chord	4/4	4	1	1/8		1/8	1	844												
40	40	156	156	0.5	0	0	Chord	4/4	1	1	1/8		1/8	1	845	prae-											
40	40	313/2	313/2	0.5	1/8	1/8	Chord	4/4	1	1	1/8		1/8	1	846	-mu-											
40	40	157	157	1.0	1/4	1/4	Chord	4/4	1	1	1/4		1/4	1	847	-ni-		ornamentTrill									
40	40	158	158	1.0	1/2	1/2	Chord	4/4	1	1	1/4		1/4	1	848	-ri											
40	40	156	156	2.0	0	0	Chord	4/4	2	1	1/2		1/2	1	849												
40	40	158	158	1.0	1/2	1/2	Chord	4/4	2	1	1/4		1/4	1	850	-ri											
40	40	156	156	0.5	0	0	Chord	4/4	3	1	1/8		1/8	1	851												
40	40	313/2	313/2	0.5	1/8	1/8	Chord	4/4	3	1	1/8		1/8	1	852												
40	40	157	157	1.0	1/4	1/4	Chord	4/4	3	1	1/4		1/4	1	853			articAccentAbove									
40	40	158	158	0.5	1/2	1/2	Chord	4/4	3	1	1/8		1/8	1	854												
40	40	317/2	317/2	0.25	5/8	5/8	Chord	4/4	3	1	1/16		1/16	1	855												
40	40	635/4	635/4	0.25	11/16	11/16	Chord	4/4	3	1	1/16		1/16	1	856												
40	40	159	159	0.5	3/4	3/4	Chord	4/4	3	1	1/8		1/8	1	857												
40	40	319/2	319/2	0.5	7/8	7/8	Chord	4/4	3	1	1/8		1/8	1	858												
40	40	156	156	2.0	0	0	Chord	4/4	3	2	1/2		1/2	1	859												
40	40	156	156	0.5	0	0	Chord	4/4	4	1	1/8		1/8	1	860												
40	40	313/2	313/2	0.5	1/8	1/8	Chord	4/4	4	1	1/8		1/8	1	861												
40	40	157	157	0.5	1/4	1/4	Chord	4/4	4	1	1/8		1/8	1	862												
40	40	315/2	315/2	0.0	3/8	3/8	Spanner	4/4	4	1	0																7
40	40	315/2	315/2	0.5	3/8	3/8	Chord	4/4	4	1	1/8		1/8	1	863												7
40	40	158	158	0.5	1/2	1/2	Chord	4/4	4	1	1/8		1/8	1	864												7
40	40	317/2	317/2	0.0	5/8	5/8	Spanner	4/4	4	1	0																
40	40	317/2	317/2	0.0	5/8	5/8	Spanner	4/4	4	1	0															7	
40	40	317/2	317/2	0.5	5/8	5/8	Chord	4/4	4	1	1/8		1/8	1	865											7	
40	40	159	159	0.5	3/4	3/4	Chord	4/4	4	1	1/8		1/8	1	866											7	
40	40	319/2	319/2	0.5	7/8	7/8	Chord	4/4	4	1	1/8		1/8	1	867											7	
41	41	160	160	0.0	0	0	StaffText	4/4	1	1	0								dol.								
41	41	160	160	0.0	0	0	Dynamic	4/4	1	1	0						p										
41	41	160	160	2.0	0	0	Chord	4/4	1	1	1/2		1/2	1	868	con-											
41	41	162	162	2.0	1/2	1/2	Chord	4/4	1	1	1/2		1/2	1	869	-fo-											
41	41	160	160	0.0	0	0	StaffText	4/4	2	1	0								dol.								
41	41	160	160	2.0	0	0	Chord	4/4	2	1	1/2		1/2	1	870	con-											
41	41	162	162	2.0	1/2	1/2	Chord	4/4	2	1	1/2		1/2	1	871	-fo-											
41	41	160	160	2.0	0	0	Chord	4/4	3	1	1/2		1/2	1	872								76				
41	41	162	162	2.0	1/2	1/2	Chord	4/4	3	1	1/2		1/2	1	873												
41	41	160	160	0.0	0	0	StaffText	4/4	4	1	0								dol.								
41	41	160	160	0.0	0	0	Spanner	4/4	4	1	0																
41	41	160	160	0.5	0	0	Chord	4/4	4	1	1/8		1/8	1	874												
41	41	321/2	321/2	0.5	1/8	1/8	Chord	4/4	4	1	1/8		1/8	1	875												
41	41	161	161	0.5	1/4	1/4	Chord	4/4	4	1	1/8		1/8	1	876												
41	41	323/2	323/2	0.5	3/8	3/8	Chord	4/4	4	1	1/8		1/8	1	877												
41	41	162	162	0.5	1/2	1/2	Chord	4/4	4	1	1/8		1/8	1	878												
41	41	325/2	325/2	0.5	5/8	5/8	Chord	4/4	4	1	1/8		1/8	1	879												
41	41	163	163	0.5	3/4	3/4	Chord	4/4	4	1	1/8		1/8	1	880												
41	41	327/2	327/2	0.5	7/8	7/8	Chord	4/4	4	1	1/8		1/8	1	881												
42	42	164	164	2.0	0	0	Chord	4/4	1	1	1/2		1/2	1	882	-ve-											
42	42	166	166	2.0	1/2	1/2	Chord	4/4	1	1	1/2		1/2	1	883	-ri,											
42	42	164	164	2.0	0	0	Chord	4/4	2	1	1/2		1/2	1	884	-ve-											
42	42	166	166	2.0	1/2	1/2	Chord	4/4	2	1	1/2		1/2	1	885	-ri,											
42	42	164	164	2.0	0	0	Chord	4/4	3	1	1/2		1/2	1	886								77				
42	42	166	166	2.0	1/2	1/2	Chord	4/4	3	1	1/2		1/2	1	887												
42	42	164	164	0.5	0	0	Chord	4/4	4	1	1/8		1/8	1	888												
42	42	329/2	329/2	0.5	1/8	1/8	Chord	4/4	4	1	1/8		1/8	1	889												
42	42	165	165	0.5	1/4	1/4	Chord	4/4	4	1	1/8		1/8	1	890												
42	42	331/2	331/2	0.5	3/8	3/8	Chord	4/4	4	1	1/8		1/8	1	891												
42	42	166	166	0.5	1/2	1/2	Chord	4/4	4	1	1/8		1/8	1	892												
42	42	333/2	333/2	0.5	5/8	5/8	Chord	4/4	4	1	1/8		1/8	1	893												
42	42	167	167	0.5	3/4	3/4	Chord	4/4	4	1	1/8		1/8	1	894												
42	42	335/2	335/2	0.5	7/8	7/8	Chord	4/4	4	1	1/8		1/8	1	895												
43	43	168	168	0.0	0	0	Dynamic	4/4	1	1	0						f										
43	43	168	168	1.0	0	0	Chord	4/4	1	1	1/4		1/4	1	896	con-											
43	43	169	169	1.0	1/4	1/4	Chord	4/4	1	1	1/4		1/4	1	897	-fo-											
43	43	170	170	0.0	1/2	1/2	Spanner	4/4	1	1	0																8
43	43	170	170	0.5	1/2	1/2	Chord	4/4	1	1	1/8		1/8	1	898	-ve-							78				8
43	43	341/2	341/2	0.25	5/8	5/8	Chord	4/4	1	1	1/16		1/16	1	899								78				8
43	43	683/4	683/4	0.25	11/16	11/16	Chord	4/4	1	1	1/16		1/16	1	900								78				8
43	43	171	171	0.0	3/4	3/4	Spanner	4/4	1	1	0																
43	43	171	171	0.0	3/4	3/4	Spanner	4/4	1	1	0															8	
43	43	171	171	0.5	3/4	3/4	Chord	4/4	1	1	1/8		1/8	1	901											8	
43	43	343/2	343/2	0.25	7/8	7/8	Chord	4/4	1	1	1/16		1/16	1	902	-ri										8	
43	43	687/4	687/4	0.25	15/16	15/16	Chord	4/4	1	1	1/16		1/16	1	903											8	
43	43	168	168	1.0	0	0	Chord	4/4	2	1	1/4		1/4	1	904	con-											
43	43	169	169	1.0	1/4	1/4	Chord	4/4	2	1	1/4		1/4	1	905	-fo-											
43	43	170	170	0.0	1/2	1/2	Spanner	4/4	2	1	0																9
43	43	170	170	0.5	1/2	1/2	Chord	4/4	2	1	1/8		1/8	1	906	-ve-							79				9
43	43	341/2	341/2	0.25	5/8	5/8	Chord	4/4	2	1	1/16		1/16	1	907								79				9
43	43	683/4	683/4	0.25	11/16	11/16	Chord	4/4	2	1	1/16		1/16	1	908								79				9
43	43	171	171	0.0	3/4	3/4	Spanner	4/4	2	1	0																
43	43	171	171	0.0	3/4	3/4	Spanner	4/4	2	1	0															9	
43	43	171	171	0.5	3/4	3/4	Chord	4/4	2	1	1/8		1/8	1	909											9	
43	43	343/2	343/2	0.25	7/8	7/8	Chord	4/4	2	1	1/16		1/16	1	910	-ri										9	
43	43	687/4	687/4	0.25	15/16	15/16	Chord	4/4	2	1	1/16		1/16	1	911											9	
43	43	168	168	0.5	0	0	Chord	4/4	3	1	1/8		1/8	1	912												
43	43	337/2	337/2	0.25	1/8	1/8	Chord	4/4	3	1	1/16		1/16	1	913												
43	43	675/4	675/4	0.25	3/16	3/16	Chord	4/4	3	1	1/16		1/16	1	914												
43	43	169	169	0.5	1/4	1/4	Chord	4/4	3	1	1/8		1/8	1	915												
43	43	339/2	339/2	0.5	3/8	3/8	Chord	4/4	3	1	1/8		1/8	1	916												
43	43	170	170	0.5	1/2	1/2	Chord	4/4	3	1	1/8		1/8	1	917								80				
43	43	341/2	341/2	0.25	5/8	5/8	Chord	4/4	3	1	1/16		1/16	1	918								80				
43	43	683/4	683/4	0.25	11/16	11/16	Chord	4/4	3	1	1/16		1/16	1	919								80				
43	43	171	171	0.5	3/4	3/4	Chord	4/4	3	1	1/8		1/8	1	920								80				
43	43	343/2	343/2	0.25	7/8	7/8	Chord	4/4	3	1	1/16		1/16	1	921								80				
43	43	687/4	687/4	0.25	15/16	15/16	Chord	4/4	3	1	1/16		1/16	1	922												
43	43	168	168	0.0	0	0	Dynamic	4/4	4	1	0						f										
43	43	337/2	337/2	0.5	1/8	1/8	Chord	4/4	4	1	1/8		1/8	1	923								81				
43	43	169	169	0.5	1/4	1/4	Chord	4/4	4	1	1/8		1/8	1	924								81				
43	43	339/2	339/2	0.5	3/8	3/8	Chord	4/4	4	1	1/8		1/8	1	925												
43	43	170	170	0.0	1/2	1/2	Spanner	4/4	4	1	0																10
43	43	170	170	0.5	1/2	1/2	Chord	4/4	4	1	1/8		1/8	1	926												10
43	43	341/2	341/2	0.5	5/8	5/8	Chord	4/4	4	1	1/8		1/8	1	927												10
43	43	171	171	0.0	3/4	3/4	Spanner	4/4	4	1	0																
43	43	171	171	0.0	3/4	3/4	Spanner	4/4	4	1	0															10	
43	43	171	171	0.5	3/4	3/4	Chord	4/4	4	1	1/8		1/8	1	928											10	
43	43	343/2	343/2	0.5	7/8	7/8	Chord	4/4	4	1	1/8		1/8	1	929											10	
44	44	172	172	0.0	0	0	Spanner	4/4	1	1	0																
44	44	172	172	1.0	0	0	Chord	4/4	1	1	1/4		1/4	1	930	gra-							82				
44	44	173	173	0.75	1/4	1/4	Chord	4/4	1	1	3/16		1/8	3/2	931												
44	44	695/4	695/4	0.25	7/16	7/16	Chord	4/4	1	1	1/16		1/16	1	932	-ti-											
44	44	174	174	1.0	1/2	1/2	Chord	4/4	1	1	1/4		1/4	1	933	-a,											
44	44	172	172	0.0	0	0	Spanner	4/4	2	1	0																
44	44	172	172	1.0	0	0	Chord	4/4	2	1	1/4		1/4	1	934	gra-							83				
44	44	173	173	0.75	1/4	1/4	Chord	4/4	2	1	3/16		1/8	3/2	935												
44	44	695/4	695/4	0.25	7/16	7/16	Chord	4/4	2	1	1/16		1/16	1	936	-ti-											
44	44	174	174	1.0	1/2	1/2	Chord	4/4	2	1	1/4		1/4	1	937	-a,											
44	44	172	172	0.5	0	0	Chord	4/4	3	1	1/8		1/8	1	938			articStaccatoAbove									
44	44	345/2	345/2	0.5	1/8	1/8	Chord	4/4	3	1	1/8		1/8	1	939			articStaccatoAbove									
44	44	173	173	1.0	1/4	1/4	Chord	4/4	3	1	1/4		1/4	1	940												
44	44	174	174	0.5	1/2	1/2	Chord	4/4	3	1	1/8		1/8	1	941												
44	44	349/2	349/2	0.25	5/8	5/8	Chord	4/4	3	1	1/16		1/16	1	942												
44	44	699/4	699/4	0.25	11/16	11/16	Chord	4/4	3	1	1/16		1/16	1	943												
44	44	175	175	0.5	3/4	3/4	Chord	4/4	3	1	1/8		1/8	1	944												
44	44	351/2	351/2	0.5	7/8	7/8	Chord	4/4	3	1	1/8		1/8	1	945												
44	44	172	172	1.0	0	0	Chord	4/4	3	2	1/4		1/4	1	946												
44	44	172	172	0.0	0	0	Spanner	4/4	4	1	0																
44	44	172	172	0.5	0	0	Chord	4/4	4	1	1/8		1/8	1	947												
44	44	345/2	345/2	0.5	1/8	1/8	Chord	4/4	4	1	1/8		1/8	1	948												
44	44	173	173	0.5	1/4	1/4	Chord	4/4	4	1	1/8		1/8	1	949												
44	44	347/2	347/2	0.5	3/8	3/8	Chord	4/4	4	1	1/8		1/8	1	950												
44	44	174	174	0.5	1/2	1/2	Chord	4/4	4	1	1/8		1/8	1	951												
44	44	349/2	349/2	0.5	5/8	5/8	Chord	4/4	4	1	1/8		1/8	1	952												
44	44	175	175	0.5	3/4	3/4	Chord	4/4	4	1	1/8		1/8	1	953												
44	44	351/2	351/2	0.5	7/8	7/8	Chord	4/4	4	1	1/8		1/8	1	954												
45	45	176	176	0.0	0	0	Dynamic	4/4	1	1	0						p										
45	45	176	176	0.0	0	0	StaffText	4/4	1	1	0								dolce								
45	45	176	176	2.0	0	0	Chord	4/4	1	1	1/2		1/2	1	955	con-											
45	45	178	178	2.0	1/2	1/2	Chord	4/4	1	1	1/2		1/2	1	956	-fo-											
45	45	176	176	0.0	0	0	StaffText	4/4	2	1	0								dolce								
45	45	176	176	2.0	0	0	Chord	4/4	2	1	1/2		1/2	1	957	con-											
45	45	178	178	2.0	1/2	1/2	Chord	4/4	2	1	1/2		1/2	1	958	-fo-											
45	45	176	176	2.0	0	0	Chord	4/4	3	1	1/2		1/2	1	959								84				
45	45	178	178	2.0	1/2	1/2	Chord	4/4	3	1	1/2		1/2	1	960												
45	45	176	176	0.5	0	0	Chord	4/4	4	1	1/8		1/8	1	961												
45	45	353/2	353/2	0.5	1/8	1/8	Chord	4/4	4	1	1/8		1/8	1	962												
45	45	177	177	0.5	1/4	1/4	Chord	4/4	4	1	1/8		1/8	1	963												
45	45	355/2	355/2	0.5	3/8	3/8	Chord	4/4	4	1	1/8		1/8	1	964												
45	45	178	178	0.5	1/2	1/2	Chord	4/4	4	1	1/8		1/8	1	965												
45	45	357/2	357/2	0.5	5/8	5/8	Chord	4/4	4	1	1/8		1/8	1	966												
45	45	179	179	0.5	3/4	3/4	Chord	4/4	4	1	1/8		1/8	1	967												
45	45	359/2	359/2	0.5	7/8	7/8	Chord	4/4	4	1	1/8		1/8	1	968												
46	46	180	180	2.0	0	0	Chord	4/4	1	1	1/2		1/2	1	969	-ve-											
46	46	182	182	2.0	1/2	1/2	Chord	4/4	1	1	1/2		1/2	1	970	-ri,											
46	46	180	180	2.0	0	0	Chord	4/4	2	1	1/2		1/2	1	971	-ve-											
46	46	182	182	2.0	1/2	1/2	Chord	4/4	2	1	1/2		1/2	1	972	-ri,											
46	46	180	180	2.0	0	0	Chord	4/4	3	1	1/2		1/2	1	973								85				
46	46	182	182	2.0	1/2	1/2	Chord	4/4	3	1	1/2		1/2	1	974												
46	46	180	180	0.5	0	0	Chord	4/4	4	1	1/8		1/8	1	975												
46	46	361/2	361/2	0.5	1/8	1/8	Chord	4/4	4	1	1/8		1/8	1	976												
46	46	181	181	0.5	1/4	1/4	Chord	4/4	4	1	1/8		1/8	1	977												
46	46	363/2	363/2	0.5	3/8	3/8	Chord	4/4	4	1	1/8		1/8	1	978												
46	46	182	182	0.5	1/2	1/2	Chord	4/4	4	1	1/8		1/8	1	979												
46	46	365/2	365/2	0.5	5/8	5/8	Chord	4/4	4	1	1/8		1/8	1	980												
46	46	183	183	0.5	3/4	3/4	Chord	4/4	4	1	1/8		1/8	1	981												
46	46	367/2	367/2	0.5	7/8	7/8	Chord	4/4	4	1	1/8		1/8	1	982												
47	47	184	184	0.0	0	0	Dynamic	4/4	1	1	0						f										
47	47	184	184	1.0	0	0	Chord	4/4	1	1	1/4		1/4	1	983	con-											
47	47	185	185	1.0	1/4	1/4	Chord	4/4	1	1	1/4		1/4	1	984	-fo-											
47	47	186	186	0.0	1/2	1/2	Spanner	4/4	1	1	0																11
47	47	186	186	0.5	1/2	1/2	Chord	4/4	1	1	1/8		1/8	1	985	-ve-							86				11
47	47	373/2	373/2	0.25	5/8	5/8	Chord	4/4	1	1	1/16		1/16	1	986								86				11
47	47	747/4	747/4	0.25	11/16	11/16	Chord	4/4	1	1	1/16		1/16	1	987								86				11
47	47	187	187	0.0	3/4	3/4	Spanner	4/4	1	1	0																
47	47	187	187	0.0	3/4	3/4	Spanner	4/4	1	1	0															11	
47	47	187	187	0.5	3/4	3/4	Chord	4/4	1	1	1/8		1/8	1	988											11	
47	47	375/2	375/2	0.25	7/8	7/8	Chord	4/4	1	1	1/16		1/16	1	989	-ri							87			11	
47	47	751/4	751/4	0.25	15/16	15/16	Chord	4/4	1	1	1/16		1/16	1	990											11	
47	47	184	184	0.0	0	0	Dynamic	4/4	2	1	0						f										
47	47	184	184	1.0	0	0	Chord	4/4	2	1	1/4		1/4	1	991	con-											
47	47	185	185	1.0	1/4	1/4	Chord	4/4	2	1	1/4		1/4	1	992	-fo-											
47	47	186	186	0.0	1/2	1/2	Spanner	4/4	2	1	0																12
47	47	186	186	0.5	1/2	1/2	Chord	4/4	2	1	1/8		1/8	1	993	-ve-							88				12
47	47	373/2	373/2	0.25	5/8	5/8	Chord	4/4	2	1	1/16		1/16	1	994								88				12
47	47	747/4	747/4	0.25	11/16	11/16	Chord	4/4	2	1	1/16		1/16	1	995								88				12
47	47	187	187	0.0	3/4	3/4	Spanner	4/4	2	1	0																
47	47	187	187	0.0	3/4	3/4	Spanner	4/4	2	1	0															12	
47	47	187	187	0.5	3/4	3/4	Chord	4/4	2	1	1/8		1/8	1	996											12	
47	47	375/2	375/2	0.25	7/8	7/8	Chord	4/4	2	1	1/16		1/16	1	997	-ri							89			12	
47	47	751/4	751/4	0.25	15/16	15/16	Chord	4/4	2	1	1/16		1/16	1	998											12	
47	47	184	184	0.5	0	0	Chord	4/4	3	1	1/8		1/8	1	999												
47	47	369/2	369/2	0.25	1/8	1/8	Chord	4/4	3	1	1/16		1/16	1	1000												
47	47	739/4	739/4	0.25	3/16	3/16	Chord	4/4	3	1	1/16		1/16	1	1001												
47	47	185	185	0.5	1/4	1/4	Chord	4/4	3	1	1/8		1/8	1	1002												
47	47	371/2	371/2	0.5	3/8	3/8	Chord	4/4	3	1	1/8		1/8	1	1003												
47	47	186	186	0.5	1/2	1/2	Chord	4/4	3	1	1/8		1/8	1	1004								90				
47	47	373/2	373/2	0.25	5/8	5/8	Chord	4/4	3	1	1/16		1/16	1	1005								90				
47	47	747/4	747/4	0.25	11/16	11/16	Chord	4/4	3	1	1/16		1/16	1	1006								90				
47	47	187	187	0.5	3/4	3/4	Chord	4/4	3	1	1/8		1/8	1	1007								90				
47	47	375/2	375/2	0.25	7/8	7/8	Chord	4/4	3	1	1/16		1/16	1	1008								90				
47	47	751/4	751/4	0.25	15/16	15/16	Chord	4/4	3	1	1/16		1/16	1	1009												
47	47	184	184	0.0	0	0	Dynamic	4/4	4	1	0						f										
47	47	369/2	369/2	0.5	1/8	1/8	Chord	4/4	4	1	1/8		1/8	1	1010								91				
47	47	185	185	0.5	1/4	1/4	Chord	4/4	4	1	1/8		1/8	1	1011								91				
47	47	371/2	371/2	0.5	3/8	3/8	Chord	4/4	4	1	1/8		1/8	1	1012												
47	47	186	186	0.0	1/2	1/2	Spanner	4/4	4	1	0																13
47	47	186	186	0.5	1/2	1/2	Chord	4/4	4	1	1/8		1/8	1	1013												13
47	47	373/2	373/2	0.5	5/8	5/8	Chord	4/4	4	1	1/8		1/8	1	1014												13
47	47	187	187	0.0	3/4	3/4	Spanner	4/4	4	1	0																
47	47	187	187	0.0	3/4	3/4	Spanner	4/4	4	1	0															13	
47	47	187	187	0.5	3/4	3/4	Chord	4/4	4	1	1/8		1/8	1	1015											13	
47	47	375/2	375/2	0.5	7/8	7/8	Chord	4/4	4	1	1/8		1/8	1	1016											13	
48	48	188	188	0.0	0	0	Spanner	4/4	1	1	0																
48	48	188	188	0.0	0	0	Spanner	4/4	1	1	0													0			
48	48	188	188	1.0	0	0	Chord	4/4	1	1	1/4		1/4	1	1017	gra-							92	0			
48	48	189	189	0.75	1/4	1/4	Chord	4/4	1	1	3/16		1/8	3/2	1018									0			
48	48	759/4	759/4	0.25	7/16	7/16	Chord	4/4	1	1	1/16		1/16	1	1019	-ti-								0			
48	48	190	190	0.0	1/2	1/2	Dynamic	4/4	1	1	0						p										
48	48	190	190	0.0	1/2	1/2	Spanner	4/4	1	1	0																
48	48	190	190	1.0	1/2	1/2	Chord	4/4	1	1	1/4		1/4	1	1020	-a.											
48	48	188	188	0.0	0	0	Spanner	4/4	2	1	0																
48	48	188	188	0.0	0	0	Spanner	4/4	2	1	0													1			
48	48	188	188	1.0	0	0	Chord	4/4	2	1	1/4		1/4	1	1021	gra-							93	1			
48	48	189	189	0.75	1/4	1/4	Chord	4/4	2	1	3/16		1/8	3/2	1022									1			
48	48	759/4	759/4	0.25	7/16	7/16	Chord	4/4	2	1	1/16		1/16	1	1023	-ti-								1			
48	48	190	190	0.0	1/2	1/2	Dynamic	4/4	2	1	0						p										
48	48	190	190	0.0	1/2	1/2	Spanner	4/4	2	1	0																
48	48	190	190	1.0	1/2	1/2	Chord	4/4	2	1	1/4		1/4	1	1024	-a.											
48	48	188	188	0.5	0	0	Chord	4/4	3	1	1/8		1/8	1	1025												
48	48	377/2	377/2	0.5	1/8	1/8	Chord	4/4	3	1	1/8		1/8	1	1026												
48	48	189	189	0.5	1/4	1/4	Chord	4/4	3	1	1/8		1/8	1	1027												
48	48	379/2	379/2	0.5	3/8	3/8	Chord	4/4	3	1	1/8		1/8	1	1028												
48	48	190	190	0.5	1/2	1/2	Chord	4/4	3	1	1/8		1/8	1	1029												
48	48	381/2	381/2	0.25	5/8	5/8	Chord	4/4	3	1	1/16		1/16	1	1030												
48	48	763/4	763/4	0.25	11/16	11/16	Chord	4/4	3	1	1/16		1/16	1	1031												
48	48	191	191	0.5	3/4	3/4	Chord	4/4	3	1	1/8		1/8	1	1032												
48	48	383/2	383/2	0.5	7/8	7/8	Chord	4/4	3	1	1/8		1/8	1	1033												
48	48	188	188	1.0	0	0	Chord	4/4	3	2	1/4		1/4	1	1034												
48	48	189	189	1.0	1/4	1/4	Chord	4/4	3	2	1/4		1/4	1	1035												
48	48	188	188	0.0	0	0	Spanner	4/4	4	1	0																
48	48	188	188	0.0	0	0	Spanner	4/4	4	1	0															14	
48	48	188	188	0.5	0	0	Chord	4/4	4	1	1/8		1/8	1	1036											14	
48	48	377/2	377/2	0.5	1/8	1/8	Chord	4/4	4	1	1/8		1/8	1	1037											14	
48	48	189	189	0.5	1/4	1/4	Chord	4/4	4	1	1/8		1/8	1	1038											14	
48	48	379/2	379/2	0.5	3/8	3/8	Chord	4/4	4	1	1/8		1/8	1	1039											14	
48	48	190	190	0.0	1/2	1/2	Dynamic	4/4	4	1	0						p										
48	48	190	190	0.0	1/2	1/2	Spanner	4/4	4	1	0																
48	48	190	190	0.5	1/2	1/2	Chord	4/4	4	1	1/8		1/8	1	1040												
48	48	381/2	381/2	0.0	5/8	5/8	Dynamic	4/4	4	1	0						f										
48	48	381/2	381/2	0.5	5/8	5/8	Chord	4/4	4	1	1/8		1/8	1	1041												
48	48	191	191	0.5	3/4	3/4	Chord	4/4	4	1	1/8		1/8	1	1042												
48	48	383/2	383/2	0.5	7/8	7/8	Chord	4/4	4	1	1/8		1/8	1	1043												
49	49	192	192	0.5	0	0	Chord	4/4	3	1	1/8		1/8	1	1044												
49	49	385/2	385/2	0.25	1/8	1/8	Chord	4/4	3	1	1/16		1/16	1	1045												
49	49	771/4	771/4	0.25	3/16	3/16	Chord	4/4	3	1	1/16		1/16	1	1046												
49	49	193	193	0.5	1/4	1/4	Chord	4/4	3	1	1/8		1/8	1	1047												
49	49	387/2	387/2	0.5	3/8	3/8	Chord	4/4	3	1	1/8		1/8	1	1048												
49	49	194	194	0.5	1/2	1/2	Chord	4/4	3	1	1/8		1/8	1	1049												
49	49	389/2	389/2	0.25	5/8	5/8	Chord	4/4	3	1	1/16		1/16	1	1050												
49	49	779/4	779/4	0.25	11/16	11/16	Chord	4/4	3	1	1/16		1/16	1	1051												
49	49	195	195	0.5	3/4	3/4	Chord	4/4	3	1	1/8		1/8	1	1052												
49	49	391/2	391/2	0.5	7/8	7/8	Chord	4/4	3	1	1/8		1/8	1	1053												
49	49	192	192	0.5	0	0	Chord	4/4	4	1	1/8		1/8	1	1054												
49	49	385/2	385/2	0.5	1/8	1/8	Chord	4/4	4	1	1/8		1/8	1	1055												
49	49	193	193	0.5	1/4	1/4	Chord	4/4	4	1	1/8		1/8	1	1056												
49	49	387/2	387/2	0.5	3/8	3/8	Chord	4/4	4	1	1/8		1/8	1	1057												
49	49	194	194	0.5	1/2	1/2	Chord	4/4	4	1	1/8		1/8	1	1058												
49	49	389/2	389/2	0.5	5/8	5/8	Chord	4/4	4	1	1/8		1/8	1	1059												
49	49	195	195	0.5	3/4	3/4	Chord	4/4	4	1	1/8		1/8	1	1060												
49	49	391/2	391/2	0.5	7/8	7/8	Chord	4/4	4	1	1/8		1/8	1	1061												
50	50	196	196	0.5	0	0	Chord	4/4	3	1	1/8		1/8	1	1062												
50	50	393/2	393/2	0.5	1/8	1/8	Chord	4/4	3	1	1/8		1/8	1	1063												
50	50	197	197	0.25	1/4	1/4	Chord	4/4	3	1	1/16		1/16	1	1064								94				
50	50	789/4	789/4	0.25	5/16	5/16	Chord	4/4	3	1	1/16		1/16	1	1065								94				
50	50	395/2	395/2	0.25	3/8	3/8	Chord	4/4	3	1	1/16		1/16	1	1066								94				
50	50	791/4	791/4	0.25	7/16	7/16	Chord	4/4	3	1	1/16		1/16	1	1067												
50	50	198	198	0.5	1/2	1/2	Chord	4/4	3	1	1/8		1/8	1	1068												
50	50	397/2	397/2	0.25	5/8	5/8	Chord	4/4	3	1	1/16		1/16	1	1069												
50	50	795/4	795/4	0.25	11/16	11/16	Chord	4/4	3	1	1/16		1/16	1	1070												
50	50	199	199	0.5	3/4	3/4	Chord	4/4	3	1	1/8		1/8	1	1071												
50	50	399/2	399/2	0.5	7/8	7/8	Chord	4/4	3	1	1/8		1/8	1	1072												
50	50	196	196	0.5	0	0	Chord	4/4	4	1	1/8		1/8	1	1073												
50	50	393/2	393/2	0.5	1/8	1/8	Chord	4/4	4	1	1/8		1/8	1	1074												
50	50	197	197	0.5	1/4	1/4	Chord	4/4	4	1	1/8		1/8	1	1075												
50	50	395/2	395/2	0.5	3/8	3/8	Chord	4/4	4	1	1/8		1/8	1	1076												
50	50	198	198	0.5	1/2	1/2	Chord	4/4	4	1	1/8		1/8	1	1077												
50	50	397/2	397/2	0.0	5/8	5/8	Dynamic	4/4	4	1	0						p										
50	50	397/2	397/2	0.5	5/8	5/8	Chord	4/4	4	1	1/8		1/8	1	1078												
50	50	199	199	0.5	3/4	3/4	Chord	4/4	4	1	1/8		1/8	1	1079												
50	50	399/2	399/2	0.5	7/8	7/8	Chord	4/4	4	1	1/8		1/8	1	1080												
51	51	200	200	0.5	0	0	Chord	4/4	3	1	1/8		1/8	1	1081												
51	51	401/2	401/2	0.25	1/8	1/8	Chord	4/4	3	1	1/16		1/16	1	1082												
51	51	803/4	803/4	0.25	3/16	3/16	Chord	4/4	3	1	1/16		1/16	1	1083												
51	51	201	201	0.5	1/4	1/4	Chord	4/4	3	1	1/8		1/8	1	1084												
51	51	403/2	403/2	0.5	3/8	3/8	Chord	4/4	3	1	1/8		1/8	1	1085												
51	51	202	202	0.5	1/2	1/2	Chord	4/4	3	1	1/8		1/8	1	1086												
51	51	405/2	405/2	0.25	5/8	5/8	Chord	4/4	3	1	1/16		1/16	1	1087												
51	51	811/4	811/4	0.25	11/16	11/16	Chord	4/4	3	1	1/16		1/16	1	1088												
51	51	203	203	0.5	3/4	3/4	Chord	4/4	3	1	1/8		1/8	1	1089												
51	51	407/2	407/2	0.5	7/8	7/8	Chord	4/4	3	1	1/8		1/8	1	1090												
51	51	200	200	0.5	0	0	Chord	4/4	4	1	1/8		1/8	1	1091												
51	51	401/2	401/2	0.5	1/8	1/8	Chord	4/4	4	1	1/8		1/8	1	1092												
51	51	201	201	0.5	1/4	1/4	Chord	4/4	4	1	1/8		1/8	1	1093												
51	51	403/2	403/2	0.5	3/8	3/8	Chord	4/4	4	1	1/8		1/8	1	1094												
51	51	202	202	0.5	1/2	1/2	Chord	4/4	4	1	1/8		1/8	1	1095												
51	51	405/2	405/2	0.5	5/8	5/8	Chord	4/4	4	1	1/8		1/8	1	1096												
51	51	203	203	0.5	3/4	3/4	Chord	4/4	4	1	1/8		1/8	1	1097												
51	51	407/2	407/2	0.5	7/8	7/8	Chord	4/4	4	1	1/8		1/8	1	1098												
52	52	204	204	0.0	0	0	Spanner	4/4	3	1	0																14
52	52	204	204	0.5	0	0	Chord	4/4	3	1	1/8		1/8	1	1099								95				14
52	52	409/2	409/2	0.5	1/8	1/8	Chord	4/4	3	1	1/8		1/8	1	1100												14
52	52	205	205	0.0	1/4	1/4	Spanner	4/4	3	1	0																
52	52	205	205	0.25	1/4	1/4	Chord	4/4	3	1	1/16		1/16	1	1101								96				
52	52	821/4	821/4	0.0	5/16	5/16	Spanner	4/4	3	1	0												96			15	
52	52	821/4	821/4	0.25	5/16	5/16	Chord	4/4	3	1	1/16		1/16	1	1102								96			15	
52	52	411/2	411/2	0.25	3/8	3/8	Chord	4/4	3	1	1/16		1/16	1	1103								96			15	
52	52	823/4	823/4	0.25	7/16	7/16	Chord	4/4	3	1	1/16		1/16	1	1104											15	
52	52	206	206	0.5	1/2	1/2	Chord	4/4	3	1	1/8		1/8	1	1105											15	
52	52	413/2	413/2	0.0	5/8	5/8	Spanner	4/4	3	1	0																
52	52	413/2	413/2	0.5	5/8	5/8	Chord	4/4	3	1	1/8		1/8	1	1106												
52	52	207	207	1.0	3/4	3/4	Chord	4/4	3	1	1/4		1/4	1	1107												
52	52	205	205	0.5	1/4	1/4	Chord	4/4	3	2	1/8		1/8	1	1108												
52	52	411/2	411/2	0.5	3/8	3/8	Chord	4/4	3	2	1/8		1/8	1	1109												
52	52	204	204	0.5	0	0	Chord	4/4	4	1	1/8		1/8	1	1110												
52	52	409/2	409/2	0.5	1/8	1/8	Chord	4/4	4	1	1/8		1/8	1	1111												
52	52	205	205	0.5	1/4	1/4	Chord	4/4	4	1	1/8		1/8	1	1112												
52	52	411/2	411/2	0.5	3/8	3/8	Chord	4/4	4	1	1/8		1/8	1	1113												
52	52	206	206	1.0	1/2	1/2	Chord	4/4	4	1	1/4		1/4	1	1114												
