mc	mn	quarterbeats	quarterbeats_all_endings	duration_qb	mc_onset	mn_onset	event	timesig	staff	voice	duration	nominal_duration	scalar	chord_id	lyrics_1	dynamics	articulation	staff_text	tempo	qpm	metronome_base	metronome_number	tempo_visible	slur	diminuendo_line	HairPin:3_smorz..	crescendo_line	crescendo_hairpin	decrescendo_hairpin
1	1	0	0	0.0	0	0	Tempo	4/4	1	1	0								Largoassai	34.0			1.0						
1	1	0	0	0.0	0	0	StaffText	4/4	3	1	0							dol.											
1	1	0	0	1.5	0	0	Chord	4/4	3	1	3/8	1/4	3/2	0										0					
1	1	3/2	3/2	0.5	3/8	3/8	Chord	4/4	3	1	1/8	1/8	1	1															
1	1	2	2	1.0	1/2	1/2	Chord	4/4	3	1	1/4	1/4	1	2										1					
1	1	3	3	1.0	3/4	3/4	Chord	4/4	3	1	1/4	1/4	1	3															
1	1	1/4	1/4	0.25	1/16	1/16	Chord	4/4	3	2	1/16	1/16	1	4										2					
1	1	1/2	1/2	0.25	1/8	1/8	Chord	4/4	3	2	1/16	1/16	1	5										2					
1	1	3/4	3/4	0.25	3/16	3/16	Chord	4/4	3	2	1/16	1/16	1	6															
1	1	5/4	5/4	0.25	5/16	5/16	Chord	4/4	3	2	1/16	1/16	1	7										3					
1	1	3/2	3/2	0.25	3/8	3/8	Chord	4/4	3	2	1/16	1/16	1	8										3					
1	1	7/4	7/4	0.25	7/16	7/16	Chord	4/4	3	2	1/16	1/16	1	9															
1	1	9/4	9/4	0.25	9/16	9/16	Chord	4/4	3	2	1/16	1/16	1	10										4					
1	1	5/2	5/2	0.25	5/8	5/8	Chord	4/4	3	2	1/16	1/16	1	11										4					
1	1	11/4	11/4	0.25	11/16	11/16	Chord	4/4	3	2	1/16	1/16	1	12															
1	1	13/4	13/4	0.25	13/16	13/16	Chord	4/4	3	2	1/16	1/16	1	13										5					
1	1	7/2	7/2	0.25	7/8	7/8	Chord	4/4	3	2	1/16	1/16	1	14										5					
1	1	15/4	15/4	0.25	15/16	15/16	Chord	4/4	3	2	1/16	1/16	1	15															
1	1	0	0	0.0	0	0	Dynamic	4/4	4	1	0					p													
1	1	0	0	0.5	0	0	Chord	4/4	4	1	1/8	1/8	1	16															
1	1	1	1	0.5	1/4	1/4	Chord	4/4	4	1	1/8	1/8	1	17															
1	1	2	2	0.5	1/2	1/2	Chord	4/4	4	1	1/8	1/8	1	18															
1	1	3	3	0.5	3/4	3/4	Chord	4/4	4	1	1/8	1/8	1	19															
2	2	4	4	1.5	0	0	Chord	4/4	3	1	3/8	1/4	3/2	20										6					
2	2	11/2	11/2	0.5	3/8	3/8	Chord	4/4	3	1	1/8	1/8	1	21															
2	2	6	6	1.0	1/2	1/2	Chord	4/4	3	1	1/4	1/4	1	22										7					
2	2	7	7	1.0	3/4	3/4	Chord	4/4	3	1	1/4	1/4	1	23															
2	2	17/4	17/4	0.25	1/16	1/16	Chord	4/4	3	2	1/16	1/16	1	24										8					
2	2	9/2	9/2	0.25	1/8	1/8	Chord	4/4	3	2	1/16	1/16	1	25										8					
2	2	19/4	19/4	0.25	3/16	3/16	Chord	4/4	3	2	1/16	1/16	1	26															
2	2	21/4	21/4	0.25	5/16	5/16	Chord	4/4	3	2	1/16	1/16	1	27										9					
2	2	11/2	11/2	0.25	3/8	3/8	Chord	4/4	3	2	1/16	1/16	1	28										9					
2	2	23/4	23/4	0.25	7/16	7/16	Chord	4/4	3	2	1/16	1/16	1	29															
2	2	25/4	25/4	0.25	9/16	9/16	Chord	4/4	3	2	1/16	1/16	1	30										10					
2	2	13/2	13/2	0.25	5/8	5/8	Chord	4/4	3	2	1/16	1/16	1	31										10					
2	2	27/4	27/4	0.25	11/16	11/16	Chord	4/4	3	2	1/16	1/16	1	32															
2	2	29/4	29/4	0.25	13/16	13/16	Chord	4/4	3	2	1/16	1/16	1	33										11					
2	2	15/2	15/2	0.25	7/8	7/8	Chord	4/4	3	2	1/16	1/16	1	34										11					
2	2	31/4	31/4	0.25	15/16	15/16	Chord	4/4	3	2	1/16	1/16	1	35															
2	2	4	4	0.5	0	0	Chord	4/4	4	1	1/8	1/8	1	36															
2	2	5	5	0.5	1/4	1/4	Chord	4/4	4	1	1/8	1/8	1	37															
2	2	6	6	0.5	1/2	1/2	Chord	4/4	4	1	1/8	1/8	1	38															
2	2	7	7	0.5	3/4	3/4	Chord	4/4	4	1	1/8	1/8	1	39															
3	3	8	8	1.5	0	0	Chord	4/4	3	1	3/8	1/4	3/2	40										12					
3	3	19/2	19/2	0.5	3/8	3/8	Chord	4/4	3	1	1/8	1/8	1	41															
3	3	10	10	1.0	1/2	1/2	Chord	4/4	3	1	1/4	1/4	1	42										13					
3	3	11	11	1.0	3/4	3/4	Chord	4/4	3	1	1/4	1/4	1	43															
3	3	33/4	33/4	0.25	1/16	1/16	Chord	4/4	3	2	1/16	1/16	1	44										14					
3	3	17/2	17/2	0.25	1/8	1/8	Chord	4/4	3	2	1/16	1/16	1	45										14					
3	3	35/4	35/4	0.25	3/16	3/16	Chord	4/4	3	2	1/16	1/16	1	46															
3	3	37/4	37/4	0.25	5/16	5/16	Chord	4/4	3	2	1/16	1/16	1	47										15					
3	3	19/2	19/2	0.25	3/8	3/8	Chord	4/4	3	2	1/16	1/16	1	48										15					
3	3	39/4	39/4	0.25	7/16	7/16	Chord	4/4	3	2	1/16	1/16	1	49															
3	3	41/4	41/4	0.25	9/16	9/16	Chord	4/4	3	2	1/16	1/16	1	50										16					
3	3	21/2	21/2	0.25	5/8	5/8	Chord	4/4	3	2	1/16	1/16	1	51										16					
3	3	43/4	43/4	0.25	11/16	11/16	Chord	4/4	3	2	1/16	1/16	1	52															
3	3	45/4	45/4	0.25	13/16	13/16	Chord	4/4	3	2	1/16	1/16	1	53										17					
3	3	23/2	23/2	0.25	7/8	7/8	Chord	4/4	3	2	1/16	1/16	1	54										17					
3	3	47/4	47/4	0.25	15/16	15/16	Chord	4/4	3	2	1/16	1/16	1	55															
3	3	8	8	0.5	0	0	Chord	4/4	4	1	1/8	1/8	1	56															
3	3	9	9	0.5	1/4	1/4	Chord	4/4	4	1	1/8	1/8	1	57															
3	3	10	10	0.5	1/2	1/2	Chord	4/4	4	1	1/8	1/8	1	58															
3	3	11	11	0.5	3/4	3/4	Chord	4/4	4	1	1/8	1/8	1	59															
4	4	12	12	1.5	0	0	Chord	4/4	3	1	3/8	1/4	3/2	60										18					
4	4	27/2	27/2	0.5	3/8	3/8	Chord	4/4	3	1	1/8	1/8	1	61															
4	4	14	14	0.5	1/2	1/2	Chord	4/4	3	1	1/8	1/8	1	62															
4	4	29/2	29/2	1.0	5/8	5/8	Chord	4/4	3	1	1/4	1/4	1	63										19					
4	4	31/2	31/2	0.5	7/8	7/8	Chord	4/4	3	1	1/8	1/8	1	64															
4	4	49/4	49/4	0.25	1/16	1/16	Chord	4/4	3	2	1/16	1/16	1	65										20					
4	4	25/2	25/2	0.25	1/8	1/8	Chord	4/4	3	2	1/16	1/16	1	66										20					
4	4	51/4	51/4	0.25	3/16	3/16	Chord	4/4	3	2	1/16	1/16	1	67															
4	4	53/4	53/4	0.25	5/16	5/16	Chord	4/4	3	2	1/16	1/16	1	68										21					
4	4	27/2	27/2	0.25	3/8	3/8	Chord	4/4	3	2	1/16	1/16	1	69										21					
4	4	55/4	55/4	0.25	7/16	7/16	Chord	4/4	3	2	1/16	1/16	1	70															
4	4	57/4	57/4	0.25	9/16	9/16	Chord	4/4	3	2	1/16	1/16	1	71										22					
4	4	29/2	29/2	0.25	5/8	5/8	Chord	4/4	3	2	1/16	1/16	1	72										22					
4	4	59/4	59/4	0.25	11/16	11/16	Chord	4/4	3	2	1/16	1/16	1	73															
4	4	61/4	61/4	0.25	13/16	13/16	Chord	4/4	3	2	1/16	1/16	1	74										23					
4	4	31/2	31/2	0.25	7/8	7/8	Chord	4/4	3	2	1/16	1/16	1	75										23					
4	4	63/4	63/4	0.25	15/16	15/16	Chord	4/4	3	2	1/16	1/16	1	76															
4	4	12	12	0.5	0	0	Chord	4/4	4	1	1/8	1/8	1	77															
4	4	13	13	0.5	1/4	1/4	Chord	4/4	4	1	1/8	1/8	1	78															
4	4	14	14	0.5	1/2	1/2	Chord	4/4	4	1	1/8	1/8	1	79															
4	4	15	15	0.5	3/4	3/4	Chord	4/4	4	1	1/8	1/8	1	80															
5	5	16	16	1.0	0	0	Chord	4/4	3	1	1/4	1/4	1	81			articAccentAbove							24					
5	5	17	17	0.5	1/4	1/4	Chord	4/4	3	1	1/8	1/8	1	82										24					
5	5	35/2	35/2	0.5	3/8	3/8	Chord	4/4	3	1	1/8	1/8	1	83															
5	5	18	18	2.0	1/2	1/2	Chord	4/4	3	1	1/2	1/2	1	84															
5	5	65/4	65/4	0.25	1/16	1/16	Chord	4/4	3	2	1/16	1/16	1	85										25					
5	5	33/2	33/2	0.25	1/8	1/8	Chord	4/4	3	2	1/16	1/16	1	86										25					
5	5	67/4	67/4	0.25	3/16	3/16	Chord	4/4	3	2	1/16	1/16	1	87															
5	5	69/4	69/4	0.25	5/16	5/16	Chord	4/4	3	2	1/16	1/16	1	88										26					
5	5	35/2	35/2	0.25	3/8	3/8	Chord	4/4	3	2	1/16	1/16	1	89										26					
5	5	71/4	71/4	0.25	7/16	7/16	Chord	4/4	3	2	1/16	1/16	1	90															
5	5	73/4	73/4	0.25	9/16	9/16	Chord	4/4	3	2	1/16	1/16	1	91										27					
5	5	37/2	37/2	0.25	5/8	5/8	Chord	4/4	3	2	1/16	1/16	1	92										27					
5	5	75/4	75/4	0.25	11/16	11/16	Chord	4/4	3	2	1/16	1/16	1	93															
5	5	77/4	77/4	0.25	13/16	13/16	Chord	4/4	3	2	1/16	1/16	1	94										28					
5	5	39/2	39/2	0.25	7/8	7/8	Chord	4/4	3	2	1/16	1/16	1	95										28					
5	5	79/4	79/4	0.25	15/16	15/16	Chord	4/4	3	2	1/16	1/16	1	96															
5	5	16	16	0.5	0	0	Chord	4/4	4	1	1/8	1/8	1	97															
5	5	17	17	0.5	1/4	1/4	Chord	4/4	4	1	1/8	1/8	1	98															
5	5	18	18	0.5	1/2	1/2	Chord	4/4	4	1	1/8	1/8	1	99															
5	5	19	19	0.5	3/4	3/4	Chord	4/4	4	1	1/8	1/8	1	100															
6	6	20	20	1.5	0	0	Chord	4/4	3	1	3/8	1/4	3/2	101										29					
6	6	43/2	43/2	0.5	3/8	3/8	Chord	4/4	3	1	1/8	1/8	1	102															
6	6	22	22	0.5	1/2	1/2	Chord	4/4	3	1	1/8	1/8	1	103										30					
6	6	45/2	45/2	1.0	5/8	5/8	Chord	4/4	3	1	1/4	1/4	1	104										30					
6	6	47/2	47/2	0.5	7/8	7/8	Chord	4/4	3	1	1/8	1/8	1	105															
6	6	81/4	81/4	0.25	1/16	1/16	Chord	4/4	3	2	1/16	1/16	1	106										31					
6	6	41/2	41/2	0.25	1/8	1/8	Chord	4/4	3	2	1/16	1/16	1	107										31					
6	6	83/4	83/4	0.25	3/16	3/16	Chord	4/4	3	2	1/16	1/16	1	108															
6	6	85/4	85/4	0.25	5/16	5/16	Chord	4/4	3	2	1/16	1/16	1	109										32					
6	6	43/2	43/2	0.25	3/8	3/8	Chord	4/4	3	2	1/16	1/16	1	110										32					
6	6	87/4	87/4	0.25	7/16	7/16	Chord	4/4	3	2	1/16	1/16	1	111															
6	6	89/4	89/4	0.25	9/16	9/16	Chord	4/4	3	2	1/16	1/16	1	112										33					
6	6	45/2	45/2	0.25	5/8	5/8	Chord	4/4	3	2	1/16	1/16	1	113										33					
6	6	91/4	91/4	0.25	11/16	11/16	Chord	4/4	3	2	1/16	1/16	1	114															
6	6	93/4	93/4	0.25	13/16	13/16	Chord	4/4	3	2	1/16	1/16	1	115										34					
6	6	47/2	47/2	0.25	7/8	7/8	Chord	4/4	3	2	1/16	1/16	1	116										34					
6	6	95/4	95/4	0.25	15/16	15/16	Chord	4/4	3	2	1/16	1/16	1	117															
6	6	20	20	0.0	0	0	StaffText	4/4	4	1	0							sotto voce											
6	6	20	20	0.5	0	0	Chord	4/4	4	1	1/8	1/8	1	118															
6	6	21	21	0.5	1/4	1/4	Chord	4/4	4	1	1/8	1/8	1	119															
6	6	22	22	0.5	1/2	1/2	Chord	4/4	4	1	1/8	1/8	1	120															
6	6	23	23	0.5	3/4	3/4	Chord	4/4	4	1	1/8	1/8	1	121															
7	7	24	24	1.0	0	0	Chord	4/4	3	1	1/4	1/4	1	122										35					
7	7	25	25	0.5	1/4	1/4	Chord	4/4	3	1	1/8	1/8	1	123										35					
7	7	51/2	51/2	0.5	3/8	3/8	Chord	4/4	3	1	1/8	1/8	1	124															
7	7	26	26	1.0	1/2	1/2	Chord	4/4	3	1	1/4	1/4	1	125										36					
7	7	27	27	1.0	3/4	3/4	Chord	4/4	3	1	1/4	1/4	1	126															
7	7	97/4	97/4	0.25	1/16	1/16	Chord	4/4	3	2	1/16	1/16	1	127										37					
7	7	49/2	49/2	0.25	1/8	1/8	Chord	4/4	3	2	1/16	1/16	1	128										37					
7	7	99/4	99/4	0.25	3/16	3/16	Chord	4/4	3	2	1/16	1/16	1	129															
7	7	101/4	101/4	0.25	5/16	5/16	Chord	4/4	3	2	1/16	1/16	1	130										38					
7	7	51/2	51/2	0.25	3/8	3/8	Chord	4/4	3	2	1/16	1/16	1	131										38					
7	7	103/4	103/4	0.25	7/16	7/16	Chord	4/4	3	2	1/16	1/16	1	132															
7	7	105/4	105/4	0.25	9/16	9/16	Chord	4/4	3	2	1/16	1/16	1	133										39					
7	7	53/2	53/2	0.25	5/8	5/8	Chord	4/4	3	2	1/16	1/16	1	134										39					
7	7	107/4	107/4	0.25	11/16	11/16	Chord	4/4	3	2	1/16	1/16	1	135															
7	7	109/4	109/4	0.25	13/16	13/16	Chord	4/4	3	2	1/16	1/16	1	136										40					
7	7	55/2	55/2	0.25	7/8	7/8	Chord	4/4	3	2	1/16	1/16	1	137										40					
7	7	111/4	111/4	0.25	15/16	15/16	Chord	4/4	3	2	1/16	1/16	1	138															
7	7	24	24	0.5	0	0	Chord	4/4	4	1	1/8	1/8	1	139															
7	7	25	25	0.5	1/4	1/4	Chord	4/4	4	1	1/8	1/8	1	140															
7	7	26	26	0.5	1/2	1/2	Chord	4/4	4	1	1/8	1/8	1	141															
7	7	27	27	0.5	3/4	3/4	Chord	4/4	4	1	1/8	1/8	1	142															
8	8	28	28	0.0	0	0	Dynamic	4/4	1	1	0					p													
8	8	28	28	0.0	0	0	StaffText	4/4	1	1	0							Sostenuto											
8	8	28	28	0.0	0	0	Spanner	4/4	1	1	0																	0	
8	8	28	28	1.0	0	0	Chord	4/4	1	1	1/4	1/4	1	143	Quan-													0	
8	8	29	29	1.0	1/4	1/4	Chord	4/4	1	1	1/4	1/4	1	144	-do													0	
8	8	30	30	0.0	1/2	1/2	Spanner	4/4	1	1	0																		0
8	8	30	30	0.0	1/2	1/2	Spanner	4/4	1	1	0																		0
8	8	30	30	1.0	1/2	1/2	Chord	4/4	1	1	1/4	1/4	1	145	cor-														0
8	8	31	31	1.0	3/4	3/4	Chord	4/4	1	1	1/4	1/4	1	146	-pus														0
8	8	30	30	0.0	1/2	1/2	Dynamic	4/4	2	1	0					p													
8	8	30	30	0.0	1/2	1/2	StaffText	4/4	2	1	0							Sostenuto											
8	8	30	30	0.0	1/2	1/2	Spanner	4/4	2	1	0																	1	
8	8	30	30	1.0	1/2	1/2	Chord	4/4	2	1	1/4	1/4	1	147	Quan-													1	
8	8	31	31	1.0	3/4	3/4	Chord	4/4	2	1	1/4	1/4	1	148	-do													1	
8	8	113/4	113/4	0.25	1/16	1/16	Chord	4/4	3	1	1/16	1/16	1	149										41					
8	8	57/2	57/2	0.25	1/8	1/8	Chord	4/4	3	1	1/16	1/16	1	150										41					
8	8	115/4	115/4	0.25	3/16	3/16	Chord	4/4	3	1	1/16	1/16	1	151															
8	8	117/4	117/4	0.25	5/16	5/16	Chord	4/4	3	1	1/16	1/16	1	152										42					
8	8	59/2	59/2	0.25	3/8	3/8	Chord	4/4	3	1	1/16	1/16	1	153										42					
8	8	119/4	119/4	0.25	7/16	7/16	Chord	4/4	3	1	1/16	1/16	1	154															
8	8	121/4	121/4	0.25	9/16	9/16	Chord	4/4	3	1	1/16	1/16	1	155										43					
8	8	61/2	61/2	0.25	5/8	5/8	Chord	4/4	3	1	1/16	1/16	1	156										43					
8	8	123/4	123/4	0.25	11/16	11/16	Chord	4/4	3	1	1/16	1/16	1	157															
8	8	125/4	125/4	0.25	13/16	13/16	Chord	4/4	3	1	1/16	1/16	1	158										44					
8	8	63/2	63/2	0.25	7/8	7/8	Chord	4/4	3	1	1/16	1/16	1	159										44					
8	8	127/4	127/4	0.25	15/16	15/16	Chord	4/4	3	1	1/16	1/16	1	160															
8	8	28	28	0.0	0	0	Dynamic	4/4	4	1	0					p													
8	8	28	28	0.5	0	0	Chord	4/4	4	1	1/8	1/8	1	161															
8	8	29	29	0.5	1/4	1/4	Chord	4/4	4	1	1/8	1/8	1	162															
8	8	30	30	0.5	1/2	1/2	Chord	4/4	4	1	1/8	1/8	1	163															
8	8	31	31	0.5	3/4	3/4	Chord	4/4	4	1	1/8	1/8	1	164															
9	9	32	32	0.0	0	0	Spanner	4/4	1	1	0																		
9	9	34	34	0.0	1/2	1/2	Dynamic	4/4	1	1	0					p													
9	9	34	34	1.0	1/2	1/2	Chord	4/4	1	1	1/4	1/4	1	165	mo-														
9	9	35	35	1.0	3/4	3/4	Chord	4/4	1	1	1/4	1/4	1	166	-ri-														
9	9	32	32	0.0	0	0	Spanner	4/4	2	1	0																		
9	9	32	32	0.0	0	0	Spanner	4/4	2	1	0																		1
9	9	32	32	1.0	0	0	Chord	4/4	2	1	1/4	1/4	1	167	cor-														1
9	9	33	33	0.0	1/4	1/4	Spanner	4/4	2	1	0																		
9	9	33	33	1.0	1/4	1/4	Chord	4/4	2	1	1/4	1/4	1	168	-pus														
9	9	34	34	0.0	1/2	1/2	Dynamic	4/4	2	1	0					p													
9	9	34	34	1.0	1/2	1/2	Chord	4/4	2	1	1/4	1/4	1	169	mo-														
9	9	35	35	1.0	3/4	3/4	Chord	4/4	2	1	1/4	1/4	1	170	-ri-														
9	9	129/4	129/4	0.25	1/16	1/16	Chord	4/4	3	1	1/16	1/16	1	171										45					
9	9	65/2	65/2	0.25	1/8	1/8	Chord	4/4	3	1	1/16	1/16	1	172										45					
9	9	131/4	131/4	0.25	3/16	3/16	Chord	4/4	3	1	1/16	1/16	1	173															
9	9	133/4	133/4	0.25	5/16	5/16	Chord	4/4	3	1	1/16	1/16	1	174										46					
9	9	67/2	67/2	0.25	3/8	3/8	Chord	4/4	3	1	1/16	1/16	1	175										46					
9	9	135/4	135/4	0.25	7/16	7/16	Chord	4/4	3	1	1/16	1/16	1	176															
9	9	137/4	137/4	0.25	9/16	9/16	Chord	4/4	3	1	1/16	1/16	1	177										47					
9	9	69/2	69/2	0.25	5/8	5/8	Chord	4/4	3	1	1/16	1/16	1	178										47					
9	9	139/4	139/4	0.25	11/16	11/16	Chord	4/4	3	1	1/16	1/16	1	179															
9	9	141/4	141/4	0.25	13/16	13/16	Chord	4/4	3	1	1/16	1/16	1	180										48					
9	9	71/2	71/2	0.25	7/8	7/8	Chord	4/4	3	1	1/16	1/16	1	181										48					
9	9	143/4	143/4	0.25	15/16	15/16	Chord	4/4	3	1	1/16	1/16	1	182															
9	9	32	32	0.5	0	0	Chord	4/4	4	1	1/8	1/8	1	183															
9	9	33	33	0.5	1/4	1/4	Chord	4/4	4	1	1/8	1/8	1	184															
9	9	34	34	0.5	1/2	1/2	Chord	4/4	4	1	1/8	1/8	1	185															
9	9	35	35	0.5	3/4	3/4	Chord	4/4	4	1	1/8	1/8	1	186															
10	10	36	36	1.0	0	0	Chord	4/4	1	1	1/4	1/4	1	187	-e-														
10	10	37	37	1.0	1/4	1/4	Chord	4/4	1	1	1/4	1/4	1	188	-tur														
10	10	38	38	0.0	1/2	1/2	Spanner	4/4	1	1	0																	2	
10	10	38	38	1.5	1/2	1/2	Chord	4/4	1	1	3/8	1/4	3/2	189	fac													2	
10	10	79/2	79/2	0.0	7/8	7/8	Spanner	4/4	1	1	0																		
10	10	79/2	79/2	0.5	7/8	7/8	Chord	4/4	1	1	1/8	1/8	1	190	ut														
10	10	36	36	1.0	0	0	Chord	4/4	2	1	1/4	1/4	1	191	-e-														
10	10	37	37	1.0	1/4	1/4	Chord	4/4	2	1	1/4	1/4	1	192	-tur														
10	10	145/4	145/4	0.25	1/16	1/16	Chord	4/4	3	1	1/16	1/16	1	193										49					
10	10	73/2	73/2	0.25	1/8	1/8	Chord	4/4	3	1	1/16	1/16	1	194										49					
10	10	147/4	147/4	0.25	3/16	3/16	Chord	4/4	3	1	1/16	1/16	1	195															
10	10	149/4	149/4	0.25	5/16	5/16	Chord	4/4	3	1	1/16	1/16	1	196										50					
10	10	75/2	75/2	0.25	3/8	3/8	Chord	4/4	3	1	1/16	1/16	1	197										50					
10	10	151/4	151/4	0.25	7/16	7/16	Chord	4/4	3	1	1/16	1/16	1	198															
10	10	153/4	153/4	0.25	9/16	9/16	Chord	4/4	3	1	1/16	1/16	1	199										51					
10	10	77/2	77/2	0.25	5/8	5/8	Chord	4/4	3	1	1/16	1/16	1	200										51					
10	10	155/4	155/4	0.25	11/16	11/16	Chord	4/4	3	1	1/16	1/16	1	201															
10	10	157/4	157/4	0.25	13/16	13/16	Chord	4/4	3	1	1/16	1/16	1	202										52					
10	10	79/2	79/2	0.25	7/8	7/8	Chord	4/4	3	1	1/16	1/16	1	203										52					
10	10	159/4	159/4	0.25	15/16	15/16	Chord	4/4	3	1	1/16	1/16	1	204															
10	10	36	36	0.5	0	0	Chord	4/4	4	1	1/8	1/8	1	205															
10	10	37	37	0.5	1/4	1/4	Chord	4/4	4	1	1/8	1/8	1	206															
10	10	38	38	0.5	1/2	1/2	Chord	4/4	4	1	1/8	1/8	1	207															
10	10	39	39	0.5	3/4	3/4	Chord	4/4	4	1	1/8	1/8	1	208															
11	11	40	40	1.0	0	0	Chord	4/4	1	1	1/4	1/4	1	209	a-									53					
11	11	41	41	0.5	1/4	1/4	Chord	4/4	1	1	1/8	1/8	1	210															
11	11	83/2	83/2	0.5	3/8	3/8	Chord	4/4	1	1	1/8	1/8	1	211	-ni-														
11	11	42	42	0.5	1/2	1/2	Chord	4/4	1	1	1/8	1/8	1	212	-m√¶									54					
11	11	85/2	85/2	1.0	5/8	5/8	Chord	4/4	1	1	1/4	1/4	1	213															
11	11	87/2	87/2	0.25	7/8	7/8	Chord	4/4	1	1	1/16	1/16	1	214	do-									55					
11	11	175/4	175/4	0.25	15/16	15/16	Chord	4/4	1	1	1/16	1/16	1	215															
11	11	161/4	161/4	0.25	1/16	1/16	Chord	4/4	3	1	1/16	1/16	1	216										56					
11	11	81/2	81/2	0.25	1/8	1/8	Chord	4/4	3	1	1/16	1/16	1	217										56					
11	11	163/4	163/4	0.25	3/16	3/16	Chord	4/4	3	1	1/16	1/16	1	218															
11	11	165/4	165/4	0.25	5/16	5/16	Chord	4/4	3	1	1/16	1/16	1	219										57					
11	11	83/2	83/2	0.25	3/8	3/8	Chord	4/4	3	1	1/16	1/16	1	220										57					
11	11	167/4	167/4	0.25	7/16	7/16	Chord	4/4	3	1	1/16	1/16	1	221															
11	11	169/4	169/4	0.25	9/16	9/16	Chord	4/4	3	1	1/16	1/16	1	222										58					
11	11	85/2	85/2	0.25	5/8	5/8	Chord	4/4	3	1	1/16	1/16	1	223										58					
11	11	171/4	171/4	0.25	11/16	11/16	Chord	4/4	3	1	1/16	1/16	1	224															
11	11	173/4	173/4	0.25	13/16	13/16	Chord	4/4	3	1	1/16	1/16	1	225										59					
11	11	87/2	87/2	0.25	7/8	7/8	Chord	4/4	3	1	1/16	1/16	1	226										59					
11	11	175/4	175/4	0.25	15/16	15/16	Chord	4/4	3	1	1/16	1/16	1	227															
11	11	40	40	0.5	0	0	Chord	4/4	4	1	1/8	1/8	1	228															
11	11	41	41	0.5	1/4	1/4	Chord	4/4	4	1	1/8	1/8	1	229															
11	11	42	42	0.5	1/2	1/2	Chord	4/4	4	1	1/8	1/8	1	230															
11	11	43	43	0.5	3/4	3/4	Chord	4/4	4	1	1/8	1/8	1	231															
12	12	44	44	0.25	0	0	Chord	4/4	1	1	1/16	1/16	1	232	-ne-									60					
12	12	177/4	177/4	0.25	1/16	1/16	Chord	4/4	1	1	1/16	1/16	1	233															
12	12	89/2	89/2	1.5	1/8	1/8	Chord	4/4	1	1	3/8	1/4	3/2	234	-tur														
12	12	46	46	0.0	1/2	1/2	Spanner	4/4	2	1	0																	3	
12	12	46	46	1.5	1/2	1/2	Chord	4/4	2	1	3/8	1/4	3/2	235	fac													3	
12	12	95/2	95/2	0.0	7/8	7/8	Spanner	4/4	2	1	0																		
12	12	95/2	95/2	0.5	7/8	7/8	Chord	4/4	2	1	1/8	1/8	1	236	ut														
12	12	177/4	177/4	0.25	1/16	1/16	Chord	4/4	3	1	1/16	1/16	1	237										61					
12	12	89/2	89/2	0.25	1/8	1/8	Chord	4/4	3	1	1/16	1/16	1	238										61					
12	12	179/4	179/4	0.25	3/16	3/16	Chord	4/4	3	1	1/16	1/16	1	239															
12	12	181/4	181/4	0.25	5/16	5/16	Chord	4/4	3	1	1/16	1/16	1	240										62					
12	12	91/2	91/2	0.25	3/8	3/8	Chord	4/4	3	1	1/16	1/16	1	241										62					
12	12	183/4	183/4	0.25	7/16	7/16	Chord	4/4	3	1	1/16	1/16	1	242															
12	12	185/4	185/4	0.25	9/16	9/16	Chord	4/4	3	1	1/16	1/16	1	243										63					
12	12	93/2	93/2	0.25	5/8	5/8	Chord	4/4	3	1	1/16	1/16	1	244										63					
12	12	187/4	187/4	0.25	11/16	11/16	Chord	4/4	3	1	1/16	1/16	1	245															
12	12	189/4	189/4	0.25	13/16	13/16	Chord	4/4	3	1	1/16	1/16	1	246										64					
12	12	95/2	95/2	0.25	7/8	7/8	Chord	4/4	3	1	1/16	1/16	1	247										64					
12	12	191/4	191/4	0.25	15/16	15/16	Chord	4/4	3	1	1/16	1/16	1	248															
12	12	44	44	0.5	0	0	Chord	4/4	4	1	1/8	1/8	1	249															
12	12	45	45	0.5	1/4	1/4	Chord	4/4	4	1	1/8	1/8	1	250															
12	12	46	46	0.5	1/2	1/2	Chord	4/4	4	1	1/8	1/8	1	251															
12	12	47	47	0.5	3/4	3/4	Chord	4/4	4	1	1/8	1/8	1	252															
13	13	48	48	1.0	0	0	Chord	4/4	2	1	1/4	1/4	1	253	a-									65					
13	13	49	49	0.5	1/4	1/4	Chord	4/4	2	1	1/8	1/8	1	254															
13	13	99/2	99/2	0.5	3/8	3/8	Chord	4/4	2	1	1/8	1/8	1	255	-ni-														
13	13	50	50	0.5	1/2	1/2	Chord	4/4	2	1	1/8	1/8	1	256	-mae									66					
13	13	101/2	101/2	1.0	5/8	5/8	Chord	4/4	2	1	1/4	1/4	1	257															
13	13	103/2	103/2	0.25	7/8	7/8	Chord	4/4	2	1	1/16	1/16	1	258	do-									67					
13	13	207/4	207/4	0.25	15/16	15/16	Chord	4/4	2	1	1/16	1/16	1	259															
13	13	193/4	193/4	0.25	1/16	1/16	Chord	4/4	3	1	1/16	1/16	1	260										68					
13	13	97/2	97/2	0.25	1/8	1/8	Chord	4/4	3	1	1/16	1/16	1	261										68					
13	13	195/4	195/4	0.25	3/16	3/16	Chord	4/4	3	1	1/16	1/16	1	262															
13	13	197/4	197/4	0.25	5/16	5/16	Chord	4/4	3	1	1/16	1/16	1	263										69					
13	13	99/2	99/2	0.25	3/8	3/8	Chord	4/4	3	1	1/16	1/16	1	264										69					
13	13	199/4	199/4	0.25	7/16	7/16	Chord	4/4	3	1	1/16	1/16	1	265															
13	13	201/4	201/4	0.25	9/16	9/16	Chord	4/4	3	1	1/16	1/16	1	266										70					
13	13	101/2	101/2	0.25	5/8	5/8	Chord	4/4	3	1	1/16	1/16	1	267										70					
13	13	203/4	203/4	0.25	11/16	11/16	Chord	4/4	3	1	1/16	1/16	1	268															
13	13	205/4	205/4	0.25	13/16	13/16	Chord	4/4	3	1	1/16	1/16	1	269										71					
13	13	103/2	103/2	0.25	7/8	7/8	Chord	4/4	3	1	1/16	1/16	1	270										71					
13	13	207/4	207/4	0.25	15/16	15/16	Chord	4/4	3	1	1/16	1/16	1	271															
13	13	48	48	0.5	0	0	Chord	4/4	4	1	1/8	1/8	1	272															
13	13	49	49	0.5	1/4	1/4	Chord	4/4	4	1	1/8	1/8	1	273															
13	13	50	50	0.5	1/2	1/2	Chord	4/4	4	1	1/8	1/8	1	274															
13	13	51	51	0.5	3/4	3/4	Chord	4/4	4	1	1/8	1/8	1	275															
14	14	52	52	0.0	0	0	Dynamic	4/4	1	1	0					p													
14	14	52	52	0.0	0	0	Spanner	4/4	1	1	0																0		
14	14	52	52	1.5	0	0	Chord	4/4	1	1	3/8	1/4	3/2	276	pa-												0		
14	14	107/2	107/2	0.5	3/8	3/8	Chord	4/4	1	1	1/8	1/8	1	277	-ra-												0		
14	14	54	54	2.0	1/2	1/2	Chord	4/4	1	1	1/2	1/2	1	278	-di-												0		
14	14	52	52	0.25	0	0	Chord	4/4	2	1	1/16	1/16	1	279	-ne-									72					
14	14	209/4	209/4	0.25	1/16	1/16	Chord	4/4	2	1	1/16	1/16	1	280															
14	14	105/2	105/2	0.5	1/8	1/8	Chord	4/4	2	1	1/8	1/8	1	281	-tur														
14	14	54	54	0.0	1/2	1/2	Dynamic	4/4	2	1	0					mp													
14	14	54	54	0.0	1/2	1/2	Spanner	4/4	2	1	0																1		
14	14	54	54	1.5	1/2	1/2	Chord	4/4	2	1	3/8	1/4	3/2	282	pa-												1		
14	14	111/2	111/2	0.5	7/8	7/8	Chord	4/4	2	1	1/8	1/8	1	283	-ra-												1		
14	14	209/4	209/4	0.25	1/16	1/16	Chord	4/4	3	1	1/16	1/16	1	284										73					
14	14	105/2	105/2	0.25	1/8	1/8	Chord	4/4	3	1	1/16	1/16	1	285										73					
14	14	211/4	211/4	0.25	3/16	3/16	Chord	4/4	3	1	1/16	1/16	1	286															
14	14	213/4	213/4	0.25	5/16	5/16	Chord	4/4	3	1	1/16	1/16	1	287										74					
14	14	107/2	107/2	0.25	3/8	3/8	Chord	4/4	3	1	1/16	1/16	1	288										74					
14	14	215/4	215/4	0.25	7/16	7/16	Chord	4/4	3	1	1/16	1/16	1	289															
14	14	217/4	217/4	0.25	9/16	9/16	Chord	4/4	3	1	1/16	1/16	1	290										75					
14	14	109/2	109/2	0.25	5/8	5/8	Chord	4/4	3	1	1/16	1/16	1	291										75					
14	14	219/4	219/4	0.25	11/16	11/16	Chord	4/4	3	1	1/16	1/16	1	292															
14	14	221/4	221/4	0.25	13/16	13/16	Chord	4/4	3	1	1/16	1/16	1	293										76					
14	14	111/2	111/2	0.25	7/8	7/8	Chord	4/4	3	1	1/16	1/16	1	294										76					
14	14	223/4	223/4	0.25	15/16	15/16	Chord	4/4	3	1	1/16	1/16	1	295															
14	14	52	52	0.5	0	0	Chord	4/4	4	1	1/8	1/8	1	296															
14	14	53	53	0.0	1/4	1/4	Spanner	4/4	4	1	0																2		
14	14	53	53	0.5	1/4	1/4	Chord	4/4	4	1	1/8	1/8	1	297													2		
14	14	54	54	0.5	1/2	1/2	Chord	4/4	4	1	1/8	1/8	1	298													2		
14	14	55	55	0.5	3/4	3/4	Chord	4/4	4	1	1/8	1/8	1	299													2		
15	15	56	56	1.0	0	0	Chord	4/4	1	1	1/4	1/4	1	300													0		
15	15	57	57	1.0	1/4	1/4	Chord	4/4	1	1	1/4	1/4	1	301	-si												0		
15	15	58	58	1.5	1/2	1/2	Chord	4/4	1	1	3/8	1/4	3/2	302	glo-												0		
15	15	119/2	119/2	0.5	7/8	7/8	Chord	4/4	1	1	1/8	1/8	1	303	-ri-												0		
15	15	56	56	1.0	0	0	Chord	4/4	2	1	1/4	1/4	1	304	-di-												1		
15	15	57	57	1.0	1/4	1/4	Chord	4/4	2	1	1/4	1/4	1	305	-si												1		
15	15	58	58	1.0	1/2	1/2	Chord	4/4	2	1	1/4	1/4	1	306	glo-									77			1		
15	15	59	59	0.75	3/4	3/4	Chord	4/4	2	1	3/16	1/8	3/2	307													1		
15	15	239/4	239/4	0.25	15/16	15/16	Chord	4/4	2	1	1/16	1/16	1	308	-ri-												1		
15	15	225/4	225/4	0.25	1/16	1/16	Chord	4/4	3	1	1/16	1/16	1	309										78					
15	15	113/2	113/2	0.25	1/8	1/8	Chord	4/4	3	1	1/16	1/16	1	310										78					
15	15	227/4	227/4	0.25	3/16	3/16	Chord	4/4	3	1	1/16	1/16	1	311															
15	15	229/4	229/4	0.25	5/16	5/16	Chord	4/4	3	1	1/16	1/16	1	312										79					
15	15	115/2	115/2	0.25	3/8	3/8	Chord	4/4	3	1	1/16	1/16	1	313										79					
15	15	231/4	231/4	0.25	7/16	7/16	Chord	4/4	3	1	1/16	1/16	1	314															
15	15	233/4	233/4	0.25	9/16	9/16	Chord	4/4	3	1	1/16	1/16	1	315										80					
15	15	117/2	117/2	0.25	5/8	5/8	Chord	4/4	3	1	1/16	1/16	1	316										80					
15	15	235/4	235/4	0.25	11/16	11/16	Chord	4/4	3	1	1/16	1/16	1	317															
15	15	237/4	237/4	0.25	13/16	13/16	Chord	4/4	3	1	1/16	1/16	1	318										81					
15	15	119/2	119/2	0.25	7/8	7/8	Chord	4/4	3	1	1/16	1/16	1	319										81					
15	15	239/4	239/4	0.25	15/16	15/16	Chord	4/4	3	1	1/16	1/16	1	320															
15	15	56	56	0.5	0	0	Chord	4/4	4	1	1/8	1/8	1	321													2		
15	15	57	57	0.5	1/4	1/4	Chord	4/4	4	1	1/8	1/8	1	322													2		
15	15	58	58	0.5	1/2	1/2	Chord	4/4	4	1	1/8	1/8	1	323													2		
15	15	59	59	0.5	3/4	3/4	Chord	4/4	4	1	1/8	1/8	1	324													2		
16	16	60	60	0.0	0	0	Dynamic	4/4	1	1	0					mf													
16	16	60	60	0.0	0	0	Spanner	4/4	1	1	0																		
16	16	60	60	1.0	0	0	Chord	4/4	1	1	1/4	1/4	1	325	-a.														
16	16	60	60	0.0	0	0	Dynamic	4/4	2	1	0					mf													
16	16	60	60	0.0	0	0	Spanner	4/4	2	1	0																		
16	16	60	60	1.0	0	0	Chord	4/4	2	1	1/4	1/4	1	326	-a.														
16	16	241/4	241/4	0.25	1/16	1/16	Chord	4/4	3	1	1/16	1/16	1	327										82					
16	16	121/2	121/2	0.25	1/8	1/8	Chord	4/4	3	1	1/16	1/16	1	328										82					
16	16	243/4	243/4	0.25	3/16	3/16	Chord	4/4	3	1	1/16	1/16	1	329															
16	16	245/4	245/4	0.25	5/16	5/16	Chord	4/4	3	1	1/16	1/16	1	330										83					
16	16	123/2	123/2	0.25	3/8	3/8	Chord	4/4	3	1	1/16	1/16	1	331										83					
16	16	247/4	247/4	0.25	7/16	7/16	Chord	4/4	3	1	1/16	1/16	1	332															
16	16	249/4	249/4	0.25	9/16	9/16	Chord	4/4	3	1	1/16	1/16	1	333										84					
16	16	125/2	125/2	0.25	5/8	5/8	Chord	4/4	3	1	1/16	1/16	1	334										84					
16	16	251/4	251/4	0.25	11/16	11/16	Chord	4/4	3	1	1/16	1/16	1	335															
16	16	253/4	253/4	0.25	13/16	13/16	Chord	4/4	3	1	1/16	1/16	1	336										85					
16	16	127/2	127/2	0.25	7/8	7/8	Chord	4/4	3	1	1/16	1/16	1	337										85					
16	16	255/4	255/4	0.25	15/16	15/16	Chord	4/4	3	1	1/16	1/16	1	338															
16	16	60	60	0.0	0	0	Dynamic	4/4	4	1	0					mf													
16	16	60	60	0.0	0	0	Spanner	4/4	4	1	0																		
16	16	60	60	0.5	0	0	Chord	4/4	4	1	1/8	1/8	1	339															
16	16	61	61	0.5	1/4	1/4	Chord	4/4	4	1	1/8	1/8	1	340															
16	16	62	62	0.5	1/2	1/2	Chord	4/4	4	1	1/8	1/8	1	341															
16	16	125/2	125/2	0.0	5/8	5/8	Spanner	4/4	4	1	0																		2
16	16	63	63	0.5	3/4	3/4	Chord	4/4	4	1	1/8	1/8	1	342															2
17	17	66	66	0.0	1/2	1/2	Dynamic	4/4	1	1	0					mp													
17	17	66	66	1.0	1/2	1/2	Chord	4/4	1	1	1/4	1/4	1	343	Quan-														
17	17	67	67	1.0	3/4	3/4	Chord	4/4	1	1	1/4	1/4	1	344	-do														
17	17	64	64	0.0	0	0	Dynamic	4/4	2	1	0					mp													
17	17	64	64	1.0	0	0	Chord	4/4	2	1	1/4	1/4	1	345	Quan-														
17	17	65	65	1.0	1/4	1/4	Chord	4/4	2	1	1/4	1/4	1	346	-do														
17	17	66	66	2.0	1/2	1/2	Chord	4/4	2	1	1/2	1/2	1	347	cor-														
17	17	257/4	257/4	0.25	1/16	1/16	Chord	4/4	3	1	1/16	1/16	1	348										86					
17	17	129/2	129/2	0.25	1/8	1/8	Chord	4/4	3	1	1/16	1/16	1	349										86					
17	17	259/4	259/4	0.25	3/16	3/16	Chord	4/4	3	1	1/16	1/16	1	350															
17	17	261/4	261/4	0.25	5/16	5/16	Chord	4/4	3	1	1/16	1/16	1	351										87					
17	17	131/2	131/2	0.25	3/8	3/8	Chord	4/4	3	1	1/16	1/16	1	352										87					
17	17	263/4	263/4	0.25	7/16	7/16	Chord	4/4	3	1	1/16	1/16	1	353															
17	17	265/4	265/4	0.25	9/16	9/16	Chord	4/4	3	1	1/16	1/16	1	354										88					
17	17	133/2	133/2	0.25	5/8	5/8	Chord	4/4	3	1	1/16	1/16	1	355										88					
17	17	267/4	267/4	0.25	11/16	11/16	Chord	4/4	3	1	1/16	1/16	1	356															
17	17	269/4	269/4	0.25	13/16	13/16	Chord	4/4	3	1	1/16	1/16	1	357										89					
17	17	135/2	135/2	0.25	7/8	7/8	Chord	4/4	3	1	1/16	1/16	1	358										89					
17	17	271/4	271/4	0.25	15/16	15/16	Chord	4/4	3	1	1/16	1/16	1	359															
17	17	64	64	0.0	0	0	Dynamic	4/4	4	1	0					p													
17	17	64	64	0.0	0	0	Spanner	4/4	4	1	0																		
17	17	64	64	0.5	0	0	Chord	4/4	4	1	1/8	1/8	1	360															
17	17	65	65	0.5	1/4	1/4	Chord	4/4	4	1	1/8	1/8	1	361															
17	17	66	66	0.5	1/2	1/2	Chord	4/4	4	1	1/8	1/8	1	362															
17	17	67	67	0.5	3/4	3/4	Chord	4/4	4	1	1/8	1/8	1	363															
18	18	68	68	1.0	0	0	Chord	4/4	1	1	1/4	1/4	1	364	cor-														
18	18	69	69	1.0	1/4	1/4	Chord	4/4	1	1	1/4	1/4	1	365	-pus														
18	18	70	70	2.0	1/2	1/2	Chord	4/4	1	1	1/2	1/2	1	366	mo-														
18	18	68	68	2.0	0	0	Chord	4/4	2	1	1/2	1/2	1	367	-pus														
18	18	70	70	2.0	1/2	1/2	Chord	4/4	2	1	1/2	1/2	1	368	mo-														
18	18	273/4	273/4	0.25	1/16	1/16	Chord	4/4	3	1	1/16	1/16	1	369										90					
18	18	137/2	137/2	0.25	1/8	1/8	Chord	4/4	3	1	1/16	1/16	1	370										90					
18	18	275/4	275/4	0.25	3/16	3/16	Chord	4/4	3	1	1/16	1/16	1	371															
18	18	277/4	277/4	0.25	5/16	5/16	Chord	4/4	3	1	1/16	1/16	1	372										91					
18	18	139/2	139/2	0.25	3/8	3/8	Chord	4/4	3	1	1/16	1/16	1	373										91					
18	18	279/4	279/4	0.25	7/16	7/16	Chord	4/4	3	1	1/16	1/16	1	374															
18	18	281/4	281/4	0.25	9/16	9/16	Chord	4/4	3	1	1/16	1/16	1	375										92					
18	18	141/2	141/2	0.25	5/8	5/8	Chord	4/4	3	1	1/16	1/16	1	376										92					
18	18	283/4	283/4	0.25	11/16	11/16	Chord	4/4	3	1	1/16	1/16	1	377															
18	18	285/4	285/4	0.25	13/16	13/16	Chord	4/4	3	1	1/16	1/16	1	378										93					
18	18	143/2	143/2	0.25	7/8	7/8	Chord	4/4	3	1	1/16	1/16	1	379										93					
18	18	287/4	287/4	0.25	15/16	15/16	Chord	4/4	3	1	1/16	1/16	1	380															
18	18	68	68	0.5	0	0	Chord	4/4	4	1	1/8	1/8	1	381															
18	18	69	69	0.5	1/4	1/4	Chord	4/4	4	1	1/8	1/8	1	382															
18	18	70	70	0.5	1/2	1/2	Chord	4/4	4	1	1/8	1/8	1	383															
18	18	71	71	0.5	3/4	3/4	Chord	4/4	4	1	1/8	1/8	1	384															
19	19	72	72	2.0	0	0	Chord	4/4	1	1	1/2	1/2	1	385	-ri-														
19	19	74	74	1.0	1/2	1/2	Chord	4/4	1	1	1/4	1/4	1	386	-e-									94					
19	19	75	75	1.0	3/4	3/4	Chord	4/4	1	1	1/4	1/4	1	387															
19	19	72	72	2.0	0	0	Chord	4/4	2	1	1/2	1/2	1	388	-ri-														
19	19	74	74	2.0	1/2	1/2	Chord	4/4	2	1	1/2	1/2	1	389	-e-														
19	19	289/4	289/4	0.25	1/16	1/16	Chord	4/4	3	1	1/16	1/16	1	390										95					
19	19	145/2	145/2	0.25	1/8	1/8	Chord	4/4	3	1	1/16	1/16	1	391										95					
19	19	291/4	291/4	0.25	3/16	3/16	Chord	4/4	3	1	1/16	1/16	1	392															
19	19	293/4	293/4	0.25	5/16	5/16	Chord	4/4	3	1	1/16	1/16	1	393										96					
19	19	147/2	147/2	0.25	3/8	3/8	Chord	4/4	3	1	1/16	1/16	1	394										96					
19	19	295/4	295/4	0.25	7/16	7/16	Chord	4/4	3	1	1/16	1/16	1	395															
19	19	297/4	297/4	0.25	9/16	9/16	Chord	4/4	3	1	1/16	1/16	1	396										97					
19	19	149/2	149/2	0.25	5/8	5/8	Chord	4/4	3	1	1/16	1/16	1	397										97					
19	19	299/4	299/4	0.25	11/16	11/16	Chord	4/4	3	1	1/16	1/16	1	398															
19	19	301/4	301/4	0.25	13/16	13/16	Chord	4/4	3	1	1/16	1/16	1	399										98					
19	19	151/2	151/2	0.25	7/8	7/8	Chord	4/4	3	1	1/16	1/16	1	400										98					
19	19	303/4	303/4	0.25	15/16	15/16	Chord	4/4	3	1	1/16	1/16	1	401															
19	19	72	72	0.0	0	0	Spanner	4/4	4	1	0														0				
19	19	72	72	0.5	0	0	Chord	4/4	4	1	1/8	1/8	1	402											0				
19	19	73	73	0.5	1/4	1/4	Chord	4/4	4	1	1/8	1/8	1	403											0				
19	19	74	74	0.5	1/2	1/2	Chord	4/4	4	1	1/8	1/8	1	404											0				
19	19	75	75	0.5	3/4	3/4	Chord	4/4	4	1	1/8	1/8	1	405											0				
20	20	76	76	0.5	0	0	Chord	4/4	1	1	1/8	1/8	1	406	-tur									99					
20	20	153/2	153/2	0.5	1/8	1/8	Chord	4/4	1	1	1/8	1/8	1	407															
20	20	78	78	0.0	1/2	1/2	Spanner	4/4	1	1	0																	4	
20	20	78	78	1.0	1/2	1/2	Chord	4/4	1	1	1/4	1/4	1	408	fac													4	
20	20	79	79	1.0	3/4	3/4	Chord	4/4	1	1	1/4	1/4	1	409	ut													4	
20	20	76	76	1.0	0	0	Chord	4/4	2	1	1/4	1/4	1	410	-tur														
20	20	77	77	0.0	1/4	1/4	Spanner	4/4	2	1	0																	5	
20	20	77	77	2.0	1/4	1/4	Chord	4/4	2	1	1/2	1/2	1	411	fac													5	
20	20	79	79	1.0	3/4	3/4	Chord	4/4	2	1	1/4	1/4	1	412	ut													5	
20	20	305/4	305/4	0.25	1/16	1/16	Chord	4/4	3	1	1/16	1/16	1	413										100					
20	20	153/2	153/2	0.25	1/8	1/8	Chord	4/4	3	1	1/16	1/16	1	414										100					
20	20	307/4	307/4	0.25	3/16	3/16	Chord	4/4	3	1	1/16	1/16	1	415															
20	20	309/4	309/4	0.25	5/16	5/16	Chord	4/4	3	1	1/16	1/16	1	416										101					
20	20	155/2	155/2	0.25	3/8	3/8	Chord	4/4	3	1	1/16	1/16	1	417										101					
20	20	311/4	311/4	0.25	7/16	7/16	Chord	4/4	3	1	1/16	1/16	1	418															
20	20	313/4	313/4	0.25	9/16	9/16	Chord	4/4	3	1	1/16	1/16	1	419										102					
20	20	157/2	157/2	0.25	5/8	5/8	Chord	4/4	3	1	1/16	1/16	1	420										102					
20	20	315/4	315/4	0.25	11/16	11/16	Chord	4/4	3	1	1/16	1/16	1	421															
20	20	317/4	317/4	0.25	13/16	13/16	Chord	4/4	3	1	1/16	1/16	1	422										103					
20	20	159/2	159/2	0.25	7/8	7/8	Chord	4/4	3	1	1/16	1/16	1	423										103					
20	20	319/4	319/4	0.25	15/16	15/16	Chord	4/4	3	1	1/16	1/16	1	424															
20	20	76	76	0.0	0	0	Dynamic	4/4	4	1	0					pp													
20	20	76	76	0.0	0	0	Spanner	4/4	4	1	0																		
20	20	76	76	0.5	0	0	Chord	4/4	4	1	1/8	1/8	1	425															
20	20	77	77	0.0	1/4	1/4	Dynamic	4/4	4	1	0					p													
20	20	77	77	0.5	1/4	1/4	Chord	4/4	4	1	1/8	1/8	1	426															
20	20	78	78	0.0	1/2	1/2	Spanner	4/4	4	1	0																	6	
20	20	78	78	0.5	1/2	1/2	Chord	4/4	4	1	1/8	1/8	1	427														6	
20	20	79	79	0.5	3/4	3/4	Chord	4/4	4	1	1/8	1/8	1	428														6	
21	21	80	80	0.0	0	0	Dynamic	4/4	1	1	0					f													
21	21	80	80	0.0	0	0	Spanner	4/4	1	1	0																		
21	21	80	80	1.0	0	0	Chord	4/4	1	1	1/4	1/4	1	429	a-														
21	21	81	81	1.0	1/4	1/4	Chord	4/4	1	1	1/4	1/4	1	430	-ni-														
21	21	82	82	1.0	1/2	1/2	Chord	4/4	1	1	1/4	1/4	1	431	-mae														
21	21	83	83	1.0	3/4	3/4	Chord	4/4	1	1	1/4	1/4	1	432	do-														
21	21	80	80	0.0	0	0	Dynamic	4/4	2	1	0					f													
21	21	80	80	0.0	0	0	Spanner	4/4	2	1	0																		
21	21	80	80	1.0	0	0	Chord	4/4	2	1	1/4	1/4	1	433	a-														
21	21	81	81	1.0	1/4	1/4	Chord	4/4	2	1	1/4	1/4	1	434	-ni-														
21	21	82	82	1.0	1/2	1/2	Chord	4/4	2	1	1/4	1/4	1	435	-mae														
21	21	83	83	1.0	3/4	3/4	Chord	4/4	2	1	1/4	1/4	1	436	do-														
21	21	321/4	321/4	0.25	1/16	1/16	Chord	4/4	3	1	1/16	1/16	1	437										104					
21	21	161/2	161/2	0.25	1/8	1/8	Chord	4/4	3	1	1/16	1/16	1	438										104					
21	21	323/4	323/4	0.25	3/16	3/16	Chord	4/4	3	1	1/16	1/16	1	439															
21	21	325/4	325/4	0.25	5/16	5/16	Chord	4/4	3	1	1/16	1/16	1	440										105					
21	21	163/2	163/2	0.25	3/8	3/8	Chord	4/4	3	1	1/16	1/16	1	441										105					
21	21	327/4	327/4	0.25	7/16	7/16	Chord	4/4	3	1	1/16	1/16	1	442															
21	21	329/4	329/4	0.25	9/16	9/16	Chord	4/4	3	1	1/16	1/16	1	443										106					
21	21	165/2	165/2	0.25	5/8	5/8	Chord	4/4	3	1	1/16	1/16	1	444										106					
21	21	331/4	331/4	0.25	11/16	11/16	Chord	4/4	3	1	1/16	1/16	1	445															
21	21	333/4	333/4	0.25	13/16	13/16	Chord	4/4	3	1	1/16	1/16	1	446										107					
21	21	167/2	167/2	0.25	7/8	7/8	Chord	4/4	3	1	1/16	1/16	1	447										107					
21	21	335/4	335/4	0.25	15/16	15/16	Chord	4/4	3	1	1/16	1/16	1	448															
21	21	80	80	0.5	0	0	Chord	4/4	4	1	1/8	1/8	1	449														6	
21	21	81	81	0.0	1/4	1/4	Dynamic	4/4	4	1	0					mf													
21	21	81	81	0.0	1/4	1/4	Spanner	4/4	4	1	0																		
21	21	81	81	0.5	1/4	1/4	Chord	4/4	4	1	1/8	1/8	1	450															
21	21	82	82	0.5	1/2	1/2	Chord	4/4	4	1	1/8	1/8	1	451															
21	21	83	83	0.0	3/4	3/4	Spanner	4/4	4	1	0																		3
21	21	83	83	0.5	3/4	3/4	Chord	4/4	4	1	1/8	1/8	1	452															3
22	22	84	84	0.0	0	0	Spanner	4/4	1	1	0																		4
22	22	84	84	0.25	0	0	Chord	4/4	1	1	1/16	1/16	1	453	-ne-									108					4
22	22	337/4	337/4	0.25	1/16	1/16	Chord	4/4	1	1	1/16	1/16	1	454															4
22	22	169/2	169/2	1.5	1/8	1/8	Chord	4/4	1	1	3/8	1/4	3/2	455	-tur														4
22	22	86	86	0.0	1/2	1/2	Dynamic	4/4	1	1	0					p													
22	22	86	86	0.0	1/2	1/2	Spanner	4/4	1	1	0																		
22	22	86	86	1.5	1/2	1/2	Chord	4/4	1	1	3/8	1/4	3/2	456	pa-														
22	22	175/2	175/2	0.5	7/8	7/8	Chord	4/4	1	1	1/8	1/8	1	457	-ra-														
22	22	84	84	0.0	0	0	Spanner	4/4	2	1	0																		5
22	22	84	84	0.5	0	0	Chord	4/4	2	1	1/8	1/8	1	458	-ne-									109					5
22	22	169/2	169/2	0.5	1/8	1/8	Chord	4/4	2	1	1/8	1/8	1	459															5
22	22	85	85	0.0	1/4	1/4	Dynamic	4/4	2	1	0					p													
22	22	85	85	0.0	1/4	1/4	Spanner	4/4	2	1	0																		
22	22	85	85	1.0	1/4	1/4	Chord	4/4	2	1	1/4	1/4	1	460	-tur														
22	22	337/4	337/4	0.25	1/16	1/16	Chord	4/4	3	1	1/16	1/16	1	461										110					
22	22	169/2	169/2	0.25	1/8	1/8	Chord	4/4	3	1	1/16	1/16	1	462										110					
22	22	339/4	339/4	0.25	3/16	3/16	Chord	4/4	3	1	1/16	1/16	1	463															
22	22	341/4	341/4	0.25	5/16	5/16	Chord	4/4	3	1	1/16	1/16	1	464										111					
22	22	171/2	171/2	0.25	3/8	3/8	Chord	4/4	3	1	1/16	1/16	1	465										111					
22	22	343/4	343/4	0.25	7/16	7/16	Chord	4/4	3	1	1/16	1/16	1	466															
22	22	345/4	345/4	0.25	9/16	9/16	Chord	4/4	3	1	1/16	1/16	1	467										112					
22	22	173/2	173/2	0.25	5/8	5/8	Chord	4/4	3	1	1/16	1/16	1	468										112					
22	22	347/4	347/4	0.25	11/16	11/16	Chord	4/4	3	1	1/16	1/16	1	469															
22	22	349/4	349/4	0.25	13/16	13/16	Chord	4/4	3	1	1/16	1/16	1	470										113					
22	22	175/2	175/2	0.25	7/8	7/8	Chord	4/4	3	1	1/16	1/16	1	471										113					
22	22	351/4	351/4	0.25	15/16	15/16	Chord	4/4	3	1	1/16	1/16	1	472															
22	22	84	84	0.5	0	0	Chord	4/4	4	1	1/8	1/8	1	473															3
22	22	85	85	0.5	1/4	1/4	Chord	4/4	4	1	1/8	1/8	1	474															3
22	22	86	86	0.0	1/2	1/2	Dynamic	4/4	4	1	0					p													
22	22	86	86	0.0	1/2	1/2	Spanner	4/4	4	1	0																		
22	22	86	86	0.5	1/2	1/2	Chord	4/4	4	1	1/8	1/8	1	475															
22	22	87	87	0.5	3/4	3/4	Chord	4/4	4	1	1/8	1/8	1	476															
23	23	88	88	0.5	0	0	Chord	4/4	1	1	1/8	1/8	1	477	-di-									114					
23	23	177/2	177/2	1.0	1/8	1/8	Chord	4/4	1	1	1/4	1/4	1	478															
23	23	179/2	179/2	0.5	3/8	3/8	Chord	4/4	1	1	1/8	1/8	1	479	-si														
23	23	90	90	1.0	1/2	1/2	Chord	4/4	1	1	1/4	1/4	1	480	glo-									115					
23	23	91	91	0.5	3/4	3/4	Chord	4/4	1	1	1/8	1/8	1	481															
23	23	183/2	183/2	0.5	7/8	7/8	Chord	4/4	1	1	1/8	1/8	1	482	-ri-														
23	23	353/4	353/4	0.25	1/16	1/16	Chord	4/4	3	1	1/16	1/16	1	483										116					
23	23	177/2	177/2	0.25	1/8	1/8	Chord	4/4	3	1	1/16	1/16	1	484										116					
23	23	355/4	355/4	0.25	3/16	3/16	Chord	4/4	3	1	1/16	1/16	1	485															
23	23	357/4	357/4	0.25	5/16	5/16	Chord	4/4	3	1	1/16	1/16	1	486										117					
23	23	179/2	179/2	0.25	3/8	3/8	Chord	4/4	3	1	1/16	1/16	1	487										117					
23	23	359/4	359/4	0.25	7/16	7/16	Chord	4/4	3	1	1/16	1/16	1	488															
23	23	361/4	361/4	0.25	9/16	9/16	Chord	4/4	3	1	1/16	1/16	1	489										118					
23	23	181/2	181/2	0.25	5/8	5/8	Chord	4/4	3	1	1/16	1/16	1	490										118					
23	23	363/4	363/4	0.25	11/16	11/16	Chord	4/4	3	1	1/16	1/16	1	491															
23	23	365/4	365/4	0.25	13/16	13/16	Chord	4/4	3	1	1/16	1/16	1	492										119					
23	23	183/2	183/2	0.25	7/8	7/8	Chord	4/4	3	1	1/16	1/16	1	493										119					
23	23	367/4	367/4	0.25	15/16	15/16	Chord	4/4	3	1	1/16	1/16	1	494															
23	23	88	88	0.5	0	0	Chord	4/4	4	1	1/8	1/8	1	495															
23	23	89	89	0.5	1/4	1/4	Chord	4/4	4	1	1/8	1/8	1	496															
23	23	90	90	0.5	1/2	1/2	Chord	4/4	4	1	1/8	1/8	1	497															
23	23	91	91	0.5	3/4	3/4	Chord	4/4	4	1	1/8	1/8	1	498															
24	24	92	92	1.0	0	0	Chord	4/4	1	1	1/4	1/4	1	499	-a,														
24	24	94	94	0.0	1/2	1/2	Spanner	4/4	1	1	0																	7	
24	24	94	94	1.0	1/2	1/2	Chord	4/4	1	1	1/4	1/4	1	500	pa-													7	
24	24	95	95	1.0	3/4	3/4	Chord	4/4	1	1	1/4	1/4	1	501	-ra-													7	
24	24	92	92	0.0	0	0	Dynamic	4/4	2	1	0					p													
24	24	92	92	1.0	0	0	Chord	4/4	2	1	1/4	1/4	1	502	pa-														
24	24	93	93	1.0	1/4	1/4	Chord	4/4	2	1	1/4	1/4	1	503	-ra-														
24	24	94	94	0.0	1/2	1/2	Spanner	4/4	2	1	0																	8	
24	24	94	94	2.0	1/2	1/2	Chord	4/4	2	1	1/2	1/2	1	504	-di-													8	
24	24	369/4	369/4	0.25	1/16	1/16	Chord	4/4	3	1	1/16	1/16	1	505										120					
24	24	185/2	185/2	0.25	1/8	1/8	Chord	4/4	3	1	1/16	1/16	1	506										120					
24	24	371/4	371/4	0.25	3/16	3/16	Chord	4/4	3	1	1/16	1/16	1	507															
24	24	373/4	373/4	0.25	5/16	5/16	Chord	4/4	3	1	1/16	1/16	1	508										121					
24	24	187/2	187/2	0.25	3/8	3/8	Chord	4/4	3	1	1/16	1/16	1	509										121					
24	24	375/4	375/4	0.25	7/16	7/16	Chord	4/4	3	1	1/16	1/16	1	510															
24	24	377/4	377/4	0.25	9/16	9/16	Chord	4/4	3	1	1/16	1/16	1	511										122					
24	24	189/2	189/2	0.25	5/8	5/8	Chord	4/4	3	1	1/16	1/16	1	512										122					
24	24	379/4	379/4	0.25	11/16	11/16	Chord	4/4	3	1	1/16	1/16	1	513															
24	24	381/4	381/4	0.25	13/16	13/16	Chord	4/4	3	1	1/16	1/16	1	514										123					
24	24	191/2	191/2	0.25	7/8	7/8	Chord	4/4	3	1	1/16	1/16	1	515										123					
24	24	383/4	383/4	0.25	15/16	15/16	Chord	4/4	3	1	1/16	1/16	1	516															
24	24	92	92	0.5	0	0	Chord	4/4	4	1	1/8	1/8	1	517															
24	24	93	93	0.5	1/4	1/4	Chord	4/4	4	1	1/8	1/8	1	518															
24	24	94	94	0.5	1/2	1/2	Chord	4/4	4	1	1/8	1/8	1	519															
24	24	95	95	0.5	3/4	3/4	Chord	4/4	4	1	1/8	1/8	1	520															
25	25	96	96	0.0	0	0	Spanner	4/4	1	1	0																		
25	25	96	96	1.0	0	0	Chord	4/4	1	1	1/4	1/4	1	521	-di-														
25	25	97	97	1.0	1/4	1/4	Chord	4/4	1	1	1/4	1/4	1	522	-si														
25	25	98	98	1.0	1/2	1/2	Chord	4/4	1	1	1/4	1/4	1	523	glo-									124					
25	25	99	99	0.5	3/4	3/4	Chord	4/4	1	1	1/8	1/8	1	524															
25	25	199/2	199/2	0.5	7/8	7/8	Chord	4/4	1	1	1/8	1/8	1	525	-ri-														
25	25	96	96	0.0	0	0	Spanner	4/4	2	1	0																		
25	25	96	96	1.0	0	0	Chord	4/4	2	1	1/4	1/4	1	526															
25	25	97	97	1.0	1/4	1/4	Chord	4/4	2	1	1/4	1/4	1	527	-si														
25	25	98	98	1.5	1/2	1/2	Chord	4/4	2	1	3/8	1/4	3/2	528	glo-														
25	25	199/2	199/2	0.5	7/8	7/8	Chord	4/4	2	1	1/8	1/8	1	529	-ri-														
25	25	385/4	385/4	0.25	1/16	1/16	Chord	4/4	3	1	1/16	1/16	1	530										125					
25	25	193/2	193/2	0.25	1/8	1/8	Chord	4/4	3	1	1/16	1/16	1	531										125					
25	25	387/4	387/4	0.25	3/16	3/16	Chord	4/4	3	1	1/16	1/16	1	532															
25	25	389/4	389/4	0.25	5/16	5/16	Chord	4/4	3	1	1/16	1/16	1	533										126					
25	25	195/2	195/2	0.25	3/8	3/8	Chord	4/4	3	1	1/16	1/16	1	534										126					
25	25	391/4	391/4	0.25	7/16	7/16	Chord	4/4	3	1	1/16	1/16	1	535															
25	25	393/4	393/4	0.25	9/16	9/16	Chord	4/4	3	1	1/16	1/16	1	536										127					
25	25	197/2	197/2	0.25	5/8	5/8	Chord	4/4	3	1	1/16	1/16	1	537										127					
25	25	395/4	395/4	0.25	11/16	11/16	Chord	4/4	3	1	1/16	1/16	1	538															
25	25	397/4	397/4	0.25	13/16	13/16	Chord	4/4	3	1	1/16	1/16	1	539										128					
25	25	199/2	199/2	0.25	7/8	7/8	Chord	4/4	3	1	1/16	1/16	1	540										128					
25	25	399/4	399/4	0.25	15/16	15/16	Chord	4/4	3	1	1/16	1/16	1	541															
25	25	96	96	0.5	0	0	Chord	4/4	4	1	1/8	1/8	1	542															
25	25	97	97	0.5	1/4	1/4	Chord	4/4	4	1	1/8	1/8	1	543															
25	25	98	98	0.5	1/2	1/2	Chord	4/4	4	1	1/8	1/8	1	544															
25	25	99	99	0.5	3/4	3/4	Chord	4/4	4	1	1/8	1/8	1	545															
26	26	100	100	1.0	0	0	Chord	4/4	1	1	1/4	1/4	1	546	-a,														
26	26	102	102	0.0	1/2	1/2	Dynamic	4/4	1	1	0					other-dynamics													
26	26	102	102	1.0	1/2	1/2	Chord	4/4	1	1	1/4	1/4	1	547	pa-														
26	26	103	103	1.0	3/4	3/4	Chord	4/4	1	1	1/4	1/4	1	548	-ra-														
26	26	100	100	1.0	0	0	Chord	4/4	2	1	1/4	1/4	1	549	-a,														
26	26	100	100	0.5	0	0	Chord	4/4	3	1	1/8	1/8	1	550										129					
26	26	201/2	201/2	0.5	1/8	1/8	Chord	4/4	3	1	1/8	1/8	1	551															
26	26	409/4	409/4	0.25	9/16	9/16	Chord	4/4	3	1	1/16	1/16	1	552										130					
26	26	205/2	205/2	0.25	5/8	5/8	Chord	4/4	3	1	1/16	1/16	1	553										130					
26	26	411/4	411/4	0.25	11/16	11/16	Chord	4/4	3	1	1/16	1/16	1	554															
26	26	103	103	0.0	3/4	3/4	StaffText	4/4	3	1	0							"<font size=""10""/>sotto voce"											
26	26	413/4	413/4	0.25	13/16	13/16	Chord	4/4	3	1	1/16	1/16	1	555										131					
26	26	207/2	207/2	0.25	7/8	7/8	Chord	4/4	3	1	1/16	1/16	1	556										131					
26	26	415/4	415/4	0.25	15/16	15/16	Chord	4/4	3	1	1/16	1/16	1	557															
26	26	100	100	1.0	0	0	Chord	4/4	4	1	1/4	1/4	1	558															
26	26	102	102	0.0	1/2	1/2	Dynamic	4/4	4	1	0					p													
26	26	102	102	0.5	1/2	1/2	Chord	4/4	4	1	1/8	1/8	1	559															
26	26	205/2	205/2	0.0	5/8	5/8	StaffText	4/4	4	1	0							sotto voce											
26	26	103	103	0.5	3/4	3/4	Chord	4/4	4	1	1/8	1/8	1	560															
27	27	104	104	3.0	0	0	Chord	4/4	1	1	3/4	1/2	3/2	561	-di-														
27	27	107	107	1.0	3/4	3/4	Chord	4/4	1	1	1/4	1/4	1	562	-si														
27	27	104	104	0.0	0	0	Dynamic	4/4	2	1	0					other-dynamics													
27	27	104	104	1.0	0	0	Chord	4/4	2	1	1/4	1/4	1	563	pa-														
27	27	105	105	1.0	1/4	1/4	Chord	4/4	2	1	1/4	1/4	1	564	-ra-														
27	27	106	106	1.0	1/2	1/2	Chord	4/4	2	1	1/4	1/4	1	565	-di-														
27	27	107	107	1.0	3/4	3/4	Chord	4/4	2	1	1/4	1/4	1	566	-si														
27	27	417/4	417/4	0.25	1/16	1/16	Chord	4/4	3	1	1/16	1/16	1	567										132					
27	27	209/2	209/2	0.25	1/8	1/8	Chord	4/4	3	1	1/16	1/16	1	568										132					
27	27	419/4	419/4	0.25	3/16	3/16	Chord	4/4	3	1	1/16	1/16	1	569															
27	27	421/4	421/4	0.25	5/16	5/16	Chord	4/4	3	1	1/16	1/16	1	570										133					
27	27	211/2	211/2	0.25	3/8	3/8	Chord	4/4	3	1	1/16	1/16	1	571										133					
27	27	423/4	423/4	0.25	7/16	7/16	Chord	4/4	3	1	1/16	1/16	1	572															
27	27	425/4	425/4	0.25	9/16	9/16	Chord	4/4	3	1	1/16	1/16	1	573										134					
27	27	213/2	213/2	0.25	5/8	5/8	Chord	4/4	3	1	1/16	1/16	1	574										134					
27	27	427/4	427/4	0.25	11/16	11/16	Chord	4/4	3	1	1/16	1/16	1	575															
27	27	429/4	429/4	0.25	13/16	13/16	Chord	4/4	3	1	1/16	1/16	1	576										135					
27	27	215/2	215/2	0.25	7/8	7/8	Chord	4/4	3	1	1/16	1/16	1	577										135					
27	27	431/4	431/4	0.25	15/16	15/16	Chord	4/4	3	1	1/16	1/16	1	578															
27	27	104	104	0.5	0	0	Chord	4/4	4	1	1/8	1/8	1	579															
27	27	105	105	0.5	1/4	1/4	Chord	4/4	4	1	1/8	1/8	1	580															
27	27	106	106	0.5	1/2	1/2	Chord	4/4	4	1	1/8	1/8	1	581															
27	27	107	107	0.5	3/4	3/4	Chord	4/4	4	1	1/8	1/8	1	582															
28	28	108	108	0.0	0	0	Spanner	4/4	1	1	0																		6
28	28	108	108	1.5	0	0	Chord	4/4	1	1	3/8	1/4	3/2	583	glo-														6
28	28	219/2	219/2	0.5	3/8	3/8	Chord	4/4	1	1	1/8	1/8	1	584	-ri-														6
28	28	110	110	0.0	1/2	1/2	Dynamic	4/4	1	1	0					pp													
28	28	110	110	0.0	1/2	1/2	Spanner	4/4	1	1	0																		
28	28	110	110	1.0	1/2	1/2	Chord	4/4	1	1	1/4	1/4	1	585	-a.														
28	28	108	108	0.0	0	0	Spanner	4/4	2	1	0																		7
28	28	108	108	1.0	0	0	Chord	4/4	2	1	1/4	1/4	1	586	glo-									136					7
28	28	109	109	0.5	1/4	1/4	Chord	4/4	2	1	1/8	1/8	1	587															7
28	28	219/2	219/2	0.5	3/8	3/8	Chord	4/4	2	1	1/8	1/8	1	588	-ri-														7
28	28	110	110	0.0	1/2	1/2	Dynamic	4/4	2	1	0					pp													
28	28	110	110	0.0	1/2	1/2	Spanner	4/4	2	1	0																		
28	28	110	110	1.0	1/2	1/2	Chord	4/4	2	1	1/4	1/4	1	589	-a.														
28	28	433/4	433/4	0.25	1/16	1/16	Chord	4/4	3	1	1/16	1/16	1	590										137					
28	28	217/2	217/2	0.25	1/8	1/8	Chord	4/4	3	1	1/16	1/16	1	591										137					
28	28	435/4	435/4	0.25	3/16	3/16	Chord	4/4	3	1	1/16	1/16	1	592															
28	28	437/4	437/4	0.25	5/16	5/16	Chord	4/4	3	1	1/16	1/16	1	593										138					
28	28	219/2	219/2	0.25	3/8	3/8	Chord	4/4	3	1	1/16	1/16	1	594										138					
28	28	439/4	439/4	0.25	7/16	7/16	Chord	4/4	3	1	1/16	1/16	1	595															
28	28	441/4	441/4	0.25	9/16	9/16	Chord	4/4	3	1	1/16	1/16	1	596										139					
28	28	221/2	221/2	0.25	5/8	5/8	Chord	4/4	3	1	1/16	1/16	1	597										139					
28	28	443/4	443/4	0.25	11/16	11/16	Chord	4/4	3	1	1/16	1/16	1	598															
28	28	445/4	445/4	0.25	13/16	13/16	Chord	4/4	3	1	1/16	1/16	1	599															
28	28	223/2	223/2	0.25	7/8	7/8	Chord	4/4	3	1	1/16	1/16	1	600															
28	28	447/4	447/4	0.25	15/16	15/16	Chord	4/4	3	1	1/16	1/16	1	601															
28	28	108	108	0.5	0	0	Chord	4/4	4	1	1/8	1/8	1	602															
28	28	109	109	0.5	1/4	1/4	Chord	4/4	4	1	1/8	1/8	1	603															
28	28	110	110	0.0	1/2	1/2	Spanner	4/4	4	1	0														1	1			
28	28	110	110	0.5	1/2	1/2	Chord	4/4	4	1	1/8	1/8	1	604											1	1			
28	28	111	111	0.5	3/4	3/4	Chord	4/4	4	1	1/8	1/8	1	605											1	1			
29	29	449/4	449/4	0.25	1/16	1/16	Chord	4/4	3	1	1/16	1/16	1	606										140					
29	29	225/2	225/2	0.25	1/8	1/8	Chord	4/4	3	1	1/16	1/16	1	607										140					
29	29	451/4	451/4	0.25	3/16	3/16	Chord	4/4	3	1	1/16	1/16	1	608															
29	29	453/4	453/4	0.25	5/16	5/16	Chord	4/4	3	1	1/16	1/16	1	609										141					
29	29	227/2	227/2	0.25	3/8	3/8	Chord	4/4	3	1	1/16	1/16	1	610										141					
29	29	455/4	455/4	0.25	7/16	7/16	Chord	4/4	3	1	1/16	1/16	1	611															
29	29	114	114	1.0	1/2	1/2	Chord	4/4	3	1	1/4	1/4	1	612															
29	29	112	112	0.5	0	0	Chord	4/4	4	1	1/8	1/8	1	613											1	1			
29	29	113	113	0.5	1/4	1/4	Chord	4/4	4	1	1/8	1/8	1	614											1	1			
29	29	114	114	1.0	1/2	1/2	Chord	4/4	4	1	1/4	1/4	1	615											1	1			
29	29	115	115	0.0	3/4	3/4	Dynamic	4/4	4	1	0					ppp													
29	29	115	115	0.0	3/4	3/4	Spanner	4/4	4	1	0																		
30	30	116	116	0.0	0	0	Dynamic	2/2	1	1	0					f													
30	30	116	116	0.0	0	0	Tempo	2/2	1	1	0								Prestoassai	252.0			1.0						
30	30	116	116	4.0	0	0	Chord	2/2	1	1	1	1	1	616	A-														
30	30	116	116	0.0	0	0	Dynamic	2/2	3	1	0					f													
30	30	116	116	4.0	0	0	Chord	2/2	3	1	1	1	1	617															
30	30	118	118	1.0	1/2	1/2	Chord	2/2	3	2	1/4	1/4	1	618															
30	30	119	119	1.0	3/4	3/4	Chord	2/2	3	2	1/4	1/4	1	619															
31	31	120	120	4.0	0	0	Chord	2/2	1	1	1	1	1	620	-men,														
31	31	120	120	4.0	0	0	Chord	2/2	3	1	1	1	1	621															
31	31	120	120	2.0	0	0	Chord	2/2	3	2	1/2	1/2	1	622															
31	31	122	122	1.0	1/2	1/2	Chord	2/2	3	2	1/4	1/4	1	623															
31	31	123	123	1.0	3/4	3/4	Chord	2/2	3	2	1/4	1/4	1	624															
32	32	124	124	4.0	0	0	Chord	2/2	1	1	1	1	1	625	a-									142					
32	32	124	124	4.0	0	0	Chord	2/2	3	1	1	1	1	626															
32	32	124	124	2.0	0	0	Chord	2/2	3	2	1/2	1/2	1	627															
32	32	126	126	1.0	1/2	1/2	Chord	2/2	3	2	1/4	1/4	1	628															
32	32	127	127	1.0	3/4	3/4	Chord	2/2	3	2	1/4	1/4	1	629															
33	33	128	128	4.0	0	0	Chord	2/2	1	1	1	1	1	630										142					
33	33	128	128	4.0	0	0	Chord	2/2	3	1	1	1	1	631															
33	33	128	128	2.0	0	0	Chord	2/2	3	2	1/2	1/2	1	632															
33	33	130	130	1.0	1/2	1/2	Chord	2/2	3	2	1/4	1/4	1	633															
33	33	131	131	1.0	3/4	3/4	Chord	2/2	3	2	1/4	1/4	1	634															
34	34	132	132	2.0	0	0	Chord	2/2	1	1	1/2	1/2	1	635															
34	34	134	134	1.0	1/2	1/2	Chord	2/2	1	1	1/4	1/4	1	636	-men,									143					
34	34	135	135	1.0	3/4	3/4	Chord	2/2	1	1	1/4	1/4	1	637															
34	34	132	132	2.0	0	0	Chord	2/2	3	1	1/2	1/2	1	638															
34	34	134	134	1.0	1/2	1/2	Chord	2/2	3	1	1/4	1/4	1	639															
34	34	135	135	1.0	3/4	3/4	Chord	2/2	3	1	1/4	1/4	1	640															
34	34	132	132	1.0	0	0	Chord	2/2	3	2	1/4	1/4	1	641															
34	34	133	133	1.0	1/4	1/4	Chord	2/2	3	2	1/4	1/4	1	642															
34	34	134	134	1.0	1/2	1/2	Chord	2/2	3	2	1/4	1/4	1	643															
34	34	135	135	1.0	3/4	3/4	Chord	2/2	3	2	1/4	1/4	1	644															
35	35	136	136	4.0	0	0	Chord	2/2	1	1	1	1	1	645	a-		ornamentTrill												
35	35	136	136	4.0	0	0	Chord	2/2	3	1	1	1	1	646			ornamentTrill												
35	35	136	136	2.0	0	0	Chord	2/2	3	2	1/2	1/2	1	647															
35	35	138	138	2.0	1/2	1/2	Chord	2/2	3	2	1/2	1/2	1	648															
36	36	140	140	2.0	0	0	Chord	2/2	1	1	1/2	1/2	1	649	-men,														
36	36	140	140	0.0	0	0	Dynamic	2/2	2	1	0					f													
36	36	140	140	4.0	0	0	Chord	2/2	2	1	1	1	1	650	A-														
36	36	140	140	4.0	0	0	Chord	2/2	3	1	1	1	1	651															
36	36	142	142	1.0	1/2	1/2	Chord	2/2	4	1	1/4	1/4	1	652															
36	36	143	143	1.0	3/4	3/4	Chord	2/2	4	1	1/4	1/4	1	653															
37	37	146	146	2.0	1/2	1/2	Chord	2/2	1	1	1/2	1/2	1	654	a-														
37	37	144	144	4.0	0	0	Chord	2/2	2	1	1	1	1	655	-men,														
37	37	144	144	4.0	0	0	Chord	2/2	3	1	1	1	1	656															
37	37	146	146	2.0	1/2	1/2	Chord	2/2	3	2	1/2	1/2	1	657										144					
37	37	144	144	2.0	0	0	Chord	2/2	4	1	1/2	1/2	1	658															
37	37	146	146	1.0	1/2	1/2	Chord	2/2	4	1	1/4	1/4	1	659															
37	37	147	147	1.0	3/4	3/4	Chord	2/2	4	1	1/4	1/4	1	660															
38	38	148	148	2.0	0	0	Chord	2/2	1	1	1/2	1/2	1	661															
38	38	150	150	2.0	1/2	1/2	Chord	2/2	1	1	1/2	1/2	1	662															
38	38	148	148	4.0	0	0	Chord	2/2	2	1	1	1	1	663	a-									145					
38	38	148	148	4.0	0	0	Chord	2/2	3	1	1	1	1	664															
38	38	148	148	2.0	0	0	Chord	2/2	3	2	1/2	1/2	1	665															
38	38	150	150	2.0	1/2	1/2	Chord	2/2	3	2	1/2	1/2	1	666															
38	38	148	148	2.0	0	0	Chord	2/2	4	1	1/2	1/2	1	667															
38	38	150	150	1.0	1/2	1/2	Chord	2/2	4	1	1/4	1/4	1	668															
38	38	151	151	1.0	3/4	3/4	Chord	2/2	4	1	1/4	1/4	1	669															
39	39	152	152	2.0	0	0	Chord	2/2	1	1	1/2	1/2	1	670															
39	39	154	154	2.0	1/2	1/2	Chord	2/2	1	1	1/2	1/2	1	671															
39	39	152	152	4.0	0	0	Chord	2/2	2	1	1	1	1	672										145					
39	39	152	152	4.0	0	0	Chord	2/2	3	1	1	1	1	673															
39	39	152	152	2.0	0	0	Chord	2/2	3	2	1/2	1/2	1	674															
39	39	154	154	2.0	1/2	1/2	Chord	2/2	3	2	1/2	1/2	1	675															
39	39	152	152	2.0	0	0	Chord	2/2	4	1	1/2	1/2	1	676															
39	39	154	154	1.0	1/2	1/2	Chord	2/2	4	1	1/4	1/4	1	677															
39	39	155	155	1.0	3/4	3/4	Chord	2/2	4	1	1/4	1/4	1	678															
40	40	156	156	2.0	0	0	Chord	2/2	1	1	1/2	1/2	1	679															
40	40	158	158	2.0	1/2	1/2	Chord	2/2	1	1	1/2	1/2	1	680															
40	40	156	156	2.0	0	0	Chord	2/2	2	1	1/2	1/2	1	681															
40	40	158	158	1.0	1/2	1/2	Chord	2/2	2	1	1/4	1/4	1	682	-men,									146					
40	40	159	159	1.0	3/4	3/4	Chord	2/2	2	1	1/4	1/4	1	683															
40	40	156	156	2.0	0	0	Chord	2/2	3	1	1/2	1/2	1	684															
40	40	158	158	1.0	1/2	1/2	Chord	2/2	3	1	1/4	1/4	1	685															
40	40	159	159	1.0	3/4	3/4	Chord	2/2	3	1	1/4	1/4	1	686															
40	40	156	156	2.0	0	0	Chord	2/2	3	2	1/2	1/2	1	687															
40	40	158	158	2.0	1/2	1/2	Chord	2/2	3	2	1/2	1/2	1	688															
40	40	156	156	1.0	0	0	Chord	2/2	4	1	1/4	1/4	1	689															
40	40	157	157	1.0	1/4	1/4	Chord	2/2	4	1	1/4	1/4	1	690															
40	40	158	158	1.0	1/2	1/2	Chord	2/2	4	1	1/4	1/4	1	691															
40	40	159	159	1.0	3/4	3/4	Chord	2/2	4	1	1/4	1/4	1	692															
41	41	160	160	2.0	0	0	Chord	2/2	1	1	1/2	1/2	1	693															
41	41	162	162	2.0	1/2	1/2	Chord	2/2	1	1	1/2	1/2	1	694															
41	41	160	160	4.0	0	0	Chord	2/2	2	1	1	1	1	695	a-		ornamentTrill												
41	41	160	160	4.0	0	0	Chord	2/2	3	1	1	1	1	696			ornamentTrill												
41	41	160	160	2.0	0	0	Chord	2/2	3	2	1/2	1/2	1	697															
41	41	162	162	2.0	1/2	1/2	Chord	2/2	3	2	1/2	1/2	1	698															
41	41	160	160	2.0	0	0	Chord	2/2	4	1	1/2	1/2	1	699															
41	41	162	162	2.0	1/2	1/2	Chord	2/2	4	1	1/2	1/2	1	700															
42	42	164	164	2.0	0	0	Chord	2/2	1	1	1/2	1/2	1	701	-men,														
42	42	164	164	2.0	0	0	Chord	2/2	2	1	1/2	1/2	1	702	-men,														
42	42	166	166	2.0	1/2	1/2	Chord	2/2	2	1	1/2	1/2	1	703	a-		articAccentAbove												
42	42	164	164	2.0	0	0	Chord	2/2	3	1	1/2	1/2	1	704															
42	42	166	166	2.0	1/2	1/2	Chord	2/2	3	1	1/2	1/2	1	705															
42	42	164	164	2.0	0	0	Chord	2/2	3	2	1/2	1/2	1	706															
42	42	166	166	1.0	1/2	1/2	Chord	2/2	3	2	1/4	1/4	1	707															
42	42	167	167	1.0	3/4	3/4	Chord	2/2	3	2	1/4	1/4	1	708															
42	42	164	164	4.0	0	0	Chord	2/2	4	1	1	1	1	709															
43	43	168	168	4.0	0	0	Chord	2/2	1	1	1	1	1	710	a-		articAccentAbove												
43	43	168	168	2.0	0	0	Chord	2/2	2	1	1/2	1/2	1	711															
43	43	170	170	2.0	1/2	1/2	Chord	2/2	2	1	1/2	1/2	1	712															
43	43	168	168	2.0	0	0	Chord	2/2	3	1	1/2	1/2	1	713															
43	43	170	170	2.0	1/2	1/2	Chord	2/2	3	1	1/2	1/2	1	714															
43	43	168	168	2.0	0	0	Chord	2/2	3	2	1/2	1/2	1	715															
43	43	170	170	1.0	1/2	1/2	Chord	2/2	3	2	1/4	1/4	1	716															
43	43	171	171	1.0	3/4	3/4	Chord	2/2	3	2	1/4	1/4	1	717															
43	43	168	168	4.0	0	0	Chord	2/2	4	1	1	1	1	718															
44	44	172	172	2.0	0	0	Chord	2/2	1	1	1/2	1/2	1	719															
44	44	174	174	2.0	1/2	1/2	Chord	2/2	1	1	1/2	1/2	1	720															
44	44	172	172	2.0	0	0	Chord	2/2	2	1	1/2	1/2	1	721															
44	44	174	174	2.0	1/2	1/2	Chord	2/2	2	1	1/2	1/2	1	722															
44	44	172	172	2.0	0	0	Chord	2/2	3	1	1/2	1/2	1	723															
44	44	174	174	2.0	1/2	1/2	Chord	2/2	3	1	1/2	1/2	1	724															
44	44	172	172	2.0	0	0	Chord	2/2	3	2	1/2	1/2	1	725															
44	44	174	174	1.0	1/2	1/2	Chord	2/2	3	2	1/4	1/4	1	726															
44	44	175	175	1.0	3/4	3/4	Chord	2/2	3	2	1/4	1/4	1	727															
44	44	172	172	4.0	0	0	Chord	2/2	4	1	1	1	1	728															
45	45	176	176	2.0	0	0	Chord	2/2	1	1	1/2	1/2	1	729															
45	45	178	178	2.0	1/2	1/2	Chord	2/2	1	1	1/2	1/2	1	730															
45	45	176	176	2.0	0	0	Chord	2/2	2	1	1/2	1/2	1	731															
45	45	178	178	2.0	1/2	1/2	Chord	2/2	2	1	1/2	1/2	1	732															
45	45	176	176	2.0	0	0	Chord	2/2	3	1	1/2	1/2	1	733															
45	45	178	178	2.0	1/2	1/2	Chord	2/2	3	1	1/2	1/2	1	734															
45	45	176	176	2.0	0	0	Chord	2/2	3	2	1/2	1/2	1	735															
45	45	178	178	1.0	1/2	1/2	Chord	2/2	3	2	1/4	1/4	1	736															
45	45	179	179	1.0	3/4	3/4	Chord	2/2	3	2	1/4	1/4	1	737															
45	45	176	176	4.0	0	0	Chord	2/2	4	1	1	1	1	738															
46	46	180	180	2.0	0	0	Chord	2/2	1	1	1/2	1/2	1	739															
46	46	182	182	1.0	1/2	1/2	Chord	2/2	1	1	1/4	1/4	1	740															
46	46	183	183	1.0	3/4	3/4	Chord	2/2	1	1	1/4	1/4	1	741															
46	46	180	180	2.0	0	0	Chord	2/2	2	1	1/2	1/2	1	742															
46	46	182	182	2.0	1/2	1/2	Chord	2/2	2	1	1/2	1/2	1	743															
46	46	180	180	2.0	0	0	Chord	2/2	3	1	1/2	1/2	1	744															
46	46	182	182	2.0	1/2	1/2	Chord	2/2	3	1	1/2	1/2	1	745															
46	46	180	180	2.0	0	0	Chord	2/2	3	2	1/2	1/2	1	746															
46	46	182	182	1.0	1/2	1/2	Chord	2/2	3	2	1/4	1/4	1	747															
46	46	183	183	1.0	3/4	3/4	Chord	2/2	3	2	1/4	1/4	1	748															
46	46	180	180	2.0	0	0	Chord	2/2	4	1	1/2	1/2	1	749															
46	46	182	182	1.0	1/2	1/2	Chord	2/2	4	1	1/4	1/4	1	750															
46	46	183	183	1.0	3/4	3/4	Chord	2/2	4	1	1/4	1/4	1	751															
47	47	184	184	4.0	0	0	Chord	2/2	1	1	1	1	1	752			ornamentTrill												
47	47	184	184	2.0	0	0	Chord	2/2	2	1	1/2	1/2	1	753															
47	47	186	186	2.0	1/2	1/2	Chord	2/2	2	1	1/2	1/2	1	754															
47	47	184	184	2.0	0	0	Chord	2/2	3	1	1/2	1/2	1	755															
47	47	186	186	2.0	1/2	1/2	Chord	2/2	3	1	1/2	1/2	1	756															
47	47	184	184	4.0	0	0	Chord	2/2	3	2	1	1	1	757			ornamentTrill												
47	47	184	184	4.0	0	0	Chord	2/2	4	1	1	1	1	758															
48	48	188	188	2.0	0	0	Chord	2/2	1	1	1/2	1/2	1	759	-men,														
48	48	190	190	2.0	1/2	1/2	Chord	2/2	1	1	1/2	1/2	1	760	a-									147					
48	48	188	188	2.0	0	0	Chord	2/2	2	1	1/2	1/2	1	761	-men,														
48	48	190	190	2.0	1/2	1/2	Chord	2/2	2	1	1/2	1/2	1	762	a-									148					
48	48	188	188	2.0	0	0	Chord	2/2	3	1	1/2	1/2	1	763															
48	48	190	190	2.0	1/2	1/2	Chord	2/2	3	1	1/2	1/2	1	764			articAccentAbove							149					
48	48	188	188	2.0	0	0	Chord	2/2	4	1	1/2	1/2	1	765															
48	48	190	190	2.0	1/2	1/2	Chord	2/2	4	1	1/2	1/2	1	766															
49	49	192	192	2.0	0	0	Chord	2/2	1	1	1/2	1/2	1	767										147					
49	49	194	194	1.0	1/2	1/2	Chord	2/2	1	1	1/4	1/4	1	768										147					
49	49	195	195	1.0	3/4	3/4	Chord	2/2	1	1	1/4	1/4	1	769															
49	49	192	192	2.0	0	0	Chord	2/2	2	1	1/2	1/2	1	770										148					
49	49	194	194	1.0	1/2	1/2	Chord	2/2	2	1	1/4	1/4	1	771										148					
49	49	195	195	1.0	3/4	3/4	Chord	2/2	2	1	1/4	1/4	1	772															
49	49	192	192	2.0	0	0	Chord	2/2	3	1	1/2	1/2	1	773															
49	49	194	194	1.0	1/2	1/2	Chord	2/2	3	1	1/4	1/4	1	774															
49	49	195	195	1.0	3/4	3/4	Chord	2/2	3	1	1/4	1/4	1	775															
49	49	192	192	2.0	0	0	Chord	2/2	4	1	1/2	1/2	1	776															
49	49	194	194	2.0	1/2	1/2	Chord	2/2	4	1	1/2	1/2	1	777															
50	50	196	196	2.0	0	0	Chord	2/2	1	1	1/2	1/2	1	778	-men,														
50	50	198	198	2.0	1/2	1/2	Chord	2/2	1	1	1/2	1/2	1	779	a-														
50	50	196	196	2.0	0	0	Chord	2/2	2	1	1/2	1/2	1	780	-men,														
50	50	196	196	1.0	0	0	Chord	2/2	3	1	1/4	1/4	1	781			articStaccatoAbove												
50	50	197	197	1.0	1/4	1/4	Chord	2/2	3	1	1/4	1/4	1	782			articStaccatoAbove												
50	50	198	198	1.0	1/2	1/2	Chord	2/2	3	1	1/4	1/4	1	783			articStaccatoAbove												
50	50	199	199	1.0	3/4	3/4	Chord	2/2	3	1	1/4	1/4	1	784			articStaccatoAbove												
50	50	196	196	2.0	0	0	Chord	2/2	4	1	1/2	1/2	1	785															
51	51	200	200	2.0	0	0	Chord	2/2	1	1	1/2	1/2	1	786	-men,														
51	51	202	202	2.0	1/2	1/2	Chord	2/2	1	1	1/2	1/2	1	787	a-														
51	51	200	200	1.0	0	0	Chord	2/2	3	1	1/4	1/4	1	788			articStaccatoAbove												
51	51	201	201	1.0	1/4	1/4	Chord	2/2	3	1	1/4	1/4	1	789			articStaccatoAbove												
51	51	202	202	1.0	1/2	1/2	Chord	2/2	3	1	1/4	1/4	1	790			articStaccatoAbove												
51	51	203	203	1.0	3/4	3/4	Chord	2/2	3	1	1/4	1/4	1	791			articStaccatoAbove												
52	52	204	204	2.0	0	0	Chord	2/2	1	1	1/2	1/2	1	792	-men,														
52	52	207	207	1.0	3/4	3/4	Chord	2/2	1	1	1/4	1/4	1	793	a-														
52	52	204	204	0.0	0	0	Dynamic	2/2	2	1	0					p													
52	52	204	204	0.0	0	0	Spanner	2/2	2	1	0																3		
52	52	204	204	4.0	0	0	Chord	2/2	2	1	1	1	1	794	a-												3		
52	52	204	204	3.0	0	0	Chord	2/2	3	1	3/4	1/2	3/2	795										150					
52	52	207	207	1.0	3/4	3/4	Chord	2/2	3	1	1/4	1/4	1	796										150					
52	52	205	205	3.0	1/4	1/4	Chord	2/2	4	1	3/4	1/2	3/2	797															
52	52	204	204	1.0	0	0	Chord	2/2	4	2	1/4	1/4	1	798															
52	52	205	205	1.0	1/4	1/4	Chord	2/2	4	2	1/4	1/4	1	799										151					
52	52	206	206	1.0	1/2	1/2	Chord	2/2	4	2	1/4	1/4	1	800										151					
52	52	207	207	1.0	3/4	3/4	Chord	2/2	4	2	1/4	1/4	1	801										151					
53	53	208	208	1.0	0	0	Chord	2/2	1	1	1/4	1/4	1	802															
53	53	209	209	1.0	1/4	1/4	Chord	2/2	1	1	1/4	1/4	1	803															
53	53	210	210	1.0	1/2	1/2	Chord	2/2	1	1	1/4	1/4	1	804															
53	53	211	211	1.0	3/4	3/4	Chord	2/2	1	1	1/4	1/4	1	805															
53	53	208	208	4.0	0	0	Chord	2/2	2	1	1	1	1	806													3		
53	53	208	208	1.0	0	0	Chord	2/2	3	1	1/4	1/4	1	807										150					
53	53	209	209	1.0	1/4	1/4	Chord	2/2	3	1	1/4	1/4	1	808										150					
53	53	210	210	1.0	1/2	1/2	Chord	2/2	3	1	1/4	1/4	1	809										150					
53	53	211	211	1.0	3/4	3/4	Chord	2/2	3	1	1/4	1/4	1	810										150					
53	53	208	208	1.0	0	0	Chord	2/2	4	1	1/4	1/4	1	811															
53	53	209	209	1.0	1/4	1/4	Chord	2/2	4	1	1/4	1/4	1	812															
53	53	210	210	1.0	1/2	1/2	Chord	2/2	4	1	1/4	1/4	1	813															
53	53	211	211	1.0	3/4	3/4	Chord	2/2	4	1	1/4	1/4	1	814															
53	53	208	208	4.0	0	0	Chord	2/2	4	2	1	1	1	815										151					
54	54	212	212	3.0	0	0	Chord	2/2	1	1	3/4	1/2	3/2	816															
54	54	215	215	1.0	3/4	3/4	Chord	2/2	1	1	1/4	1/4	1	817															
54	54	212	212	4.0	0	0	Chord	2/2	2	1	1	1	1	818													3		
54	54	212	212	3.0	0	0	Chord	2/2	3	1	3/4	1/2	3/2	819										150					
54	54	215	215	1.0	3/4	3/4	Chord	2/2	3	1	1/4	1/4	1	820										150					
54	54	212	212	1.0	0	0	Chord	2/2	4	1	1/4	1/4	1	821															
54	54	213	213	3.0	1/4	1/4	Chord	2/2	4	1	3/4	1/2	3/2	822															
54	54	212	212	1.0	0	0	Chord	2/2	4	2	1/4	1/4	1	823															
54	54	213	213	1.0	1/4	1/4	Chord	2/2	4	2	1/4	1/4	1	824										152					
54	54	214	214	1.0	1/2	1/2	Chord	2/2	4	2	1/4	1/4	1	825										152					
54	54	215	215	1.0	3/4	3/4	Chord	2/2	4	2	1/4	1/4	1	826										152					
55	55	216	216	1.0	0	0	Chord	2/2	1	1	1/4	1/4	1	827															
55	55	217	217	1.0	1/4	1/4	Chord	2/2	1	1	1/4	1/4	1	828															
55	55	218	218	1.0	1/2	1/2	Chord	2/2	1	1	1/4	1/4	1	829															
55	55	219	219	1.0	3/4	3/4	Chord	2/2	1	1	1/4	1/4	1	830															
55	55	216	216	4.0	0	0	Chord	2/2	2	1	1	1	1	831													3		
55	55	216	216	1.0	0	0	Chord	2/2	3	1	1/4	1/4	1	832										150					
55	55	217	217	1.0	1/4	1/4	Chord	2/2	3	1	1/4	1/4	1	833										150					
55	55	218	218	1.0	1/2	1/2	Chord	2/2	3	1	1/4	1/4	1	834										150					
55	55	219	219	1.0	3/4	3/4	Chord	2/2	3	1	1/4	1/4	1	835										150					
55	55	216	216	4.0	0	0	Chord	2/2	4	1	1	1	1	836															
55	55	216	216	1.0	0	0	Chord	2/2	4	2	1/4	1/4	1	837										152					
55	55	217	217	1.0	1/4	1/4	Chord	2/2	4	2	1/4	1/4	1	838										152					
55	55	218	218	1.0	1/2	1/2	Chord	2/2	4	2	1/4	1/4	1	839										152					
55	55	219	219	1.0	3/4	3/4	Chord	2/2	4	2	1/4	1/4	1	840										152					
56	56	220	220	2.0	0	0	Chord	2/2	1	1	1/2	1/2	1	841	-men,														
56	56	220	220	0.0	0	0	Dynamic	2/2	2	1	0					f													
56	56	220	220	0.0	0	0	Spanner	2/2	2	1	0																		
56	56	220	220	1.0	0	0	Chord	2/2	2	1	1/4	1/4	1	842															
56	56	221	221	1.0	1/4	1/4	Chord	2/2	2	1	1/4	1/4	1	843															
56	56	222	222	1.0	1/2	1/2	Chord	2/2	2	1	1/4	1/4	1	844															
56	56	223	223	1.0	3/4	3/4	Chord	2/2	2	1	1/4	1/4	1	845															
56	56	220	220	1.0	0	0	Chord	2/2	3	1	1/4	1/4	1	846										150					
56	56	221	221	1.0	1/4	1/4	Chord	2/2	3	1	1/4	1/4	1	847										150					
56	56	222	222	1.0	1/2	1/2	Chord	2/2	3	1	1/4	1/4	1	848										150					
56	56	223	223	1.0	3/4	3/4	Chord	2/2	3	1	1/4	1/4	1	849										150					
56	56	220	220	3.0	0	0	Chord	2/2	4	1	3/4	1/2	3/2	850										153					
56	56	223	223	1.0	3/4	3/4	Chord	2/2	4	1	1/4	1/4	1	851										153					
56	56	220	220	2.0	0	0	Chord	2/2	4	2	1/2	1/2	1	852															
57	57	224	224	1.0	0	0	Chord	2/2	2	1	1/4	1/4	1	853															
57	57	225	225	1.0	1/4	1/4	Chord	2/2	2	1	1/4	1/4	1	854															
57	57	226	226	1.0	1/2	1/2	Chord	2/2	2	1	1/4	1/4	1	855															
57	57	227	227	1.0	3/4	3/4	Chord	2/2	2	1	1/4	1/4	1	856															
57	57	224	224	1.0	0	0	Chord	2/2	3	1	1/4	1/4	1	857										150					
57	57	225	225	1.0	1/4	1/4	Chord	2/2	3	1	1/4	1/4	1	858										150					
57	57	226	226	1.0	1/2	1/2	Chord	2/2	3	1	1/4	1/4	1	859										150					
57	57	227	227	1.0	3/4	3/4	Chord	2/2	3	1	1/4	1/4	1	860															
57	57	224	224	1.0	0	0	Chord	2/2	4	1	1/4	1/4	1	861										153					
57	57	225	225	1.0	1/4	1/4	Chord	2/2	4	1	1/4	1/4	1	862										153					
57	57	226	226	1.0	1/2	1/2	Chord	2/2	4	1	1/4	1/4	1	863										153					
57	57	227	227	1.0	3/4	3/4	Chord	2/2	4	1	1/4	1/4	1	864										153					
58	58	228	228	0.0	0	0	Dynamic	2/2	1	1	0					p													
58	58	228	228	4.0	0	0	Chord	2/2	1	1	1	1	1	865	a-														
58	58	228	228	3.0	0	0	Chord	2/2	2	1	3/4	1/2	3/2	866															
58	58	231	231	1.0	3/4	3/4	Chord	2/2	2	1	1/4	1/4	1	867															
58	58	228	228	4.0	0	0	Chord	2/2	3	1	1	1	1	868															
58	58	228	228	3.0	0	0	Chord	2/2	3	2	3/4	1/2	3/2	869										154					
58	58	231	231	1.0	3/4	3/4	Chord	2/2	3	2	1/4	1/4	1	870										154					
58	58	228	228	1.0	0	0	Chord	2/2	4	1	1/4	1/4	1	871															
58	58	229	229	3.0	1/4	1/4	Chord	2/2	4	1	3/4	1/2	3/2	872															
58	58	228	228	1.0	0	0	Chord	2/2	4	2	1/4	1/4	1	873															
58	58	229	229	1.0	1/4	1/4	Chord	2/2	4	2	1/4	1/4	1	874										155					
58	58	230	230	1.0	1/2	1/2	Chord	2/2	4	2	1/4	1/4	1	875										155					
58	58	231	231	1.0	3/4	3/4	Chord	2/2	4	2	1/4	1/4	1	876										155					
59	59	232	232	0.0	0	0	Spanner	2/2	1	1	0																4		
59	59	232	232	4.0	0	0	Chord	2/2	1	1	1	1	1	877													4		
59	59	232	232	1.0	0	0	Chord	2/2	2	1	1/4	1/4	1	878															
59	59	233	233	1.0	1/4	1/4	Chord	2/2	2	1	1/4	1/4	1	879															
59	59	234	234	1.0	1/2	1/2	Chord	2/2	2	1	1/4	1/4	1	880															
59	59	235	235	1.0	3/4	3/4	Chord	2/2	2	1	1/4	1/4	1	881															
59	59	232	232	4.0	0	0	Chord	2/2	3	1	1	1	1	882															
59	59	232	232	1.0	0	0	Chord	2/2	3	2	1/4	1/4	1	883										154					
59	59	233	233	1.0	1/4	1/4	Chord	2/2	3	2	1/4	1/4	1	884										154					
59	59	234	234	1.0	1/2	1/2	Chord	2/2	3	2	1/4	1/4	1	885										154					
59	59	235	235	1.0	3/4	3/4	Chord	2/2	3	2	1/4	1/4	1	886										154					
59	59	232	232	4.0	0	0	Chord	2/2	4	1	1	1	1	887															
59	59	232	232	1.0	0	0	Chord	2/2	4	2	1/4	1/4	1	888										155					
59	59	233	233	1.0	1/4	1/4	Chord	2/2	4	2	1/4	1/4	1	889										155					
59	59	234	234	1.0	1/2	1/2	Chord	2/2	4	2	1/4	1/4	1	890										155					
59	59	235	235	1.0	3/4	3/4	Chord	2/2	4	2	1/4	1/4	1	891										155					
60	60	236	236	4.0	0	0	Chord	2/2	1	1	1	1	1	892													4		
60	60	236	236	3.0	0	0	Chord	2/2	2	1	3/4	1/2	3/2	893															
60	60	239	239	1.0	3/4	3/4	Chord	2/2	2	1	1/4	1/4	1	894															
60	60	236	236	4.0	0	0	Chord	2/2	3	1	1	1	1	895										156					
60	60	236	236	3.0	0	0	Chord	2/2	3	2	3/4	1/2	3/2	896										154					
60	60	239	239	1.0	3/4	3/4	Chord	2/2	3	2	1/4	1/4	1	897										154					
60	60	236	236	1.0	0	0	Chord	2/2	4	1	1/4	1/4	1	898															
60	60	237	237	3.0	1/4	1/4	Chord	2/2	4	1	3/4	1/2	3/2	899															
60	60	236	236	1.0	0	0	Chord	2/2	4	2	1/4	1/4	1	900															
60	60	237	237	1.0	1/4	1/4	Chord	2/2	4	2	1/4	1/4	1	901										157					
60	60	238	238	1.0	1/2	1/2	Chord	2/2	4	2	1/4	1/4	1	902										157					
60	60	239	239	1.0	3/4	3/4	Chord	2/2	4	2	1/4	1/4	1	903										157					
61	61	240	240	4.0	0	0	Chord	2/2	1	1	1	1	1	904													4		
61	61	240	240	1.0	0	0	Chord	2/2	2	1	1/4	1/4	1	905															
61	61	241	241	1.0	1/4	1/4	Chord	2/2	2	1	1/4	1/4	1	906															
61	61	242	242	1.0	1/2	1/2	Chord	2/2	2	1	1/4	1/4	1	907															
61	61	243	243	1.0	3/4	3/4	Chord	2/2	2	1	1/4	1/4	1	908															
61	61	240	240	4.0	0	0	Chord	2/2	3	1	1	1	1	909										156					
61	61	240	240	1.0	0	0	Chord	2/2	3	2	1/4	1/4	1	910										154					
61	61	241	241	1.0	1/4	1/4	Chord	2/2	3	2	1/4	1/4	1	911										154					
61	61	242	242	1.0	1/2	1/2	Chord	2/2	3	2	1/4	1/4	1	912										154					
61	61	243	243	1.0	3/4	3/4	Chord	2/2	3	2	1/4	1/4	1	913										154					
61	61	240	240	4.0	0	0	Chord	2/2	4	1	1	1	1	914															
61	61	240	240	1.0	0	0	Chord	2/2	4	2	1/4	1/4	1	915										157					
61	61	241	241	1.0	1/4	1/4	Chord	2/2	4	2	1/4	1/4	1	916										157					
61	61	242	242	1.0	1/2	1/2	Chord	2/2	4	2	1/4	1/4	1	917										157					
61	61	243	243	1.0	3/4	3/4	Chord	2/2	4	2	1/4	1/4	1	918										157					
62	62	244	244	0.0	0	0	Dynamic	2/2	1	1	0					f													
62	62	244	244	0.0	0	0	Spanner	2/2	1	1	0																		
62	62	244	244	1.0	0	0	Chord	2/2	1	1	1/4	1/4	1	919															
62	62	245	245	1.0	1/4	1/4	Chord	2/2	1	1	1/4	1/4	1	920															
62	62	246	246	1.0	1/2	1/2	Chord	2/2	1	1	1/4	1/4	1	921															
62	62	247	247	1.0	3/4	3/4	Chord	2/2	1	1	1/4	1/4	1	922															
62	62	244	244	2.0	0	0	Chord	2/2	2	1	1/2	1/2	1	923	-men,														
62	62	244	244	1.0	0	0	Chord	2/2	3	1	1/4	1/4	1	924										156					
62	62	245	245	1.0	1/4	1/4	Chord	2/2	3	1	1/4	1/4	1	925										156					
62	62	246	246	1.0	1/2	1/2	Chord	2/2	3	1	1/4	1/4	1	926										156					
62	62	247	247	1.0	3/4	3/4	Chord	2/2	3	1	1/4	1/4	1	927										156					
62	62	244	244	2.0	0	0	Chord	2/2	3	2	1/2	1/2	1	928															
62	62	244	244	3.0	0	0	Chord	2/2	4	1	3/4	1/2	3/2	929															
62	62	247	247	1.0	3/4	3/4	Chord	2/2	4	1	1/4	1/4	1	930															
62	62	244	244	2.0	0	0	Chord	2/2	4	2	1/2	1/2	1	931															
63	63	248	248	1.0	0	0	Chord	2/2	1	1	1/4	1/4	1	932															
63	63	249	249	1.0	1/4	1/4	Chord	2/2	1	1	1/4	1/4	1	933															
63	63	250	250	1.0	1/2	1/2	Chord	2/2	1	1	1/4	1/4	1	934															
63	63	251	251	1.0	3/4	3/4	Chord	2/2	1	1	1/4	1/4	1	935															
63	63	248	248	1.0	0	0	Chord	2/2	3	1	1/4	1/4	1	936										156					
63	63	249	249	1.0	1/4	1/4	Chord	2/2	3	1	1/4	1/4	1	937										156					
63	63	250	250	1.0	1/2	1/2	Chord	2/2	3	1	1/4	1/4	1	938										156					
63	63	251	251	1.0	3/4	3/4	Chord	2/2	3	1	1/4	1/4	1	939															
63	63	248	248	1.0	0	0	Chord	2/2	4	1	1/4	1/4	1	940															
63	63	249	249	1.0	1/4	1/4	Chord	2/2	4	1	1/4	1/4	1	941															
63	63	250	250	1.0	1/2	1/2	Chord	2/2	4	1	1/4	1/4	1	942															
63	63	251	251	1.0	3/4	3/4	Chord	2/2	4	1	1/4	1/4	1	943															
64	64	252	252	3.0	0	0	Chord	2/2	1	1	3/4	1/2	3/2	944															
64	64	255	255	1.0	3/4	3/4	Chord	2/2	1	1	1/4	1/4	1	945															
64	64	252	252	0.0	0	0	Dynamic	2/2	2	1	0					p													
64	64	252	252	4.0	0	0	Chord	2/2	2	1	1	1	1	946	a-														
64	64	252	252	4.0	0	0	Chord	2/2	3	1	1	1	1	947															
64	64	252	252	3.0	0	0	Chord	2/2	3	2	3/4	1/2	3/2	948															
64	64	255	255	1.0	3/4	3/4	Chord	2/2	3	2	1/4	1/4	1	949															
64	64	252	252	1.0	0	0	Chord	2/2	4	1	1/4	1/4	1	950															
64	64	253	253	3.0	1/4	1/4	Chord	2/2	4	1	3/4	1/2	3/2	951															
64	64	252	252	1.0	0	0	Chord	2/2	4	2	1/4	1/4	1	952															
64	64	253	253	1.0	1/4	1/4	Chord	2/2	4	2	1/4	1/4	1	953										158					
64	64	254	254	1.0	1/2	1/2	Chord	2/2	4	2	1/4	1/4	1	954										158					
64	64	255	255	1.0	3/4	3/4	Chord	2/2	4	2	1/4	1/4	1	955										158					
65	65	256	256	1.0	0	0	Chord	2/2	1	1	1/4	1/4	1	956															
65	65	257	257	1.0	1/4	1/4	Chord	2/2	1	1	1/4	1/4	1	957															
65	65	258	258	1.0	1/2	1/2	Chord	2/2	1	1	1/4	1/4	1	958															
65	65	259	259	1.0	3/4	3/4	Chord	2/2	1	1	1/4	1/4	1	959															
65	65	256	256	0.0	0	0	Spanner	2/2	2	1	0																5		
65	65	256	256	4.0	0	0	Chord	2/2	2	1	1	1	1	960													5		
65	65	256	256	4.0	0	0	Chord	2/2	3	1	1	1	1	961															
65	65	256	256	1.0	0	0	Chord	2/2	3	2	1/4	1/4	1	962															
65	65	257	257	1.0	1/4	1/4	Chord	2/2	3	2	1/4	1/4	1	963															
65	65	258	258	1.0	1/2	1/2	Chord	2/2	3	2	1/4	1/4	1	964															
65	65	259	259	1.0	3/4	3/4	Chord	2/2	3	2	1/4	1/4	1	965															
65	65	256	256	1.0	0	0	Chord	2/2	4	1	1/4	1/4	1	966															
65	65	257	257	1.0	1/4	1/4	Chord	2/2	4	1	1/4	1/4	1	967															
65	65	258	258	1.0	1/2	1/2	Chord	2/2	4	1	1/4	1/4	1	968															
65	65	259	259	1.0	3/4	3/4	Chord	2/2	4	1	1/4	1/4	1	969															
65	65	256	256	4.0	0	0	Chord	2/2	4	2	1	1	1	970										158					
66	66	260	260	3.0	0	0	Chord	2/2	1	1	3/4	1/2	3/2	971															
66	66	263	263	1.0	3/4	3/4	Chord	2/2	1	1	1/4	1/4	1	972															
66	66	260	260	4.0	0	0	Chord	2/2	2	1	1	1	1	973													5		
66	66	260	260	4.0	0	0	Chord	2/2	3	1	1	1	1	974										159					
66	66	260	260	3.0	0	0	Chord	2/2	3	2	3/4	1/2	3/2	975															
66	66	263	263	1.0	3/4	3/4	Chord	2/2	3	2	1/4	1/4	1	976															
66	66	260	260	1.0	0	0	Chord	2/2	4	1	1/4	1/4	1	977															
66	66	261	261	3.0	1/4	1/4	Chord	2/2	4	1	3/4	1/2	3/2	978															
66	66	260	260	1.0	0	0	Chord	2/2	4	2	1/4	1/4	1	979															
66	66	261	261	1.0	1/4	1/4	Chord	2/2	4	2	1/4	1/4	1	980										160					
66	66	262	262	1.0	1/2	1/2	Chord	2/2	4	2	1/4	1/4	1	981										160					
66	66	263	263	1.0	3/4	3/4	Chord	2/2	4	2	1/4	1/4	1	982										160					
67	67	264	264	1.0	0	0	Chord	2/2	1	1	1/4	1/4	1	983															
67	67	265	265	1.0	1/4	1/4	Chord	2/2	1	1	1/4	1/4	1	984															
67	67	266	266	1.0	1/2	1/2	Chord	2/2	1	1	1/4	1/4	1	985															
67	67	267	267	1.0	3/4	3/4	Chord	2/2	1	1	1/4	1/4	1	986															
67	67	264	264	4.0	0	0	Chord	2/2	2	1	1	1	1	987													5		
67	67	264	264	4.0	0	0	Chord	2/2	3	1	1	1	1	988										159					
67	67	264	264	1.0	0	0	Chord	2/2	3	2	1/4	1/4	1	989															
67	67	265	265	1.0	1/4	1/4	Chord	2/2	3	2	1/4	1/4	1	990															
67	67	266	266	1.0	1/2	1/2	Chord	2/2	3	2	1/4	1/4	1	991															
67	67	267	267	1.0	3/4	3/4	Chord	2/2	3	2	1/4	1/4	1	992															
67	67	264	264	4.0	0	0	Chord	2/2	4	1	1	1	1	993															
67	67	264	264	1.0	0	0	Chord	2/2	4	2	1/4	1/4	1	994										160					
67	67	265	265	1.0	1/4	1/4	Chord	2/2	4	2	1/4	1/4	1	995										160					
67	67	266	266	1.0	1/2	1/2	Chord	2/2	4	2	1/4	1/4	1	996										160					
67	67	267	267	1.0	3/4	3/4	Chord	2/2	4	2	1/4	1/4	1	997										160					
68	68	268	268	2.0	0	0	Chord	2/2	1	1	1/2	1/2	1	998	-men,														
68	68	268	268	0.0	0	0	Dynamic	2/2	2	1	0					f													
68	68	268	268	0.0	0	0	Spanner	2/2	2	1	0																		
68	68	268	268	1.0	0	0	Chord	2/2	2	1	1/4	1/4	1	999															
68	68	269	269	1.0	1/4	1/4	Chord	2/2	2	1	1/4	1/4	1	1000															
68	68	270	270	1.0	1/2	1/2	Chord	2/2	2	1	1/4	1/4	1	1001															
68	68	271	271	1.0	3/4	3/4	Chord	2/2	2	1	1/4	1/4	1	1002															
68	68	268	268	1.0	0	0	Chord	2/2	3	1	1/4	1/4	1	1003										159					
68	68	269	269	1.0	1/4	1/4	Chord	2/2	3	1	1/4	1/4	1	1004										159					
68	68	270	270	1.0	1/2	1/2	Chord	2/2	3	1	1/4	1/4	1	1005										159					
68	68	271	271	1.0	3/4	3/4	Chord	2/2	3	1	1/4	1/4	1	1006										159					
68	68	268	268	2.0	0	0	Chord	2/2	3	2	1/2	1/2	1	1007															
68	68	268	268	3.0	0	0	Chord	2/2	4	1	3/4	1/2	3/2	1008															
68	68	271	271	1.0	3/4	3/4	Chord	2/2	4	1	1/4	1/4	1	1009										161					
68	68	268	268	2.0	0	0	Chord	2/2	4	2	1/2	1/2	1	1010															
69	69	272	272	1.0	0	0	Chord	2/2	2	1	1/4	1/4	1	1011															
69	69	273	273	1.0	1/4	1/4	Chord	2/2	2	1	1/4	1/4	1	1012															
69	69	274	274	1.0	1/2	1/2	Chord	2/2	2	1	1/4	1/4	1	1013															
69	69	275	275	1.0	3/4	3/4	Chord	2/2	2	1	1/4	1/4	1	1014															
69	69	272	272	1.0	0	0	Chord	2/2	3	1	1/4	1/4	1	1015										159					
69	69	273	273	1.0	1/4	1/4	Chord	2/2	3	1	1/4	1/4	1	1016										159					
69	69	274	274	1.0	1/2	1/2	Chord	2/2	3	1	1/4	1/4	1	1017										159					
69	69	275	275	1.0	3/4	3/4	Chord	2/2	3	1	1/4	1/4	1	1018															
69	69	272	272	1.0	0	0	Chord	2/2	4	1	1/4	1/4	1	1019										161					
69	69	273	273	1.0	1/4	1/4	Chord	2/2	4	1	1/4	1/4	1	1020										161					
69	69	274	274	1.0	1/2	1/2	Chord	2/2	4	1	1/4	1/4	1	1021										161					
69	69	275	275	1.0	3/4	3/4	Chord	2/2	4	1	1/4	1/4	1	1022										161					
70	70	276	276	0.0	0	0	Dynamic	2/2	1	1	0					p													
70	70	276	276	4.0	0	0	Chord	2/2	1	1	1	1	1	1023	a-														
70	70	276	276	3.0	0	0	Chord	2/2	2	1	3/4	1/2	3/2	1024															
70	70	279	279	1.0	3/4	3/4	Chord	2/2	2	1	1/4	1/4	1	1025															
70	70	276	276	3.0	0	0	Chord	2/2	3	1	3/4	1/2	3/2	1026										162					
70	70	279	279	1.0	3/4	3/4	Chord	2/2	3	1	1/4	1/4	1	1027										162					
70	70	276	276	4.0	0	0	Chord	2/2	3	2	1	1	1	1028															
70	70	276	276	1.0	0	0	Chord	2/2	4	1	1/4	1/4	1	1029															
70	70	277	277	3.0	1/4	1/4	Chord	2/2	4	1	3/4	1/2	3/2	1030															
70	70	276	276	1.0	0	0	Chord	2/2	4	2	1/4	1/4	1	1031															
70	70	277	277	1.0	1/4	1/4	Chord	2/2	4	2	1/4	1/4	1	1032										163					
70	70	278	278	1.0	1/2	1/2	Chord	2/2	4	2	1/4	1/4	1	1033										163					
70	70	279	279	1.0	3/4	3/4	Chord	2/2	4	2	1/4	1/4	1	1034										163					
71	71	280	280	0.0	0	0	Spanner	2/2	1	1	0																6		
71	71	280	280	4.0	0	0	Chord	2/2	1	1	1	1	1	1035													6		
71	71	280	280	1.0	0	0	Chord	2/2	2	1	1/4	1/4	1	1036															
71	71	281	281	1.0	1/4	1/4	Chord	2/2	2	1	1/4	1/4	1	1037															
71	71	282	282	1.0	1/2	1/2	Chord	2/2	2	1	1/4	1/4	1	1038															
71	71	283	283	1.0	3/4	3/4	Chord	2/2	2	1	1/4	1/4	1	1039															
71	71	280	280	1.0	0	0	Chord	2/2	3	1	1/4	1/4	1	1040										162					
71	71	281	281	1.0	1/4	1/4	Chord	2/2	3	1	1/4	1/4	1	1041										162					
71	71	282	282	1.0	1/2	1/2	Chord	2/2	3	1	1/4	1/4	1	1042										162					
71	71	283	283	1.0	3/4	3/4	Chord	2/2	3	1	1/4	1/4	1	1043										162					
71	71	280	280	4.0	0	0	Chord	2/2	3	2	1	1	1	1044															
71	71	280	280	4.0	0	0	Chord	2/2	4	1	1	1	1	1045															
71	71	280	280	1.0	0	0	Chord	2/2	4	2	1/4	1/4	1	1046										163					
71	71	281	281	1.0	1/4	1/4	Chord	2/2	4	2	1/4	1/4	1	1047										163					
71	71	282	282	1.0	1/2	1/2	Chord	2/2	4	2	1/4	1/4	1	1048										163					
71	71	283	283	1.0	3/4	3/4	Chord	2/2	4	2	1/4	1/4	1	1049										163					
72	72	284	284	4.0	0	0	Chord	2/2	1	1	1	1	1	1050													6		
72	72	284	284	3.0	0	0	Chord	2/2	2	1	3/4	1/2	3/2	1051															
72	72	287	287	1.0	3/4	3/4	Chord	2/2	2	1	1/4	1/4	1	1052															
72	72	284	284	3.0	0	0	Chord	2/2	3	1	3/4	1/2	3/2	1053										162					
72	72	287	287	1.0	3/4	3/4	Chord	2/2	3	1	1/4	1/4	1	1054										162					
72	72	284	284	4.0	0	0	Chord	2/2	3	2	1	1	1	1055															
72	72	284	284	1.0	0	0	Chord	2/2	4	1	1/4	1/4	1	1056															
72	72	285	285	3.0	1/4	1/4	Chord	2/2	4	1	3/4	1/2	3/2	1057															
72	72	284	284	1.0	0	0	Chord	2/2	4	2	1/4	1/4	1	1058															
72	72	285	285	1.0	1/4	1/4	Chord	2/2	4	2	1/4	1/4	1	1059										164					
72	72	286	286	1.0	1/2	1/2	Chord	2/2	4	2	1/4	1/4	1	1060										164					
72	72	287	287	1.0	3/4	3/4	Chord	2/2	4	2	1/4	1/4	1	1061										164					
73	73	288	288	4.0	0	0	Chord	2/2	1	1	1	1	1	1062													6		
73	73	288	288	1.0	0	0	Chord	2/2	2	1	1/4	1/4	1	1063															
73	73	289	289	1.0	1/4	1/4	Chord	2/2	2	1	1/4	1/4	1	1064															
73	73	290	290	1.0	1/2	1/2	Chord	2/2	2	1	1/4	1/4	1	1065															
73	73	291	291	1.0	3/4	3/4	Chord	2/2	2	1	1/4	1/4	1	1066															
73	73	288	288	1.0	0	0	Chord	2/2	3	1	1/4	1/4	1	1067										162					
73	73	289	289	1.0	1/4	1/4	Chord	2/2	3	1	1/4	1/4	1	1068										162					
73	73	290	290	1.0	1/2	1/2	Chord	2/2	3	1	1/4	1/4	1	1069										162					
73	73	291	291	1.0	3/4	3/4	Chord	2/2	3	1	1/4	1/4	1	1070										162					
73	73	288	288	4.0	0	0	Chord	2/2	3	2	1	1	1	1071															
73	73	288	288	4.0	0	0	Chord	2/2	4	1	1	1	1	1072															
73	73	288	288	1.0	0	0	Chord	2/2	4	2	1/4	1/4	1	1073										164					
73	73	289	289	1.0	1/4	1/4	Chord	2/2	4	2	1/4	1/4	1	1074										164					
73	73	290	290	1.0	1/2	1/2	Chord	2/2	4	2	1/4	1/4	1	1075										164					
73	73	291	291	1.0	3/4	3/4	Chord	2/2	4	2	1/4	1/4	1	1076										164					
74	74	292	292	0.0	0	0	Dynamic	2/2	1	1	0					f													
74	74	292	292	0.0	0	0	Spanner	2/2	1	1	0																		
74	74	292	292	4.0	0	0	Chord	2/2	1	1	1	1	1	1077	-men,														
74	74	292	292	2.0	0	0	Chord	2/2	2	1	1/2	1/2	1	1078	-men,														
74	74	294	294	2.0	1/2	1/2	Chord	2/2	2	1	1/2	1/2	1	1079	a-														
74	74	292	292	2.0	0	0	Chord	2/2	3	1	1/2	1/2	1	1080															
74	74	294	294	2.0	1/2	1/2	Chord	2/2	3	1	1/2	1/2	1	1081															
74	74	292	292	2.0	0	0	Chord	2/2	3	2	1/2	1/2	1	1082															
74	74	294	294	2.0	1/2	1/2	Chord	2/2	3	2	1/2	1/2	1	1083															
74	74	292	292	2.0	0	0	Chord	2/2	4	1	1/2	1/2	1	1084															
74	74	294	294	2.0	1/2	1/2	Chord	2/2	4	1	1/2	1/2	1	1085															
74	74	292	292	4.0	0	0	Chord	2/2	4	2	1	1	1	1086															
75	75	296	296	4.0	0	0	Chord	2/2	1	1	1	1	1	1087	a-														
75	75	296	296	2.0	0	0	Chord	2/2	2	1	1/2	1/2	1	1088															
75	75	298	298	2.0	1/2	1/2	Chord	2/2	2	1	1/2	1/2	1	1089															
75	75	296	296	2.0	0	0	Chord	2/2	3	1	1/2	1/2	1	1090															
75	75	298	298	1.0	1/2	1/2	Chord	2/2	3	1	1/4	1/4	1	1091															
75	75	299	299	1.0	3/4	3/4	Chord	2/2	3	1	1/4	1/4	1	1092															
75	75	296	296	2.0	0	0	Chord	2/2	3	2	1/2	1/2	1	1093															
75	75	298	298	2.0	1/2	1/2	Chord	2/2	3	2	1/2	1/2	1	1094															
75	75	296	296	2.0	0	0	Chord	2/2	4	1	1/2	1/2	1	1095															
75	75	298	298	2.0	1/2	1/2	Chord	2/2	4	1	1/2	1/2	1	1096															
75	75	296	296	4.0	0	0	Chord	2/2	4	2	1	1	1	1097															
76	76	300	300	4.0	0	0	Chord	2/2	1	1	1	1	1	1098															
76	76	300	300	2.0	0	0	Chord	2/2	2	1	1/2	1/2	1	1099															
76	76	302	302	2.0	1/2	1/2	Chord	2/2	2	1	1/2	1/2	1	1100															
76	76	300	300	2.0	0	0	Chord	2/2	3	1	1/2	1/2	1	1101															
76	76	302	302	1.0	1/2	1/2	Chord	2/2	3	1	1/4	1/4	1	1102															
76	76	303	303	1.0	3/4	3/4	Chord	2/2	3	1	1/4	1/4	1	1103															
76	76	300	300	2.0	0	0	Chord	2/2	3	2	1/2	1/2	1	1104															
76	76	302	302	2.0	1/2	1/2	Chord	2/2	3	2	1/2	1/2	1	1105															
76	76	300	300	2.0	0	0	Chord	2/2	4	1	1/2	1/2	1	1106															
76	76	302	302	2.0	1/2	1/2	Chord	2/2	4	1	1/2	1/2	1	1107															
76	76	300	300	4.0	0	0	Chord	2/2	4	2	1	1	1	1108															
77	77	304	304	0.0	0	0	Spanner	2/2	1	1	0														2				
77	77	304	304	4.0	0	0	Chord	2/2	1	1	1	1	1	1109											2				
77	77	304	304	0.0	0	0	Spanner	2/2	2	1	0														3				
77	77	304	304	2.0	0	0	Chord	2/2	2	1	1/2	1/2	1	1110											3				
77	77	306	306	2.0	1/2	1/2	Chord	2/2	2	1	1/2	1/2	1	1111											3				
77	77	304	304	2.0	0	0	Chord	2/2	3	1	1/2	1/2	1	1112															
77	77	306	306	1.0	1/2	1/2	Chord	2/2	3	1	1/4	1/4	1	1113															
77	77	307	307	1.0	3/4	3/4	Chord	2/2	3	1	1/4	1/4	1	1114															
77	77	304	304	2.0	0	0	Chord	2/2	3	2	1/2	1/2	1	1115															
77	77	306	306	2.0	1/2	1/2	Chord	2/2	3	2	1/2	1/2	1	1116															
77	77	304	304	0.0	0	0	Spanner	2/2	4	1	0														4				
77	77	304	304	2.0	0	0	Chord	2/2	4	1	1/2	1/2	1	1117											4				
77	77	306	306	2.0	1/2	1/2	Chord	2/2	4	1	1/2	1/2	1	1118											4				
77	77	304	304	4.0	0	0	Chord	2/2	4	2	1	1	1	1119											4				
78	78	308	308	2.0	0	0	Chord	2/2	1	1	1/2	1/2	1	1120											2				
78	78	310	310	1.0	1/2	1/2	Chord	2/2	1	1	1/4	1/4	1	1121											2				
78	78	311	311	1.0	3/4	3/4	Chord	2/2	1	1	1/4	1/4	1	1122											2				
78	78	308	308	2.0	0	0	Chord	2/2	2	1	1/2	1/2	1	1123											3				
78	78	310	310	2.0	1/2	1/2	Chord	2/2	2	1	1/2	1/2	1	1124											3				
78	78	308	308	2.0	0	0	Chord	2/2	3	1	1/2	1/2	1	1125															
78	78	310	310	1.0	1/2	1/2	Chord	2/2	3	1	1/4	1/4	1	1126															
78	78	311	311	1.0	3/4	3/4	Chord	2/2	3	1	1/4	1/4	1	1127															
78	78	308	308	2.0	0	0	Chord	2/2	3	2	1/2	1/2	1	1128															
78	78	310	310	2.0	1/2	1/2	Chord	2/2	3	2	1/2	1/2	1	1129															
78	78	308	308	2.0	0	0	Chord	2/2	4	1	1/2	1/2	1	1130											4				
78	78	310	310	2.0	1/2	1/2	Chord	2/2	4	1	1/2	1/2	1	1131											4				
78	78	308	308	4.0	0	0	Chord	2/2	4	2	1	1	1	1132											4				
79	79	312	312	4.0	0	0	Chord	2/2	1	1	1	1	1	1133											2				
79	79	312	312	2.0	0	0	Chord	2/2	2	1	1/2	1/2	1	1134											3				
79	79	314	314	2.0	1/2	1/2	Chord	2/2	2	1	1/2	1/2	1	1135											3				
79	79	312	312	4.0	0	0	Chord	2/2	3	1	1	1	1	1136															
79	79	312	312	2.0	0	0	Chord	2/2	3	2	1/2	1/2	1	1137															
79	79	314	314	2.0	1/2	1/2	Chord	2/2	3	2	1/2	1/2	1	1138															
79	79	312	312	2.0	0	0	Chord	2/2	4	1	1/2	1/2	1	1139											4				
79	79	314	314	2.0	1/2	1/2	Chord	2/2	4	1	1/2	1/2	1	1140											4				
79	79	312	312	4.0	0	0	Chord	2/2	4	2	1	1	1	1141											4				
80	80	316	316	0.0	0	0	Dynamic	2/2	1	1	0					p													
80	80	316	316	0.0	0	0	Spanner	2/2	1	1	0																		
80	80	316	316	2.0	0	0	Chord	2/2	1	1	1/2	1/2	1	1142	-men,														
80	80	316	316	0.0	0	0	Dynamic	2/2	2	1	0					p													
80	80	316	316	0.0	0	0	Spanner	2/2	2	1	0																		
80	80	316	316	2.0	0	0	Chord	2/2	2	1	1/2	1/2	1	1143	-men,														
80	80	316	316	1.0	0	0	Chord	2/2	3	1	1/4	1/4	1	1144															
80	80	317	317	0.0	1/4	1/4	Dynamic	2/2	3	1	0					f													
80	80	317	317	1.0	1/4	1/4	Chord	2/2	3	1	1/4	1/4	1	1145			articStaccatoAbove												
80	80	318	318	1.0	1/2	1/2	Chord	2/2	3	1	1/4	1/4	1	1146			articStaccatoAbove												
80	80	319	319	1.0	3/4	3/4	Chord	2/2	3	1	1/4	1/4	1	1147			articStaccatoAbove												
80	80	316	316	0.0	0	0	Dynamic	2/2	4	1	0					p													
80	80	316	316	0.0	0	0	Spanner	2/2	4	1	0																		
80	80	316	316	2.0	0	0	Chord	2/2	4	1	1/2	1/2	1	1148															
81	81	322	322	0.0	1/2	1/2	Dynamic	2/2	1	1	0					f													
81	81	322	322	2.0	1/2	1/2	Chord	2/2	1	1	1/2	1/2	1	1149	a-														
81	81	322	322	0.0	1/2	1/2	Dynamic	2/2	2	1	0					f													
81	81	322	322	2.0	1/2	1/2	Chord	2/2	2	1	1/2	1/2	1	1150	a-														
81	81	320	320	1.0	0	0	Chord	2/2	3	1	1/4	1/4	1	1151			articStaccatoAbove												
81	81	321	321	1.0	1/4	1/4	Chord	2/2	3	1	1/4	1/4	1	1152			articStaccatoAbove												
81	81	322	322	1.0	1/2	1/2	Chord	2/2	3	1	1/4	1/4	1	1153			articStaccatoAbove												
81	81	323	323	1.0	3/4	3/4	Chord	2/2	3	1	1/4	1/4	1	1154			articStaccatoAbove												
81	81	322	322	2.0	1/2	1/2	Chord	2/2	4	1	1/2	1/2	1	1155															
82	82	324	324	2.0	0	0	Chord	2/2	1	1	1/2	1/2	1	1156	-men,														
82	82	324	324	2.0	0	0	Chord	2/2	2	1	1/2	1/2	1	1157	-men,														
82	82	324	324	1.0	0	0	Chord	2/2	3	1	1/4	1/4	1	1158															
82	82	325	325	1.0	1/4	1/4	Chord	2/2	3	1	1/4	1/4	1	1159															
82	82	326	326	1.0	1/2	1/2	Chord	2/2	3	1	1/4	1/4	1	1160															
82	82	327	327	1.0	3/4	3/4	Chord	2/2	3	1	1/4	1/4	1	1161															
82	82	324	324	2.0	0	0	Chord	2/2	4	1	1/2	1/2	1	1162															
83	83	330	330	2.0	1/2	1/2	Chord	2/2	1	1	1/2	1/2	1	1163	a-														
83	83	330	330	2.0	1/2	1/2	Chord	2/2	2	1	1/2	1/2	1	1164	a-														
83	83	328	328	1.0	0	0	Chord	2/2	3	1	1/4	1/4	1	1165															
83	83	329	329	1.0	1/4	1/4	Chord	2/2	3	1	1/4	1/4	1	1166															
83	83	330	330	1.0	1/2	1/2	Chord	2/2	3	1	1/4	1/4	1	1167															
83	83	331	331	1.0	3/4	3/4	Chord	2/2	3	1	1/4	1/4	1	1168															
83	83	330	330	2.0	1/2	1/2	Chord	2/2	4	1	1/2	1/2	1	1169															
84	84	332	332	2.0	0	0	Chord	2/2	1	1	1/2	1/2	1	1170	-men,														
84	84	334	334	2.0	1/2	1/2	Chord	2/2	1	1	1/2	1/2	1	1171	a-														
84	84	332	332	2.0	0	0	Chord	2/2	2	1	1/2	1/2	1	1172	-men,														
84	84	334	334	2.0	1/2	1/2	Chord	2/2	2	1	1/2	1/2	1	1173	a-														
84	84	332	332	1.0	0	0	Chord	2/2	3	1	1/4	1/4	1	1174															
84	84	333	333	1.0	1/4	1/4	Chord	2/2	3	1	1/4	1/4	1	1175															
84	84	334	334	1.0	1/2	1/2	Chord	2/2	3	1	1/4	1/4	1	1176															
84	84	335	335	1.0	3/4	3/4	Chord	2/2	3	1	1/4	1/4	1	1177															
84	84	332	332	2.0	0	0	Chord	2/2	4	1	1/2	1/2	1	1178															
84	84	334	334	2.0	1/2	1/2	Chord	2/2	4	1	1/2	1/2	1	1179															
85	85	336	336	2.0	0	0	Chord	2/2	1	1	1/2	1/2	1	1180	-men,														
85	85	338	338	2.0	1/2	1/2	Chord	2/2	1	1	1/2	1/2	1	1181	a-														
85	85	336	336	2.0	0	0	Chord	2/2	2	1	1/2	1/2	1	1182	-men,														
85	85	338	338	2.0	1/2	1/2	Chord	2/2	2	1	1/2	1/2	1	1183	a-														
85	85	336	336	1.0	0	0	Chord	2/2	3	1	1/4	1/4	1	1184															
85	85	337	337	1.0	1/4	1/4	Chord	2/2	3	1	1/4	1/4	1	1185															
85	85	338	338	1.0	1/2	1/2	Chord	2/2	3	1	1/4	1/4	1	1186															
85	85	339	339	1.0	3/4	3/4	Chord	2/2	3	1	1/4	1/4	1	1187															
85	85	336	336	2.0	0	0	Chord	2/2	4	1	1/2	1/2	1	1188															
85	85	338	338	2.0	1/2	1/2	Chord	2/2	4	1	1/2	1/2	1	1189															
86	86	340	340	2.0	0	0	Chord	2/2	1	1	1/2	1/2	1	1190	-men,														
86	86	340	340	2.0	0	0	Chord	2/2	2	1	1/2	1/2	1	1191	-men,														
86	86	340	340	1.0	0	0	Chord	2/2	3	1	1/4	1/4	1	1192															
86	86	341	341	0.0	1/4	1/4	Dynamic	2/2	3	1	0					p													
86	86	341	341	1.0	1/4	1/4	Chord	2/2	3	1	1/4	1/4	1	1193															
86	86	342	342	1.0	1/2	1/2	Chord	2/2	3	1	1/4	1/4	1	1194															
86	86	343	343	1.0	3/4	3/4	Chord	2/2	3	1	1/4	1/4	1	1195															
86	86	340	340	2.0	0	0	Chord	2/2	4	1	1/2	1/2	1	1196															
87	87	346	346	0.0	1/2	1/2	Dynamic	2/2	1	1	0					p													
87	87	346	346	2.0	1/2	1/2	Chord	2/2	1	1	1/2	1/2	1	1197	a-														
87	87	346	346	0.0	1/2	1/2	Dynamic	2/2	2	1	0					p													
87	87	346	346	2.0	1/2	1/2	Chord	2/2	2	1	1/2	1/2	1	1198	a-														
87	87	344	344	1.0	0	0	Chord	2/2	3	1	1/4	1/4	1	1199															
87	87	345	345	1.0	1/4	1/4	Chord	2/2	3	1	1/4	1/4	1	1200															
87	87	346	346	1.0	1/2	1/2	Chord	2/2	3	1	1/4	1/4	1	1201															
87	87	347	347	1.0	3/4	3/4	Chord	2/2	3	1	1/4	1/4	1	1202															
87	87	346	346	2.0	1/2	1/2	Chord	2/2	4	1	1/2	1/2	1	1203															
88	88	348	348	2.0	0	0	Chord	2/2	1	1	1/2	1/2	1	1204	-men,														
88	88	348	348	2.0	0	0	Chord	2/2	2	1	1/2	1/2	1	1205	-men,														
88	88	348	348	1.0	0	0	Chord	2/2	3	1	1/4	1/4	1	1206															
88	88	349	349	1.0	1/4	1/4	Chord	2/2	3	1	1/4	1/4	1	1207															
88	88	350	350	1.0	1/2	1/2	Chord	2/2	3	1	1/4	1/4	1	1208															
88	88	351	351	1.0	3/4	3/4	Chord	2/2	3	1	1/4	1/4	1	1209															
88	88	348	348	2.0	0	0	Chord	2/2	4	1	1/2	1/2	1	1210															
89	89	354	354	0.0	1/2	1/2	Dynamic	2/2	1	1	0					f													
89	89	354	354	2.0	1/2	1/2	Chord	2/2	1	1	1/2	1/2	1	1211	a-														
89	89	354	354	0.0	1/2	1/2	Dynamic	2/2	2	1	0					f													
89	89	354	354	2.0	1/2	1/2	Chord	2/2	2	1	1/2	1/2	1	1212	a-														
89	89	352	352	1.0	0	0	Chord	2/2	3	1	1/4	1/4	1	1213															
89	89	353	353	1.0	1/4	1/4	Chord	2/2	3	1	1/4	1/4	1	1214															
89	89	354	354	0.0	1/2	1/2	Dynamic	2/2	3	1	0					f													
89	89	354	354	1.0	1/2	1/2	Chord	2/2	3	1	1/4	1/4	1	1215															
89	89	355	355	1.0	3/4	3/4	Chord	2/2	3	1	1/4	1/4	1	1216															
89	89	354	354	2.0	1/2	1/2	Chord	2/2	4	1	1/2	1/2	1	1217															
90	90	356	356	2.0	0	0	Chord	2/2	1	1	1/2	1/2	1	1218	-men,														
90	90	358	358	2.0	1/2	1/2	Chord	2/2	1	1	1/2	1/2	1	1219	a-														
90	90	356	356	2.0	0	0	Chord	2/2	2	1	1/2	1/2	1	1220	-men,														
90	90	358	358	2.0	1/2	1/2	Chord	2/2	2	1	1/2	1/2	1	1221	a-														
90	90	356	356	1.0	0	0	Chord	2/2	3	1	1/4	1/4	1	1222															
90	90	357	357	1.0	1/4	1/4	Chord	2/2	3	1	1/4	1/4	1	1223															
90	90	358	358	1.0	1/2	1/2	Chord	2/2	3	1	1/4	1/4	1	1224															
90	90	359	359	1.0	3/4	3/4	Chord	2/2	3	1	1/4	1/4	1	1225															
90	90	356	356	2.0	0	0	Chord	2/2	4	1	1/2	1/2	1	1226															
90	90	358	358	2.0	1/2	1/2	Chord	2/2	4	1	1/2	1/2	1	1227															
91	91	360	360	2.0	0	0	Chord	2/2	1	1	1/2	1/2	1	1228	-men,														
91	91	362	362	2.0	1/2	1/2	Chord	2/2	1	1	1/2	1/2	1	1229	a-														
91	91	360	360	2.0	0	0	Chord	2/2	2	1	1/2	1/2	1	1230	-men,														
91	91	362	362	2.0	1/2	1/2	Chord	2/2	2	1	1/2	1/2	1	1231	a-														
91	91	360	360	1.0	0	0	Chord	2/2	3	1	1/4	1/4	1	1232															
91	91	361	361	1.0	1/4	1/4	Chord	2/2	3	1	1/4	1/4	1	1233															
91	91	362	362	1.0	1/2	1/2	Chord	2/2	3	1	1/4	1/4	1	1234															
91	91	363	363	1.0	3/4	3/4	Chord	2/2	3	1	1/4	1/4	1	1235															
91	91	360	360	2.0	0	0	Chord	2/2	4	1	1/2	1/2	1	1236															
91	91	362	362	2.0	1/2	1/2	Chord	2/2	4	1	1/2	1/2	1	1237															
92	92	364	364	2.0	0	0	Chord	2/2	1	1	1/2	1/2	1	1238	-men,														
92	92	366	366	0.0	1/2	1/2	Dynamic	2/2	1	1	0					ff													
92	92	366	366	2.0	1/2	1/2	Chord	2/2	1	1	1/2	1/2	1	1239	a-														
92	92	364	364	2.0	0	0	Chord	2/2	2	1	1/2	1/2	1	1240	-men,														
92	92	366	366	0.0	1/2	1/2	Dynamic	2/2	2	1	0					ff													
92	92	366	366	2.0	1/2	1/2	Chord	2/2	2	1	1/2	1/2	1	1241	a-														
92	92	364	364	0.0	0	0	Dynamic	2/2	3	1	0					ff													
92	92	364	364	1.0	0	0	Chord	2/2	3	1	1/4	1/4	1	1242															
92	92	365	365	1.0	1/4	1/4	Chord	2/2	3	1	1/4	1/4	1	1243			articAccentAbove												
92	92	367	367	1.0	3/4	3/4	Chord	2/2	3	1	1/4	1/4	1	1244			articAccentAbove												
92	92	364	364	2.0	0	0	Chord	2/2	4	1	1/2	1/2	1	1245															
92	92	366	366	0.0	1/2	1/2	StaffText	2/2	4	1	0							un poco allarg.											
92	92	366	366	2.0	1/2	1/2	Chord	2/2	4	1	1/2	1/2	1	1246			articAccentAbove												
93	93	368	368	0.0	0	0	StaffText	2/2	1	1	0							un poco allarg.											
93	93	368	368	0.0	0	0	Tempo	2/2	1	1	0								ùÖû=80	160.0	ùÖû	80.0	0.0						
93	93	368	368	2.0	0	0	Chord	2/2	1	1	1/2	1/2	1	1247	-men,														
93	93	370	370	2.0	1/2	1/2	Chord	2/2	1	1	1/2	1/2	1	1248	a-														
93	93	368	368	2.0	0	0	Chord	2/2	2	1	1/2	1/2	1	1249	-men,														
93	93	370	370	2.0	1/2	1/2	Chord	2/2	2	1	1/2	1/2	1	1250	a-														
93	93	369	369	1.0	1/4	1/4	Chord	2/2	3	1	1/4	1/4	1	1251			articAccentAbove												
93	93	371	371	1.0	3/4	3/4	Chord	2/2	3	1	1/4	1/4	1	1252			articAccentAbove												
93	93	368	368	2.0	0	0	Chord	2/2	4	1	1/2	1/2	1	1253			articAccentAbove												
93	93	370	370	2.0	1/2	1/2	Chord	2/2	4	1	1/2	1/2	1	1254			articAccentAbove												
94	94	372	372	2.0	0	0	Chord	2/2	1	1	1/2	1/2	1	1255	-men.														
94	94	372	372	2.0	0	0	Chord	2/2	2	1	1/2	1/2	1	1256	-men.														
94	94	372	372	2.0	0	0	Chord	2/2	3	1	1/2	1/2	1	1257															
94	94	372	372	2.0	0	0	Chord	2/2	4	1	1/2	1/2	1	1258															
