mc	mn	mc_onset	mn_onset	timesig	staff	voice	label	offset_x	offset_y	offset	globalkey	localkey	pedal	chord	numeral	form	figbass	changes	relativeroot	cadence	phraseend	chord_type	globalkey_is_minor	localkey_is_minor	chord_tones	added_tones	root	bass_note	n_colored	n_untouched	count_ratio	dur_colored	dur_untouched	dur_ratio
1	1	0	0	2/4	3	1	Eb.I{	0.47247	-6.12227	/	Eb	I		I	I						{	M	0	0	-3, 1, -2		-3	-3	1	9	0.1	0.0625	1.4375	0.041666666666666664
2	2	0	0	2/4	3	1	ii2	0	-5.80729	/	Eb	I		ii2	ii		2					mm7	0	0	-3, -1, -4, 0		-1	-3	1	9	0.1	0.0625	1.4375	0.041666666666666664
3	3	0	0	2/4	3	1	V65(2)	0.15749	-6.55562	/	Eb	I		V65(2)	V		65	2				Mm7	0	0	2, -1, -4, 0		-2	2	0	5	0.0	0.0	0.875	0.0
3	3	1/4	1/4	2/4	3	1	V(9)	0	-6.2117	/	Eb	I		V(9)	V			9				M	0	0	-2, 2, -1	0	-2	-2	0	1	0.0	0.0	0.25	0.0
3	3	3/8	3/8	2/4	3	1	V	0	-6.46718	/	Eb	I		V	V							M	0	0	-2, 2, -1		-2	-2	1	4	0.2	0.0625	0.4375	0.125
4	4	0	0	2/4	3	1	I	-0.15749	-5.49231	/	Eb	I		I	I							M	0	0	-3, 1, -2		-3	-3	2	8	0.2	0.3125	1.1875	0.20833333333333334
5	5	0	0	2/4	3	1	ii2	-0.15749	-6.37655	/	Eb	I		ii2	ii		2					mm7	0	0	-3, -1, -4, 0		-1	-3	0	5	0.0	0.0	0.875	0.0
5	5	1/4	1/4	2/4	3	1	V6(9)	0	-6.01776	/	Eb	I		V6(9)	V		6	9				M	0	0	2, -1, -2	0	-2	2	0	1	0.0	0.0	0.25	0.0
5	5	3/8	3/8	2/4	3	1	V6	0.15749	-6.01833	/	Eb	I		V6	V		6					M	0	0	2, -1, -2		-2	2	1	3	0.25	0.0625	0.3125	0.16666666666666666
6	6	0	0	2/4	3	1	I}	0.15749	-6.75223	/	Eb	I		I	I						}	M	0	0	-3, 1, -2		-3	-3	1	8	0.1111111111111111	0.0625	1.1875	0.05
7	7	0	0	2/4	3	1	I6{	0.15749	-7.06721	/	Eb	I		I6	I		6				{	M	0	0	1, -2, -3		-3	1	0	4	0.0	0.0	0.625	0.0
7	7	1/4	1/4	2/4	3	1	I	0	-6.55417	/	Eb	I		I	I							M	0	0	-3, 1, -2		-3	-3	0	3	0.0	0.0	0.625	0.0
8	8	0	0	2/4	3	1	V43				Eb	I		V43	V		43					Mm7	0	0	-1, -4, -2, 2		-2	-1	0	4	0.0	0.0	0.625	0.0
8	8	1/4	1/4	2/4	3	1	V6				Eb	I		V6	V		6					M	0	0	2, -1, -2		-2	2	0	3	0.0	0.0	0.625	0.0
9	9	0	0	2/4	3	1	I				Eb	I		I	I							M	0	0	-3, 1, -2		-3	-3	0	7	0.0	0.0	1.375	0.0
9	9	1/4	1/4	2/4	3	1	vii%7/V				Eb	I		vii%7/V	vii	%	7		V			%7	0	0	3, 0, -3, 1		3	3	0	4	0.0	0.0	0.625	0.0
10	10	0	0	2/4	3	1	V(64)				Eb	I		V(64)	V			64				M	0	0	-2, -3, 1		-2	-2	0	3	0.0	0.0	0.5	0.0
10	10	1/8	1/8	2/4	3	1	V}				Eb	I		V	V						}	M	0	0	-2, 2, -1		-2	-2	0	3	0.0	0.0	0.375	0.0
10	10	1/4	1/4	2/4	3	1	I6				Eb	I		I6	I		6					M	0	0	1, -2, -3		-3	1	0	4	0.0	0.0	0.625	0.0
11	11	0	0	2/4	3	1	IV{				Eb	I		IV	IV						{	M	0	0	-4, 0, -3		-4	-4	0	5	0.0	0.0	0.875	0.0
11	11	1/4	1/4	2/4	3	1	viio6				Eb	I		viio6	vii	o	6					o	0	0	-1, -4, 2		2	-1	0	4	0.0	0.0	0.625	0.0
12	12	0	0	2/4	3	1	I6				Eb	I		I6	I		6					M	0	0	1, -2, -3		-3	1	0	4	0.0	0.0	0.75	0.0
12	12	1/4	1/4	2/4	3	1	I				Eb	I		I	I							M	0	0	-3, 1, -2		-3	-3	0	4	0.0	0.0	0.625	0.0
13	13	0	0	2/4	3	1	IV				Eb	I		IV	IV							M	0	0	-4, 0, -3		-4	-4	0	5	0.0	0.0	0.875	0.0
13	13	1/4	1/4	2/4	3	1	viio6				Eb	I		viio6	vii	o	6					o	0	0	-1, -4, 2		2	-1	0	4	0.0	0.0	0.625	0.0
14	14	0	0	2/4	3	1	I6				Eb	I		I6	I		6					M	0	0	1, -2, -3		-3	1	0	4	0.0	0.0	0.75	0.0
14	14	1/4	1/4	2/4	3	1	I				Eb	I		I	I							M	0	0	-3, 1, -2		-3	-3	0	5	0.0	0.0	0.75	0.0
15	15	0	0	2/4	3	1	viio6				Eb	I		viio6	vii	o	6					o	0	0	-1, -4, 2		2	-1	0	6	0.0	0.0	1.125	0.0
15	15	1/4	1/4	2/4	3	1	ii2				Eb	I		ii2	ii		2					mm7	0	0	-3, -1, -4, 0		-1	-3	0	4	0.0	0.0	0.625	0.0
16	16	0	0	2/4	3	1	viio				Eb	I		viio	vii	o						o	0	0	2, -1, -4		2	2	0	6	0.0	0.0	1.125	0.0
16	16	1/4	1/4	2/4	3	1	ii64				Eb	I		ii64	ii		64					m	0	0	0, -1, -4		-1	0	0	4	0.0	0.0	0.625	0.0
17	17	0	0	2/4	3	1	V7				Eb	I		V7	V		7					Mm7	0	0	-2, 2, -1, -4		-2	-2	0	6	0.0	0.0	1.125	0.0
17	17	1/4	1/4	2/4	3	1	V65				Eb	I		V65	V		65					Mm7	0	0	2, -1, -4, -2		-2	2	0	4	0.0	0.0	0.625	0.0
18	18	0	0	2/4	3	1	I(4)				Eb	I		I(4)	I			4				M	0	0	-3, -4, -2		-3	-3	1	3	0.25	0.0625	0.5625	0.1
18	18	1/8	1/8	2/4	3	1	I				Eb	I		I	I							M	0	0	-3, 1, -2		-3	-3	1	2	0.3333333333333333	0.0625	0.1875	0.25
18	18	1/4	1/4	2/4	3	1	ii6				Eb	I		ii6	ii		6					m	0	0	-4, 0, -1		-1	-4	0	6	0.0	0.0	0.875	0.0
19	19	0	0	2/4	3	1	V(64)				Eb	I		V(64)	V			64				M	0	0	-2, -3, 1		-2	-2	0	4	0.0	0.0	0.875	0.0
19	19	1/4	1/4	2/4	3	1	V7				Eb	I		V7	V		7					Mm7	0	0	-2, 2, -1, -4		-2	-2	0	4	0.0	0.0	0.875	0.0
20	20	0	0	2/4	3	1	I}{				Eb	I		I	I						}{	M	0	0	-3, 1, -2		-3	-3	0	5	0.0	0.0	1.0	0.0
20	20	1/4	1/4	2/4	3	1	I6				Eb	I		I6	I		6					M	0	0	1, -2, -3		-3	1	0	4	0.0	0.0	0.625	0.0
21	21	0	0	2/4	3	1	ii65				Eb	I		ii65	ii		65					mm7	0	0	-4, 0, -3, -1		-1	-4	0	7	0.0	0.0	0.875	0.0
21	21	1/4	1/4	2/4	3	1	V(64)				Eb	I		V(64)	V			64				M	0	0	-2, -3, 1		-2	-2	0	4	0.0	0.0	0.625	0.0
21	21	3/8	3/8	2/4	3	1	V7				Eb	I		V7	V		7					Mm7	0	0	-2, 2, -1, -4		-2	-2	0	4	0.0	0.0	0.375	0.0
22	22	0	0	2/4	3	1	vi				Eb	I		vi	vi							m	0	0	0, -3, 1		0	0	0	5	0.0	0.0	1.0	0.0
22	22	1/4	1/4	2/4	3	1	I6				Eb	I		I6	I		6					M	0	0	1, -2, -3		-3	1	0	4	0.0	0.0	0.625	0.0
23	23	0	0	2/4	3	1	ii65				Eb	I		ii65	ii		65					mm7	0	0	-4, 0, -3, -1		-1	-4	0	7	0.0	0.0	0.875	0.0
23	23	1/4	1/4	2/4	3	1	V(64)				Eb	I		V(64)	V			64				M	0	0	-2, -3, 1		-2	-2	0	4	0.0	0.0	0.625	0.0
23	23	3/8	3/8	2/4	3	1	V7				Eb	I		V7	V		7					Mm7	0	0	-2, 2, -1, -4		-2	-2	0	4	0.0	0.0	0.375	0.0
24	24	0	0	2/4	3	1	I}				Eb	I		I	I						}	M	0	0	-3, 1, -2		-3	-3	0	6	0.0	0.0	1.125	0.0
25	25	0	0	2/4	3	1	I{				Eb	I		I	I						{	M	0	0	-3, 1, -2		-3	-3	1	11	0.08333333333333333	0.0625	1.6875	0.03571428571428571
26	26	0	0	2/4	3	1	ii2				Eb	I		ii2	ii		2					mm7	0	0	-3, -1, -4, 0		-1	-3	1	11	0.08333333333333333	0.0625	1.6875	0.03571428571428571
27	27	0	0	2/4	3	1	V65(2)				Eb	I		V65(2)	V		65	2				Mm7	0	0	2, -1, -4, 0		-2	2	0	6	0.0	0.0	1.375	0.0
27	27	1/4	1/4	2/4	3	1	V(9)				Eb	I		V(9)	V			9				M	0	0	-2, 2, -1	0	-2	-2	0	1	0.0	0.0	0.25	0.0
27	27	3/8	3/8	2/4	3	1	V				Eb	I		V	V							M	0	0	-2, 2, -1		-2	-2	1	1	0.5	0.0625	0.0625	0.5
28	28	0	0	2/4	3	1	I				Eb	I		I	I							M	0	0	-3, 1, -2		-3	-3	2	10	0.16666666666666666	0.3125	1.4375	0.17857142857142858
29	29	0	0	2/4	3	1	ii2				Eb	I		ii2	ii		2					mm7	0	0	-3, -1, -4, 0		-1	-3	0	6	0.0	0.0	1.0	0.0
29	29	1/4	1/4	2/4	3	1	V65(9)				Eb	I		V65(9)	V		65	9				Mm7	0	0	2, -1, -4, -2	0	-2	2	0	1	0.0	0.0	0.25	0.0
29	29	3/8	3/8	2/4	3	1	V65				Eb	I		V65	V		65					Mm7	0	0	2, -1, -4, -2		-2	2	0	5	0.0	0.0	0.5	0.0
30	30	0	0	2/4	3	1	I}				Eb	I		I	I						}	M	0	0	-3, 1, -2		-3	-3	1	10	0.09090909090909091	0.0625	1.4375	0.041666666666666664
31	31	0	0	2/4	3	1	I6{				Eb	I		I6	I		6				{	M	0	0	1, -2, -3		-3	1	0	6	0.0	0.0	1.125	0.0
31	31	1/4	1/4	2/4	3	1	I				Eb	I		I	I							M	0	0	-3, 1, -2		-3	-3	0	4	0.0	0.0	0.625	0.0
32	32	0	0	2/4	3	1	ii				Eb	I		ii	ii							m	0	0	-1, -4, 0		-1	-1	0	6	0.0	0.0	1.125	0.0
32	32	1/4	1/4	2/4	3	1	V65				Eb	I		V65	V		65					Mm7	0	0	2, -1, -4, -2		-2	2	0	4	0.0	0.0	0.625	0.0
33	33	0	0	2/4	3	1	I				Eb	I		I	I							M	0	0	-3, 1, -2		-3	-3	0	6	0.0	0.0	1.0	0.0
33	33	1/4	1/4	2/4	3	1	vii%7/V				Eb	I		vii%7/V	vii	%	7		V			%7	0	0	3, 0, -3, 1		3	3	0	5	0.0	0.0	0.875	0.0
34	34	0	0	2/4	3	1	V(64)				Eb	I		V(64)	V			64				M	0	0	-2, -3, 1		-2	-2	0	5	0.0	0.0	0.875	0.0
34	34	1/8	1/8	2/4	3	1	V}				Eb	I		V	V						}	M	0	0	-2, 2, -1		-2	-2	0	6	0.0	0.0	0.875	0.0
35	35	0	0	2/4	3	1	V.I6{				Eb	V		I6	I		6				{	M	0	0	2, -1, -2		-2	2	0	5	0.0	0.0	0.875	0.0
35	35	1/4	1/4	2/4	3	1	V65/V				Eb	V		V65/V	V		65		V			Mm7	0	0	4, 1, -2, 0		0	4	0	5	0.0	0.0	0.875	0.0
36	36	0	0	2/4	3	1	V(4)				Eb	V		V(4)	V			4				M	0	0	-1, -2, 0		-1	-1	0	5	0.0	0.0	0.875	0.0
36	36	1/4	1/4	2/4	3	1	V				Eb	V		V	V							M	0	0	-1, 3, 0		-1	-1	0	5	0.0	0.0	0.875	0.0
37	37	0	0	2/4	3	1	IV6				Eb	V		IV6	IV		6					M	0	0	1, -2, -3		-3	1	0	4	0.0	0.0	0.75	0.0
37	37	1/4	1/4	2/4	3	1	viio/V				Eb	V		viio/V	vii	o			V			o	0	0	4, 1, -2		4	4	4	0	1.0	0.75	0.0	1.0
38	38	0	0	2/4	3	1	V(4)				Eb	V		V(4)	V			4				M	0	0	-1, -2, 0		-1	-1	3	3	0.5	0.375	0.5	0.42857142857142855
38	38	1/4	1/4	2/4	3	1	V6				Eb	V		V6	V		6					M	0	0	3, 0, -1		-1	3	4	1	0.8	0.75	0.125	0.8571428571428571
39	39	0	0	2/4	3	1	IV				Eb	V		IV	IV							M	0	0	-3, 1, -2		-3	-3	0	7	0.0	0.0	1.125	0.0
39	39	1/4	1/4	2/4	3	1	viio6				Eb	V		viio6	vii	o	6					o	0	0	0, -3, 3		3	0	0	6	0.0	0.0	0.875	0.0
40	40	0	0	2/4	3	1	I6				Eb	V		I6	I		6					M	0	0	2, -1, -2		-2	2	0	7	0.0	0.0	1.125	0.0
40	40	1/4	1/4	2/4	3	1	I				Eb	V		I	I							M	0	0	-2, 2, -1		-2	-2	0	7	0.0	0.0	1.0	0.0
41	41	0	0	2/4	3	1	IV				Eb	V		IV	IV							M	0	0	-3, 1, -2		-3	-3	0	7	0.0	0.0	1.125	0.0
41	41	1/4	1/4	2/4	3	1	#viio6				Eb	V		#viio6	#vii	o	6					o	0	0	0, -3, 3		3	0	0	6	0.0	0.0	0.875	0.0
42	42	0	0	2/4	3	1	I6				Eb	V		I6	I		6					M	0	0	2, -1, -2		-2	2	0	7	0.0	0.0	1.25	0.0
42	42	1/4	1/4	2/4	3	1	I				Eb	V		I	I							M	0	0	-2, 2, -1		-2	-2	0	6	0.0	0.0	0.875	0.0
43	43	0	0	2/4	3	1	ii				Eb	V		ii	ii							m	0	0	0, -3, 1		0	0	0	5	0.0	0.0	0.875	0.0
43	43	1/4	1/4	2/4	3	1	ii2				Eb	V		ii2	ii		2					mm7	0	0	-2, 0, -3, 1		0	-2	0	5	0.0	0.0	0.875	0.0
44	44	0	0	2/4	3	1	viio				Eb	V		viio	vii	o						o	0	0	3, 0, -3		3	3	0	4	0.0	0.0	0.75	0.0
44	44	1/4	1/4	2/4	3	1	IV43				Eb	V		IV43	IV		43					Mm7	0	0	-2, -5, -3, 1		-3	-2	1	4	0.2	0.125	0.75	0.14285714285714285
45	45	0	0	2/4	3	1	V7				Eb	V		V7	V		7					Mm7	0	0	-1, 3, 0, -3		-1	-1	0	6	0.0	0.0	1.0	0.0
45	45	1/4	1/4	2/4	3	1	V65				Eb	V		V65	V		65					Mm7	0	0	3, 0, -3, -1		-1	3	0	6	0.0	0.0	1.0	0.0
46	46	0	0	2/4	3	1	I				Eb	V		I	I							M	0	0	-2, 2, -1		-2	-2	1	7	0.125	0.0625	0.9375	0.0625
46	46	1/4	1/4	2/4	3	1	ii6				Eb	V		ii6	ii		6					m	0	0	-3, 1, 0		0	-3	1	6	0.14285714285714285	0.0625	0.8125	0.07142857142857142
47	47	0	0	2/4	3	1	V				Eb	V		V	V							M	0	0	-1, 3, 0		-1	-1	1	5	0.16666666666666666	0.25	1.125	0.18181818181818182
47	47	1/4	1/4	2/4	3	1	V7				Eb	V		V7	V		7					Mm7	0	0	-1, 3, 0, -3		-1	-1	0	6	0.0	0.0	0.875	0.0
48	48	0	0	2/4	3	1	I}				Eb	V		I	I						}	M	0	0	-2, 2, -1		-2	-2	0	6	0.0	0.0	1.125	0.0
48	48	1/4	1/4	2/4	3	1	I6				Eb	V		I6	I		6					M	0	0	2, -1, -2		-2	2	0	3	0.0	0.0	0.5	0.0
49	49	0	0	2/4	3	1	IV{				Eb	V		IV	IV						{	M	0	0	-3, 1, -2		-3	-3	0	6	0.0	0.0	1.0	0.0
49	49	1/4	1/4	2/4	3	1	viio6				Eb	V		viio6	vii	o	6					o	0	0	0, -3, 3		3	0	0	5	0.0	0.0	0.75	0.0
50	50	0	0	2/4	3	1	I6				Eb	V		I6	I		6					M	0	0	2, -1, -2		-2	2	0	6	0.0	0.0	1.0	0.0
50	50	1/4	1/4	2/4	3	1	V				Eb	V		V	V							M	0	0	-1, 3, 0		-1	-1	3	2	0.6	0.5	0.25	0.6666666666666666
51	51	0	0	2/4	3	1	IV				Eb	V		IV	IV							M	0	0	-3, 1, -2		-3	-3	0	6	0.0	0.0	1.0	0.0
51	51	1/4	1/4	2/4	3	1	viio6				Eb	V		viio6	vii	o	6					o	0	0	0, -3, 3		3	0	0	5	0.0	0.0	0.75	0.0
52	52	0	0	2/4	3	1	I6				Eb	V		I6	I		6					M	0	0	2, -1, -2		-2	2	0	6	0.0	0.0	1.125	0.0
52	52	1/4	1/4	2/4	3	1	I				Eb	V		I	I							M	0	0	-2, 2, -1		-2	-2	0	4	0.0	0.0	0.625	0.0
53	53	0	0	2/4	3	1	ii				Eb	V		ii	ii							m	0	0	0, -3, 1		0	0	0	5	0.0	0.0	0.875	0.0
53	53	1/4	1/4	2/4	3	1	ii2				Eb	V		ii2	ii		2					mm7	0	0	-2, 0, -3, 1		0	-2	0	5	0.0	0.0	0.875	0.0
54	54	0	0	2/4	3	1	viio				Eb	V		viio	vii	o						o	0	0	3, 0, -3		3	3	0	4	0.0	0.0	0.75	0.0
54	54	1/4	1/4	2/4	3	1	IV43				Eb	V		IV43	IV		43					Mm7	0	0	-2, -5, -3, 1		-3	-2	1	4	0.2	0.125	0.75	0.14285714285714285
55	55	0	0	2/4	3	1	V7				Eb	V		V7	V		7					Mm7	0	0	-1, 3, 0, -3		-1	-1	0	6	0.0	0.0	1.0	0.0
55	55	1/4	1/4	2/4	3	1	V65				Eb	V		V65	V		65					Mm7	0	0	3, 0, -3, -1		-1	3	0	6	0.0	0.0	1.0	0.0
56	56	0	0	2/4	3	1	I(4)				Eb	V		I(4)	I			4				M	0	0	-2, -3, -1		-2	-2	1	2	0.3333333333333333	0.0625	0.3125	0.16666666666666666
56	56	1/8	1/8	2/4	3	1	I				Eb	V		I	I							M	0	0	-2, 2, -1		-2	-2	1	5	0.16666666666666666	0.0625	0.5625	0.1
56	56	1/4	1/4	2/4	3	1	ii6				Eb	V		ii6	ii		6					m	0	0	-3, 1, 0		0	-3	1	7	0.125	0.0625	0.9375	0.0625
57	57	0	0	2/4	3	1	V				Eb	V		V	V							M	0	0	-1, 3, 0		-1	-1	1	5	0.16666666666666666	0.25	1.125	0.18181818181818182
57	57	1/4	1/4	2/4	3	1	V7				Eb	V		V7	V		7					Mm7	0	0	-1, 3, 0, -3		-1	-1	1	5	0.16666666666666666	0.125	0.75	0.14285714285714285
58	58	0	0	2/4	3	1	I}{				Eb	V		I	I						}{	M	0	0	-2, 2, -1		-2	-2	0	9	0.0	0.0	1.625	0.0
58	58	1/4	1/4	2/4	3	1	I6				Eb	V		I6	I		6					M	0	0	2, -1, -2		-2	2	0	4	0.0	0.0	0.625	0.0
59	59	0	0	2/4	3	1	ii65				Eb	V		ii65	ii		65					mm7	0	0	-3, 1, -2, 0		0	-3	0	7	0.0	0.0	0.875	0.0
59	59	1/4	1/4	2/4	3	1	V(64)				Eb	V		V(64)	V			64				M	0	0	-1, -2, 2		-1	-1	0	3	0.0	0.0	0.5	0.0
59	59	3/8	3/8	2/4	3	1	V7				Eb	V		V7	V		7					Mm7	0	0	-1, 3, 0, -3		-1	-1	0	4	0.0	0.0	0.375	0.0
60	60	0	0	2/4	3	1	vi				Eb	V		vi	vi							m	0	0	1, -2, 2		1	1	0	6	0.0	0.0	1.125	0.0
60	60	1/4	1/4	2/4	3	1	I6				Eb	V		I6	I		6					M	0	0	2, -1, -2		-2	2	0	5	0.0	0.0	0.75	0.0
61	61	0	0	2/4	3	1	ii65				Eb	V		ii65	ii		65					mm7	0	0	-3, 1, -2, 0		0	-3	0	7	0.0	0.0	0.875	0.0
61	61	1/4	1/4	2/4	3	1	V(64)				Eb	V		V(64)	V			64				M	0	0	-1, -2, 2		-1	-1	0	3	0.0	0.0	0.5	0.0
61	61	3/8	3/8	2/4	3	1	V7				Eb	V		V7	V		7					Mm7	0	0	-1, 3, 0, -3		-1	-1	0	4	0.0	0.0	0.375	0.0
62	62	0	0	2/4	3	1	I}				Eb	V		I	I						}	M	0	0	-2, 2, -1		-2	-2	0	6	0.0	0.0	1.125	0.0
63	63	0	0	2/4	3	1	v.iv{				Eb	v		iv	iv						{	m	0	1	-3, -6, -2		-3	-3	2	3	0.4	0.25	0.625	0.2857142857142857
63	63	1/4	1/4	2/4	3	1	iv2				Eb	v		iv2	iv		2					mm7	0	1	-5, -3, -6, -2		-3	-5	2	3	0.4	0.375	0.5	0.42857142857142855
64	64	0	0	2/4	3	1	viio/III				Eb	v		viio/III	vii	o			III			o	0	1	0, -3, -6		0	0	5	0	1.0	1.0	0.0	1.0
64	64	1/4	1/4	2/4	3	1	iv43				Eb	v		iv43	iv		43					mm7	0	1	-2, -5, -3, -6		-3	-2	2	3	0.4	0.5	0.5	0.5
65	65	0	0	2/4	3	1	viio7				Eb	v		viio7	vii	o	7					o7	0	1	-4, -7, -10, -13		-4	-4	5	0	1.0	1.0	0.0	1.0
65	65	1/4	1/4	2/4	3	1	V7				Eb	v		V7	V		7					Mm7	0	1	-1, 3, 0, -3		-1	-1	3	3	0.5	0.375	0.625	0.375
66	66	0	0	2/4	3	1	i				Eb	v		i	i							m	0	1	-2, -5, -1		-2	-2	4	2	0.6666666666666666	0.625	0.375	0.625
66	66	1/4	1/4	2/4	3	1	i6				Eb	v		i6	i		6					m	0	1	-5, -1, -2		-2	-5	3	2	0.6	0.5	0.25	0.6666666666666666
67	67	0	0	2/4	3	1	ii%65				Eb	v		ii%65	ii	%	65					%7	0	1	-3, -6, -2, 0		0	-3	5	2	0.7142857142857143	0.6875	0.3125	0.6875
67	67	1/4	1/4	2/4	3	1	V				Eb	v		V	V							M	0	1	-1, 3, 0		-1	-1	3	2	0.6	0.375	0.375	0.5
68	68	0	0	2/4	3	1	i}{				Eb	v		i	i						}{	m	0	1	-2, -5, -1		-2	-2	5	5	0.5	0.5	1.0	0.3333333333333333
68	68	1/4	1/4	2/4	3	1	i6				Eb	v		i6	i		6					m	0	1	-5, -1, -2		-2	-5	2	2	0.5	0.375	0.25	0.6
69	69	0	0	2/4	3	1	ii%65				Eb	v		ii%65	ii	%	65					%7	0	1	-3, -6, -2, 0		0	-3	4	2	0.6666666666666666	0.5625	0.3125	0.6428571428571429
69	69	1/4	1/4	2/4	3	1	V7				Eb	v		V7	V		7					Mm7	0	1	-1, 3, 0, -3		-1	-1	4	3	0.5714285714285714	0.5625	0.4375	0.5625
70	70	0	0	2/4	3	1	I.ii}{				Eb	I		ii	ii						}{	m	0	0	-1, -4, 0		-1	-1	0	8	0.0	0.0	1.375	0.0
70	70	1/4	1/4	2/4	3	1	ii2				Eb	I		ii2	ii		2					mm7	0	0	-3, -1, -4, 0		-1	-3	0	5	0.0	0.0	1.0	0.0
71	71	0	0	2/4	3	1	viio				Eb	I		viio	vii	o						o	0	0	2, -1, -4		2	2	0	5	0.0	0.0	1.0	0.0
71	71	1/4	1/4	2/4	3	1	ii43				Eb	I		ii43	ii		43					mm7	0	0	0, -3, -1, -4		-1	0	0	5	0.0	0.0	1.0	0.0
72	72	0	0	2/4	3	1	V7(9)				Eb	I		V7(9)	V		7	9				Mm7	0	0	-2, 2, -1, -4	0	-2	-2	0	5	0.0	0.0	1.0	0.0
72	72	1/4	1/4	2/4	3	1	V65				Eb	I		V65	V		65					Mm7	0	0	2, -1, -4, -2		-2	2	0	6	0.0	0.0	1.0	0.0
73	73	0	0	2/4	3	1	I				Eb	I		I	I							M	0	0	-3, 1, -2		-3	-3	1	4	0.2	0.25	0.625	0.2857142857142857
73	73	1/4	1/4	2/4	3	1	I6				Eb	I		I6	I		6					M	0	0	1, -2, -3		-3	1	0	5	0.0	0.0	0.75	0.0
74	74	0	0	2/4	3	1	ii65				Eb	I		ii65	ii		65					mm7	0	0	-4, 0, -3, -1		-1	-4	0	7	0.0	0.0	1.0	0.0
74	74	1/4	1/4	2/4	3	1	V(9)				Eb	I		V(9)	V			9				M	0	0	-2, 2, -1	0	-2	-2	0	1	0.0	0.0	0.25	0.0
74	74	3/8	3/8	2/4	3	1	V				Eb	I		V	V							M	0	0	-2, 2, -1		-2	-2	1	4	0.2	0.0625	0.4375	0.125
75	75	0	0	2/4	3	1	I}{				Eb	I		I	I						}{	M	0	0	-3, 1, -2		-3	-3	1	9	0.1	0.0625	1.4375	0.041666666666666664
75	75	1/4	1/4	2/4	3	1	I6				Eb	I		I6	I		6					M	0	0	1, -2, -3		-3	1	0	4	0.0	0.0	0.625	0.0
76	76	0	0	2/4	3	1	ii65				Eb	I		ii65	ii		65					mm7	0	0	-4, 0, -3, -1		-1	-4	0	6	0.0	0.0	0.875	0.0
76	76	1/4	1/4	2/4	3	1	V(6)				Eb	I		V(6)	V			6				M	0	0	-2, 2, 1		-2	-2	0	4	0.0	0.0	0.75	0.0
76	76	3/8	3/8	2/4	3	1	V7				Eb	I		V7	V		7					Mm7	0	0	-2, 2, -1, -4		-2	-2	1	3	0.25	0.0625	0.25	0.2
77	77	0	0	2/4	3	1	I}				Eb	I		I	I						}	M	0	0	-3, 1, -2		-3	-3	0	6	0.0	0.0	0.875	0.0
77	77	1/4	1/4	2/4	3	1	I6				Eb	I		I6	I		6					M	0	0	1, -2, -3		-3	1	0	4	0.0	0.0	0.75	0.0
78	78	0	0	2/4	3	1	IV{				Eb	I		IV	IV						{	M	0	0	-4, 0, -3		-4	-4	0	6	0.0	0.0	1.0	0.0
78	78	1/4	1/4	2/4	3	1	viio6				Eb	I		viio6	vii	o	6					o	0	0	-1, -4, 2		2	-1	0	5	0.0	0.0	0.75	0.0
79	79	0	0	2/4	3	1	I6				Eb	I		I6	I		6					M	0	0	1, -2, -3		-3	1	0	6	0.0	0.0	1.125	0.0
79	79	1/4	1/4	2/4	3	1	I				Eb	I		I	I							M	0	0	-3, 1, -2		-3	-3	0	4	0.0	0.0	0.625	0.0
80	80	0	0	2/4	3	1	IV				Eb	I		IV	IV							M	0	0	-4, 0, -3		-4	-4	0	6	0.0	0.0	1.0	0.0
80	80	1/4	1/4	2/4	3	1	viio6				Eb	I		viio6	vii	o	6					o	0	0	-1, -4, 2		2	-1	0	5	0.0	0.0	0.75	0.0
81	81	0	0	2/4	3	1	I6				Eb	I		I6	I		6					M	0	0	1, -2, -3		-3	1	0	6	0.0	0.0	1.125	0.0
81	81	1/4	1/4	2/4	3	1	I				Eb	I		I	I							M	0	0	-3, 1, -2		-3	-3	0	4	0.0	0.0	0.625	0.0
82	82	0	0	2/4	3	1	ii				Eb	I		ii	ii							m	0	0	-1, -4, 0		-1	-1	0	5	0.0	0.0	0.875	0.0
82	82	1/4	1/4	2/4	3	1	ii2				Eb	I		ii2	ii		2					mm7	0	0	-3, -1, -4, 0		-1	-3	0	5	0.0	0.0	0.875	0.0
83	83	0	0	2/4	3	1	viio				Eb	I		viio	vii	o						o	0	0	2, -1, -4		2	2	0	5	0.0	0.0	1.0	0.0
83	83	1/4	1/4	2/4	3	1	ii43				Eb	I		ii43	ii		43					mm7	0	0	0, -3, -1, -4		-1	0	0	5	0.0	0.0	1.0	0.0
84	84	0	0	2/4	3	1	V7				Eb	I		V7	V		7					Mm7	0	0	-2, 2, -1, -4		-2	-2	0	6	0.0	0.0	1.125	0.0
84	84	1/4	1/4	2/4	3	1	V65				Eb	I		V65	V		65					Mm7	0	0	2, -1, -4, -2		-2	2	0	6	0.0	0.0	1.125	0.0
85	85	0	0	2/4	3	1	IV				Eb	I		IV	IV							M	0	0	-4, 0, -3		-4	-4	6	2	0.75	0.75	0.375	0.6666666666666666
85	85	1/4	1/4	2/4	3	1	ii65				Eb	I		ii65	ii		65					mm7	0	0	-4, 0, -3, -1		-1	-4	1	7	0.125	0.03125	1.09375	0.027777777777777776
86	86	0	0	2/4	3	1	V(4)				Eb	I		V(4)	V			4				M	0	0	-2, -3, -1		-2	-2	1	5	0.16666666666666666	0.125	1.0	0.1111111111111111
86	86	1/4	1/4	2/4	3	1	V7				Eb	I		V7	V		7					Mm7	0	0	-2, 2, -1, -4		-2	-2	1	6	0.14285714285714285	0.125	1.0	0.1111111111111111
87	87	0	0	2/4	3	1	I}{				Eb	I		I	I						}{	M	0	0	-3, 1, -2		-3	-3	0	6	0.0	0.0	1.125	0.0
87	87	1/4	1/4	2/4	3	1	I6				Eb	I		I6	I		6					M	0	0	1, -2, -3		-3	1	0	3	0.0	0.0	0.5	0.0
88	88	0	0	2/4	3	1	IV{				Eb	I		IV	IV						{	M	0	0	-4, 0, -3		-4	-4	0	6	0.0	0.0	1.0	0.0
88	88	1/4	1/4	2/4	3	1	viio6				Eb	I		viio6	vii	o	6					o	0	0	-1, -4, 2		2	-1	0	5	0.0	0.0	0.75	0.0
89	89	0	0	2/4	3	1	I6				Eb	I		I6	I		6					M	0	0	1, -2, -3		-3	1	0	6	0.0	0.0	1.125	0.0
89	89	1/4	1/4	2/4	3	1	I				Eb	I		I	I							M	0	0	-3, 1, -2		-3	-3	0	4	0.0	0.0	0.625	0.0
90	90	0	0	2/4	3	1	IV				Eb	I		IV	IV							M	0	0	-4, 0, -3		-4	-4	0	6	0.0	0.0	1.0	0.0
90	90	1/4	1/4	2/4	3	1	viio6				Eb	I		viio6	vii	o	6					o	0	0	-1, -4, 2		2	-1	0	5	0.0	0.0	0.75	0.0
91	91	0	0	2/4	3	1	I6				Eb	I		I6	I		6					M	0	0	1, -2, -3		-3	1	0	6	0.0	0.0	1.125	0.0
91	91	1/4	1/4	2/4	3	1	I				Eb	I		I	I							M	0	0	-3, 1, -2		-3	-3	0	4	0.0	0.0	0.625	0.0
92	92	0	0	2/4	3	1	ii				Eb	I		ii	ii							m	0	0	-1, -4, 0		-1	-1	0	5	0.0	0.0	0.875	0.0
92	92	1/4	1/4	2/4	3	1	ii2				Eb	I		ii2	ii		2					mm7	0	0	-3, -1, -4, 0		-1	-3	0	5	0.0	0.0	0.875	0.0
93	93	0	0	2/4	3	1	viio				Eb	I		viio	vii	o						o	0	0	2, -1, -4		2	2	0	5	0.0	0.0	1.0	0.0
93	93	1/4	1/4	2/4	3	1	ii43				Eb	I		ii43	ii		43					mm7	0	0	0, -3, -1, -4		-1	0	0	5	0.0	0.0	1.0	0.0
94	94	0	0	2/4	3	1	V7				Eb	I		V7	V		7					Mm7	0	0	-2, 2, -1, -4		-2	-2	0	6	0.0	0.0	1.125	0.0
94	94	1/4	1/4	2/4	3	1	V65				Eb	I		V65	V		65					Mm7	0	0	2, -1, -4, -2		-2	2	0	6	0.0	0.0	1.125	0.0
95	95	0	0	2/4	3	1	I(4)				Eb	I		I(4)	I			4				M	0	0	-3, -4, -2		-3	-3	2	2	0.5	0.3125	0.3125	0.5
95	95	1/8	1/8	2/4	3	1	I				Eb	I		I	I							M	0	0	-3, 1, -2		-3	-3	1	4	0.2	0.0625	0.4375	0.125
95	95	1/4	1/4	2/4	3	1	ii65				Eb	I		ii65	ii		65					mm7	0	0	-4, 0, -3, -1		-1	-4	1	7	0.125	0.03125	1.09375	0.027777777777777776
96	96	0	0	2/4	3	1	V(4)				Eb	I		V(4)	V			4				M	0	0	-2, -3, -1		-2	-2	1	5	0.16666666666666666	0.125	1.0	0.1111111111111111
96	96	1/4	1/4	2/4	3	1	V				Eb	I		V	V							M	0	0	-2, 2, -1		-2	-2	1	6	0.14285714285714285	0.125	1.0	0.1111111111111111
97	97	0	0	2/4	3	1	I}{				Eb	I		I	I						}{	M	0	0	-3, 1, -2		-3	-3	0	7	0.0	0.0	1.5	0.0
97	97	1/4	1/4	2/4	3	1	I6				Eb	I		I6	I		6					M	0	0	1, -2, -3		-3	1	0	4	0.0	0.0	0.625	0.0
98	98	0	0	2/4	3	1	ii65				Eb	I		ii65	ii		65					mm7	0	0	-4, 0, -3, -1		-1	-4	0	6	0.0	0.0	0.875	0.0
98	98	1/4	1/4	2/4	3	1	V(6)				Eb	I		V(6)	V			6				M	0	0	-2, 2, 1		-2	-2	0	4	0.0	0.0	0.75	0.0
98	98	3/8	3/8	2/4	3	1	V7				Eb	I		V7	V		7					Mm7	0	0	-2, 2, -1, -4		-2	-2	0	3	0.0	0.0	0.25	0.0
99	99	0	0	2/4	3	1	vi				Eb	I		vi	vi							m	0	0	0, -3, 1		0	0	0	5	0.0	0.0	1.0	0.0
99	99	1/4	1/4	2/4	3	1	I6				Eb	I		I6	I		6					M	0	0	1, -2, -3		-3	1	0	4	0.0	0.0	0.625	0.0
100	100	0	0	2/4	3	1	ii65				Eb	I		ii65	ii		65					mm7	0	0	-4, 0, -3, -1		-1	-4	0	7	0.0	0.0	0.875	0.0
100	100	1/4	1/4	2/4	3	1	V(64)				Eb	I		V(64)	V			64				M	0	0	-2, -3, 1		-2	-2	0	4	0.0	0.0	0.625	0.0
100	100	3/8	3/8	2/4	3	1	V7				Eb	I		V7	V		7					Mm7	0	0	-2, 2, -1, -4		-2	-2	0	4	0.0	0.0	0.375	0.0
101	101	0	0	2/4	3	1	I}{				Eb	I		I	I						}{	M	0	0	-3, 1, -2		-3	-3	0	4	0.0	0.0	0.5	0.0
101	101	1/8	1/8	2/4	3	1	#viio43/V				Eb	I		#viio43/V	#vii	o	43		V			o7	0	0	-3, -6, 3, 0		3	-3	0	7	0.0	0.0	0.75	0.0
101	101	3/8	3/8	2/4	3	1	ii%43				Eb	I		ii%43	ii	%	43					%7	0	0	-7, -3, -1, -4		-1	-7	0	4	0.0	0.0	0.375	0.0
102	102	0	0	2/4	3	1	V				Eb	I		V	V							M	0	0	-2, 2, -1		-2	-2	0	2	0.0	0.0	0.25	0.0
102	102	1/8	1/8	2/4	3	1	vi6				Eb	I		vi6	vi		6					m	0	0	-3, 1, 0		0	-3	0	5	0.0	0.0	0.5	0.0
102	102	1/4	1/4	2/4	3	1	IV				Eb	I		IV	IV							M	0	0	-4, 0, -3		-4	-4	0	6	0.0	0.0	0.75	0.0
102	102	3/8	3/8	2/4	3	1	V				Eb	I		V	V							M	0	0	-2, 2, -1		-2	-2	0	5	0.0	0.0	0.625	0.0
103	103	0	0	2/4	3	1	I}				Eb	I		I	I						}	M	0	0	-3, 1, -2		-3	-3	0	5	0.0	0.0	1.25	0.0
